# Pixel2Mesh-DINO ONNX output
v -0.267535 0.234860 0.235936
v 0.306862 0.218411 0.265472
v -0.431722 -0.313975 0.353056
v 0.203711 -0.219760 -0.038485
v -0.036130 -0.006386 0.389376
v 0.062255 0.692483 0.654503
v 0.123092 -0.412173 -0.477673
v -0.012241 -0.101321 -0.180367
v 0.611306 0.204070 -0.329920
v 0.600878 0.110692 0.463657
v -0.653490 0.174431 -0.367121
v -0.589171 0.205510 0.438276
v -0.520393 0.374010 0.323588
v -0.514085 0.502144 0.581504
v -0.222942 0.505327 0.377389
v 0.298400 0.509478 0.380857
v 0.030204 0.240304 0.269677
v 0.168598 -0.020957 0.105971
v -0.178880 -0.043248 0.083827
v -0.318078 -0.070874 -0.289838
v -0.429257 0.143507 0.030317
v -0.659850 0.155723 0.112561
v 0.548535 0.430227 0.578844
v 0.556091 0.332157 0.339993
v -0.341077 0.084800 0.461973
v -0.015219 0.283281 0.546507
v -0.406238 -0.255437 -0.191284
v -0.473990 -0.107799 0.318115
v 0.040124 -0.108595 -0.534890
v -0.576228 -0.224744 -0.688413
v 0.427149 0.120895 0.070323
v 0.319392 -0.028398 -0.265284
v 0.421971 -0.150106 0.247499
v 0.289698 0.020412 0.441614
v 0.077482 -0.150010 0.246458
v -0.219921 -0.155551 0.304800
v 0.013780 -0.308564 0.289158
v -0.376363 -0.710464 0.546640
v 0.715372 -0.401511 -0.093311
v 0.540836 -0.084820 -0.606314
v 0.575864 -0.105787 -0.271852
v 0.658466 0.133293 0.107605
v -0.386137 0.315061 0.267178
v -0.414176 0.459057 0.352311
v -0.242192 0.373730 0.307491
v -0.574729 0.355288 0.515944
v -0.581012 0.471519 0.448445
v -0.615253 0.340230 0.396040
v -0.158496 0.637950 0.502093
v -0.430996 0.592497 0.493375
v -0.332068 0.637204 0.639940
v -0.069252 0.383524 0.313463
v -0.123587 0.240273 0.258015
v 0.258233 0.632553 0.506391
v 0.038542 0.524038 0.392371
v 0.179048 0.231928 0.271950
v 0.137564 0.379800 0.316636
v 0.301332 0.357698 0.317721
v -0.071416 0.089846 0.200571
v -0.220859 0.082184 0.170284
v 0.244157 0.088250 0.202985
v 0.106718 0.089704 0.213060
v -0.114214 -0.087073 -0.043601
v -0.009892 -0.037569 0.095189
v 0.078415 -0.074189 -0.039013
v -0.317200 0.014893 0.060519
v -0.358543 0.155272 0.163568
v -0.169321 -0.104203 -0.232497
v -0.256304 -0.091163 -0.086851
v -0.533547 0.210480 -0.170294
v -0.386181 0.019759 -0.144802
v -0.448140 0.063913 -0.371360
v -0.476370 0.255146 0.202268
v -0.691208 0.197010 -0.140614
v -0.586325 0.239241 0.034233
v -0.605585 0.273021 0.253814
v -0.625976 0.155608 0.314055
v 0.474084 0.441299 0.366442
v 0.422543 0.294170 0.286629
v 0.386551 0.583790 0.626512
v 0.538186 0.567730 0.501517
v 0.644710 0.272721 0.425496
v 0.634143 0.421336 0.468620
v 0.585556 0.265236 0.527099
v -0.255175 0.395818 0.593567
v 0.002245 0.477112 0.621997
v -0.489382 0.137060 0.475137
v -0.425840 0.271338 0.537313
v -0.029376 0.123411 0.468028
v -0.205084 0.186851 0.509865
v -0.186102 0.043333 0.426202
v -0.581534 -0.015275 0.238085
v -0.538174 0.028940 0.379401
v -0.667962 -0.029032 -0.335732
v -0.609278 -0.038839 -0.047572
v -0.429957 -0.209245 0.287152
v -0.482919 -0.184308 0.142746
v -0.481899 -0.336633 0.192227
v -0.385481 -0.066908 -0.512241
v -0.618844 -0.017881 -0.556006
v 0.006791 -0.104060 -0.352366
v -0.175878 -0.096752 -0.420819
v -0.224764 -0.340438 -0.542138
v -0.209421 -0.158192 -0.630934
v 0.053007 -0.221315 -0.663078
v 0.242096 -0.052199 -0.068021
v 0.165487 -0.084988 -0.224236
v 0.372305 0.137215 0.199527
v 0.311770 0.032559 0.100702
v 0.458461 0.099001 -0.315930
v 0.383291 0.037074 -0.098038
v 0.523443 0.198763 -0.127045
v 0.319394 -0.176416 0.095017
v 0.249217 -0.164681 0.249862
v 0.124772 -0.188564 0.127037
v 0.468752 0.050320 0.472675
v 0.369663 -0.093896 0.375215
v 0.522604 -0.055516 0.376030
v 0.036605 -0.096796 0.325343
v 0.193038 -0.100991 0.347614
v 0.119031 0.009694 0.410225
v -0.024569 -0.213437 0.171403
v 0.086525 -0.309463 0.056315
v -0.131855 -0.085171 0.338910
v -0.080472 -0.150290 0.265634
v -0.225438 -0.283097 0.390880
v -0.186161 -0.232216 0.254267
v -0.317410 -0.221938 0.305825
v 0.541820 -0.254440 0.456384
v 0.306847 -0.356843 -0.139612
v -0.614797 -0.360894 0.655527
v 0.258754 -0.153909 0.772753
v 0.486396 -0.723457 -0.500542
v 0.616026 -0.808349 0.535406
v 0.015236 -0.530923 -0.100538
v 0.502607 -0.276520 -0.353951
v 0.379711 -0.197751 -0.168204
v 0.400156 -0.290149 -0.645179
v 0.647208 -0.367403 -0.606288
v 0.685614 0.087572 -0.345790
v 0.651368 -0.059743 -0.497258
v 0.578320 0.076992 -0.483634
v 0.495818 -0.147587 0.013939
v 0.677348 0.221099 -0.142416
v 0.657526 0.026251 -0.085836
v 0.569564 -0.056415 0.207998
v 0.626081 0.082128 0.325554
v 0.161892 0.158689 0.490578
v 0.407466 0.212411 0.518834
v 0.249521 0.360300 0.576079
v -0.355559 -0.143243 0.331052
v -0.273612 -0.054025 0.381941
v -0.424705 -0.019731 0.403007
v -0.525475 -0.741338 -0.544664
v -0.690456 -0.610950 -0.089936
v -0.701081 -0.347230 -0.522326
v 0.407372 -0.009951 -0.457622
v 0.277429 -0.129698 -0.599674
v 0.209101 -0.073446 -0.415140
v 0.617327 0.223570 0.260540
v 0.583758 0.217182 0.051135
v 0.481138 0.222274 0.215613
v -0.320418 0.271475 0.252159
v -0.315501 0.344843 0.284857
v -0.250703 0.301307 0.271639
v -0.468337 0.418538 0.335281
v -0.391960 0.385756 0.304720
v -0.448411 0.345563 0.288430
v -0.231054 0.438649 0.338851
v -0.319839 0.415113 0.322913
v -0.325820 0.481521 0.363118
v -0.577938 0.278766 0.476871
v -0.603857 0.353399 0.457041
v -0.607715 0.276453 0.421142
v -0.571489 0.500287 0.521216
v -0.596710 0.425784 0.489475
v -0.548520 0.428095 0.546949
v -0.573944 0.366230 0.356481
v -0.598622 0.405633 0.419746
v -0.548799 0.423571 0.378374
v -0.068284 0.699754 0.586608
v -0.279123 0.682834 0.582559
v -0.156668 0.674698 0.650003
v -0.319292 0.547026 0.425820
v -0.311799 0.615488 0.495183
v -0.194891 0.564869 0.430823
v -0.436368 0.567653 0.608061
v -0.420209 0.643060 0.575188
v -0.506540 0.578011 0.553120
v -0.498806 0.472956 0.392834
v -0.516517 0.535006 0.472125
v -0.421256 0.521351 0.415776
v -0.176672 0.306628 0.282103
v -0.196409 0.235957 0.247001
v -0.136162 0.446175 0.340521
v -0.155504 0.377147 0.310150
v -0.046498 0.240197 0.263996
v -0.094498 0.309929 0.286203
v -0.016516 0.313227 0.293366
v 0.182281 0.691108 0.592511
v 0.048282 0.638801 0.506853
v 0.170541 0.517233 0.386095
v 0.129207 0.578035 0.437521
v 0.285131 0.566506 0.430799
v -0.041508 0.575976 0.435340
v -0.092636 0.512377 0.384429
v 0.243094 0.225308 0.269092
v 0.238481 0.294374 0.294226
v 0.302018 0.284276 0.292822
v 0.081142 0.307009 0.293445
v 0.158209 0.303898 0.294496
v 0.104491 0.234892 0.269970
v 0.297424 0.434168 0.346496
v 0.221220 0.368839 0.316327
v 0.210228 0.441765 0.344026
v -0.020802 0.453412 0.350389
v 0.094660 0.454278 0.351797
v 0.030608 0.380803 0.316240
v -0.171641 0.156514 0.215790
v -0.241557 0.161008 0.202146
v -0.019858 0.161687 0.235641
v -0.094876 0.162399 0.229892
v -0.199204 0.012300 0.131628
v -0.148094 0.082052 0.186695
v -0.127182 0.016686 0.148264
v 0.275432 0.153410 0.234283
v 0.209814 0.153301 0.238522
v 0.134706 0.027179 0.166098
v 0.176636 0.085240 0.208750
v 0.206158 0.028014 0.159192
v 0.143170 0.157711 0.242876
v 0.068754 0.160924 0.241667
v -0.064683 -0.091768 -0.112621
v -0.021742 -0.083761 -0.038651
v 0.032735 -0.087524 -0.110990
v -0.095610 -0.042118 0.090979
v -0.064764 -0.070143 0.029984
v -0.151138 -0.074409 0.026999
v 0.122592 -0.050949 0.037133
v 0.029790 -0.060759 0.032448
v 0.077785 -0.029828 0.100408
v 0.016726 0.089129 0.207035
v 0.047154 0.021174 0.159525
v -0.043059 0.017357 0.154368
v -0.291001 0.114919 0.169313
v -0.311241 0.190340 0.201203
v -0.251845 -0.026988 0.081832
v -0.269861 0.036391 0.125465
v -0.388604 0.133701 0.106868
v -0.334359 0.082444 0.115100
v -0.367452 0.073843 0.043973
v -0.093737 -0.104989 -0.200920
v -0.142649 -0.102762 -0.127687
v -0.284180 -0.083662 -0.186241
v -0.216320 -0.101559 -0.152919
v -0.247177 -0.095647 -0.251770
v -0.187282 -0.098755 -0.055301
v -0.220244 -0.080493 0.009885
v -0.599145 0.219563 -0.275535
v -0.486856 0.144530 -0.271212
v -0.553868 0.150573 -0.382683
v -0.403090 0.082038 -0.057956
v -0.445595 0.115492 -0.167070
v -0.468824 0.170476 -0.069025
v -0.372273 -0.015037 -0.326898
v -0.409614 0.042778 -0.256210
v -0.351644 -0.032883 -0.212102
v -0.289011 -0.049267 -0.005588
v -0.320672 -0.051422 -0.108223
v -0.346693 0.003252 -0.034236
v -0.365827 0.232433 0.217672
v -0.449279 0.196100 0.121596
v -0.413352 0.204493 0.178699
v -0.428112 0.276804 0.237712
v -0.490184 0.308497 0.261872
v -0.677445 0.195892 -0.258272
v -0.629966 0.241477 -0.170919
v -0.640983 0.224397 0.063138
v -0.645288 0.239423 -0.055519
v -0.675706 0.179407 -0.014271
v -0.560573 0.233182 -0.068473
v -0.501067 0.202879 0.023423
v -0.617752 0.248142 0.356738
v -0.606218 0.176445 0.377881
v -0.557530 0.317798 0.293668
v -0.604011 0.300527 0.327682
v -0.634225 0.143052 0.220492
v -0.624794 0.225229 0.283730
v -0.634258 0.218335 0.188699
v -0.520422 0.236762 0.126993
v -0.591812 0.247456 0.150046
v -0.540291 0.276901 0.221264
v 0.366793 0.327673 0.301842
v 0.362548 0.254334 0.277314
v 0.395292 0.480145 0.372657
v 0.381722 0.406962 0.336533
v 0.484772 0.322812 0.304665
v 0.442314 0.372041 0.323875
v 0.516596 0.390304 0.354230
v 0.235836 0.638751 0.642625
v 0.374821 0.652397 0.585957
v 0.580347 0.525701 0.556171
v 0.511875 0.606634 0.577630
v 0.482891 0.507007 0.598356
v 0.422466 0.607476 0.499855
v 0.412617 0.537907 0.427346
v 0.626907 0.192156 0.451100
v 0.625775 0.274005 0.485237
v 0.590837 0.185930 0.497123
v 0.596913 0.378934 0.398579
v 0.637126 0.346868 0.448072
v 0.613243 0.313237 0.376287
v 0.568425 0.348175 0.550868
v 0.625736 0.354030 0.507833
v 0.616667 0.440447 0.531110
v 0.502552 0.504637 0.422211
v 0.596240 0.497265 0.483041
v 0.564011 0.441256 0.408121
v -0.157542 0.547356 0.631911
v 0.033302 0.582738 0.649488
v -0.385931 0.449355 0.593387
v -0.291872 0.505901 0.615950
v -0.008498 0.367855 0.576965
v -0.141046 0.435562 0.603527
v -0.126317 0.332932 0.564686
v -0.539790 0.170215 0.460703
v -0.527805 0.240447 0.497318
v -0.377879 0.172586 0.496933
v -0.459576 0.204784 0.505100
v -0.414428 0.108176 0.467592
v -0.504782 0.313207 0.530579
v -0.465523 0.378919 0.559307
v -0.032577 0.060200 0.427017
v -0.108140 0.087181 0.444559
v -0.110415 0.021450 0.404680
v -0.112980 0.236149 0.526568
v -0.114188 0.155908 0.486237
v -0.022800 0.202508 0.504843
v -0.262505 0.063531 0.441337
v -0.194571 0.115530 0.466159
v -0.274801 0.137455 0.484609
v -0.345371 0.333449 0.563874
v -0.311737 0.223171 0.521198
v -0.223029 0.281913 0.547343
v -0.581794 0.088264 0.351395
v -0.563081 0.115307 0.409114
v -0.621362 0.066946 0.175655
v -0.604602 0.069960 0.277659
v -0.502926 -0.042481 0.347339
v -0.556961 0.000940 0.317661
v -0.524904 -0.069714 0.287408
v -0.684063 0.098343 -0.360156
v -0.686682 0.099729 -0.240071
v -0.500391 -0.136620 -0.126534
v -0.623357 -0.027962 -0.193783
v -0.529030 -0.142336 -0.265227
v -0.670403 0.090199 -0.103735
v -0.647825 0.069178 0.029951
v -0.427556 -0.261689 0.312339
v -0.450845 -0.269179 0.247501
v -0.483062 -0.331111 0.305069
v -0.489432 -0.152326 0.241832
v -0.460505 -0.202378 0.229442
v -0.447314 -0.156162 0.298268
v -0.408074 -0.307189 -0.021460
v -0.440860 -0.250102 0.143936
v -0.423060 -0.212444 -0.016242
v -0.591762 -0.032992 0.102430
v -0.523646 -0.120812 0.047414
v -0.538148 -0.104451 0.188728
v -0.528247 0.063618 -0.473192
v -0.633450 0.091780 -0.461439
v -0.336595 -0.065269 -0.400290
v -0.415924 -0.008395 -0.440457
v -0.599839 -0.119621 -0.625648
v -0.498150 -0.028257 -0.549889
v -0.465459 -0.109876 -0.613761
v -0.008042 -0.108181 -0.257535
v -0.089656 -0.103849 -0.289994
v -0.068137 -0.100769 -0.478752
v -0.082080 -0.101444 -0.384183
v 0.025082 -0.102223 -0.444554
v -0.176366 -0.104687 -0.320722
v -0.253841 -0.086905 -0.349959
v -0.046640 -0.362319 -0.476352
v -0.086251 -0.284983 -0.632951
v 0.085165 -0.306034 -0.594200
v -0.383805 -0.185302 -0.659809
v -0.250345 -0.250821 -0.661929
v -0.430455 -0.325178 -0.669071
v 0.049054 -0.147214 -0.617862
v -0.085181 -0.190803 -0.652499
v -0.071842 -0.128392 -0.580916
v -0.275471 -0.087870 -0.458964
v -0.178620 -0.112141 -0.529599
v -0.306738 -0.113356 -0.565155
v 0.120654 -0.082931 -0.125434
v 0.071953 -0.096518 -0.197368
v 0.205334 -0.041621 0.024898
v 0.164402 -0.065779 -0.050905
v 0.245497 -0.060813 -0.241041
v 0.204876 -0.069700 -0.142733
v 0.278506 -0.042786 -0.162479
v 0.339774 0.173570 0.237132
v 0.305956 0.110478 0.206646
v 0.366818 0.069973 0.092611
v 0.338831 0.079165 0.156801
v 0.395500 0.111877 0.144568
v 0.276490 0.053419 0.162229
v 0.244908 0.003281 0.108607
v 0.534228 0.164225 -0.336073
v 0.487199 0.150770 -0.222897
v 0.573991 0.218030 -0.241796
v 0.351724 0.003155 -0.177481
v 0.414473 0.065468 -0.205477
v 0.385014 0.026890 -0.285598
v 0.468089 0.157730 -0.026207
v 0.443406 0.113633 -0.114450
v 0.401353 0.077496 -0.010816
v 0.278369 -0.015077 0.024203
v 0.346132 0.020886 0.013160
v 0.311944 -0.015451 -0.073859
v 0.253377 -0.188026 0.017898
v 0.220595 -0.181453 0.110463
v 0.162671 -0.203202 0.045945
v 0.336052 -0.160954 0.252914
v 0.283992 -0.176298 0.178866
v 0.370571 -0.168045 0.173549
v 0.101393 -0.169607 0.190179
v 0.183877 -0.172584 0.184325
v 0.160568 -0.155407 0.245964
v 0.543495 0.075487 0.474638
v 0.497661 -0.008049 0.433443
v 0.564770 0.022140 0.422646
v 0.331892 -0.040396 0.413395
v 0.412656 -0.026052 0.426673
v 0.373501 0.034585 0.455936
v 0.469092 -0.108028 0.314766
v 0.445914 -0.077619 0.380014
v 0.396607 -0.126821 0.319611
v 0.002170 -0.052915 0.357791
v 0.077472 -0.045465 0.369674
v 0.040564 0.005827 0.397018
v 0.135788 -0.126605 0.298841
v 0.110284 -0.095671 0.332258
v 0.058572 -0.126125 0.288209
v 0.200715 0.015898 0.421871
v 0.158117 -0.048171 0.379622
v 0.241196 -0.043937 0.397420
v 0.310547 -0.133194 0.316079
v 0.280396 -0.098330 0.361444
v 0.221728 -0.134940 0.303901
v 0.088956 -0.232223 0.079157
v 0.133859 -0.257440 -0.000035
v 0.017084 -0.171139 0.199112
v 0.042594 -0.197429 0.143477
v 0.052304 -0.323412 0.171242
v 0.023685 -0.259645 0.116044
v -0.049331 -0.271957 0.192859
v -0.084989 -0.044338 0.362462
v -0.051003 -0.087182 0.329260
v -0.149103 -0.153071 0.284092
v -0.104213 -0.119761 0.304649
v -0.176164 -0.120053 0.319874
v -0.023540 -0.121919 0.294304
v -0.006014 -0.144459 0.251539
v -0.349563 -0.308379 0.382880
v -0.292511 -0.267490 0.321972
v -0.371491 -0.267097 0.325394
v -0.119480 -0.273988 0.250737
v -0.212700 -0.272853 0.298011
v -0.075887 -0.278072 0.350119
v -0.266818 -0.187139 0.300137
v -0.250742 -0.228989 0.282147
v -0.203566 -0.190628 0.276729
v -0.055607 -0.177761 0.219039
v -0.137377 -0.183854 0.250461
v -0.104562 -0.223105 0.211474
v 0.193075 -0.349398 -0.042131
v 0.224900 -0.276089 -0.112385
v 0.272714 -0.263128 0.363942
v 0.246358 -0.358657 0.180228
v 0.499421 -0.378883 -0.091840
v 0.394460 -0.378408 0.122253
v 0.670534 -0.310745 0.264814
v -0.484445 -0.350056 0.462416
v -0.313686 -0.219568 0.570769
v -0.033253 -0.538862 0.675154
v -0.190789 -0.199732 0.749144
v -0.597611 -0.712105 0.686321
v -0.002697 -0.114824 0.617343
v 0.176443 -0.139292 0.548003
v 0.254388 -0.526512 -0.427887
v 0.234673 -0.584058 -0.205032
v 0.055878 -0.452130 -0.298768
v 0.756487 -0.539460 0.236599
v 0.530908 -0.694235 0.070078
v 0.720056 -0.734751 -0.440880
v -0.149689 -0.623331 0.220080
v 0.268173 -0.646637 0.206690
v 0.127713 -0.696569 0.542133
v 0.455424 -0.141642 0.648118
v 0.434171 -0.555642 0.614740
v 0.663951 -0.391556 0.542754
v 0.314624 -0.257714 -0.181732
v 0.287167 -0.207720 -0.103592
v 0.560577 -0.370966 -0.287180
v 0.402947 -0.316604 -0.237775
v 0.473845 -0.160500 -0.218114
v 0.411470 -0.233623 -0.278403
v 0.517791 -0.173862 -0.337840
v 0.249922 -0.371975 -0.563374
v 0.452954 -0.513235 -0.600922
v 0.596824 -0.198920 -0.617413
v 0.560977 -0.352068 -0.654039
v 0.487597 -0.186295 -0.639220
v 0.664119 -0.625384 -0.655824
v 0.658728 -0.479615 -0.444496
v 0.659540 0.162386 -0.350326
v 0.644386 0.101336 -0.431591
v 0.590950 0.143742 -0.409337
v 0.610674 -0.073929 -0.381815
v 0.660972 0.022207 -0.424566
v 0.647762 -0.006802 -0.308976
v 0.559378 0.003290 -0.544266
v 0.631494 0.026156 -0.504946
v 0.618688 -0.066780 -0.562094
v 0.590798 -0.309790 -0.459366
v 0.635154 -0.186289 -0.548997
v 0.583929 -0.165776 -0.427033
v 0.344726 -0.184024 -0.039178
v 0.529837 -0.126088 -0.136262
v 0.436656 -0.166950 -0.084946
v 0.404933 -0.168110 0.061152
v 0.452438 -0.162152 0.143363
v 0.651634 0.225965 -0.248426
v 0.687096 0.161503 -0.249966
v 0.660221 0.080602 0.012359
v 0.686145 0.133229 -0.120783
v 0.672010 0.183052 -0.019661
v 0.678784 0.067074 -0.223314
v 0.620763 -0.037223 -0.183736
v 0.578249 0.005770 0.356215
v 0.615973 0.091598 0.399730
v 0.493983 -0.114883 0.237754
v 0.540870 -0.065577 0.302000
v 0.633550 0.095354 0.225175
v 0.595808 0.007053 0.272254
v 0.623343 0.034950 0.157825
v 0.575808 -0.076293 -0.030341
v 0.608722 -0.022925 0.063960
v 0.532302 -0.108659 0.116510
v 0.046004 0.069515 0.435700
v 0.225106 0.091131 0.462162
v 0.137083 0.083927 0.449577
v 0.061187 0.143262 0.475494
v 0.076344 0.223317 0.513294
v 0.529716 0.150168 0.499698
v 0.476532 0.308605 0.548993
v 0.507039 0.234750 0.526671
v 0.437968 0.131728 0.493490
v 0.339252 0.113941 0.476484
v 0.185100 0.522608 0.625890
v 0.103856 0.318487 0.553991
v 0.134356 0.411621 0.593022
v 0.313907 0.455985 0.601117
v 0.403435 0.392436 0.579028
v 0.277292 0.182557 0.501287
v 0.336701 0.286252 0.544562
v 0.198120 0.254687 0.528757
v -0.375275 -0.217920 0.298789
v -0.287984 -0.149677 0.316361
v -0.332156 -0.179103 0.314222
v -0.391715 -0.174751 0.306611
v -0.412876 -0.128243 0.326671
v -0.156742 -0.022007 0.381909
v -0.304859 0.013720 0.420016
v -0.230047 -0.004698 0.401942
v -0.201579 -0.069103 0.358799
v -0.243708 -0.105590 0.343330
v -0.511845 0.080226 0.428272
v -0.448723 -0.066677 0.362145
v -0.479229 0.000107 0.394461
v -0.452846 0.054809 0.437583
v -0.384261 0.032511 0.430156
v -0.315536 -0.099042 0.354646
v -0.349041 -0.038689 0.390833
v -0.388080 -0.082995 0.365140
v -0.129294 -0.393654 -0.303168
v -0.421933 -0.610060 0.064917
v -0.238309 -0.493111 -0.191211
v -0.333063 -0.485345 -0.500682
v -0.624653 -0.520757 -0.690575
v -0.583664 -0.398669 0.396314
v -0.487478 -0.431528 -0.203997
v -0.578019 -0.458042 0.075767
v -0.731865 -0.581302 0.407753
v -0.671073 -0.811521 0.352532
v -0.669158 -0.016278 -0.457520
v -0.687741 -0.285283 -0.633840
v -0.681768 -0.146379 -0.555568
v -0.642970 -0.154775 -0.422835
v -0.498544 -0.297513 -0.330693
v -0.670212 -0.747626 -0.357934
v -0.615964 -0.512871 -0.351052
v -0.704374 -0.624445 -0.612975
v 0.509503 0.101145 -0.408427
v 0.468036 -0.030450 -0.545982
v 0.490870 0.040742 -0.478278
v 0.430703 0.045493 -0.383142
v 0.359477 -0.015903 -0.364136
v 0.208914 -0.256205 -0.643065
v 0.155424 -0.116700 -0.568408
v 0.175715 -0.169986 -0.635552
v 0.334978 -0.188839 -0.638100
v 0.409889 -0.105748 -0.604822
v 0.088753 -0.093090 -0.287473
v 0.267461 -0.052290 -0.336404
v 0.187231 -0.079922 -0.317528
v 0.109516 -0.089709 -0.383954
v 0.129269 -0.092296 -0.475943
v 0.350646 -0.069470 -0.528476
v 0.240652 -0.090297 -0.513387
v 0.307881 -0.047846 -0.434805
v 0.633556 0.175264 0.379475
v 0.634801 0.179031 0.192460
v 0.633059 0.165901 0.291649
v 0.627685 0.241846 0.345328
v 0.581730 0.270194 0.303774
v 0.608720 0.236481 -0.154207
v 0.498125 0.178322 0.050347
v 0.552499 0.215281 -0.040544
v 0.633949 0.231419 -0.048686
v 0.638800 0.200753 0.063962
v 0.390863 0.214881 0.243994
v 0.510023 0.278805 0.273921
v 0.446829 0.254918 0.254472
v 0.421167 0.181467 0.203322
v 0.448612 0.164336 0.146423
v 0.596108 0.211678 0.157652
v 0.523997 0.200954 0.140861
v 0.550393 0.237796 0.225493
v -0.294006 0.253003 0.243987
v -0.285601 0.286318 0.261873
v -0.259130 0.268038 0.253771
v -0.350746 0.330003 0.276033
v -0.317730 0.308520 0.268635
v -0.353115 0.293235 0.259647
v -0.246355 0.337646 0.289610
v -0.283055 0.323100 0.278256
v -0.278885 0.359211 0.296147
v -0.493684 0.395902 0.329271
v -0.457305 0.380572 0.311285
v -0.483488 0.358919 0.305640
v -0.402273 0.420643 0.327856
v -0.429238 0.400536 0.319386
v -0.441341 0.438805 0.343789
v -0.416894 0.329613 0.277522
v -0.420188 0.365702 0.296590
v -0.388638 0.350253 0.285871
v -0.226616 0.471398 0.357933
v -0.277649 0.458771 0.350507
v -0.274646 0.493083 0.370118
v -0.280818 0.394120 0.315089
v -0.275631 0.426653 0.330786
v -0.236464 0.406056 0.323114
v -0.370441 0.470129 0.357634
v -0.322299 0.446882 0.342517
v -0.366109 0.435333 0.336961
v -0.353415 0.364863 0.294608
v -0.356075 0.399997 0.313655
v -0.317411 0.379723 0.303786
v -0.582948 0.241722 0.457253
v -0.594890 0.279045 0.450163
v -0.599041 0.241184 0.429923
v -0.592044 0.356155 0.488131
v -0.592784 0.317332 0.468025
v -0.575825 0.316461 0.495776
v -0.613377 0.309633 0.409701
v -0.605734 0.315020 0.439048
v -0.610790 0.347637 0.427201
v -0.550003 0.507980 0.556171
v -0.565388 0.468717 0.537731
v -0.530683 0.464338 0.563779
v -0.593311 0.452349 0.471725
v -0.583255 0.462323 0.504865
v -0.579905 0.489088 0.487276
v -0.561332 0.391566 0.531286
v -0.577093 0.430635 0.521179
v -0.588907 0.393017 0.504798
v -0.549722 0.372752 0.340916
v -0.560661 0.394736 0.367242
v -0.533159 0.397896 0.350521
v -0.606769 0.373176 0.407962
v -0.587259 0.387331 0.388775
v -0.598137 0.356988 0.378030
v -0.565830 0.447878 0.413284
v -0.577443 0.417963 0.400637
v -0.589539 0.438050 0.433820
v -0.599653 0.389093 0.472826
v -0.599694 0.416658 0.455558
v -0.604458 0.381847 0.440377
v -0.003787 0.709620 0.629566
v -0.117837 0.708829 0.631168
v -0.046449 0.685824 0.653922
v -0.225301 0.670857 0.544788
v -0.175588 0.694203 0.585734
v -0.118679 0.679847 0.548234
v -0.249020 0.660938 0.649666
v -0.228540 0.697698 0.629400
v -0.318702 0.680463 0.624296
v -0.269635 0.524034 0.400894
v -0.257409 0.555237 0.428063
v -0.208694 0.532943 0.403389
v -0.373446 0.605205 0.494544
v -0.314234 0.578890 0.459855
v -0.377648 0.571326 0.459344
v -0.177480 0.598938 0.465592
v -0.253951 0.588453 0.462283
v -0.236808 0.628473 0.498882
v -0.475862 0.534945 0.595071
v -0.481396 0.583436 0.588052
v -0.518261 0.548422 0.573293
v -0.388531 0.654063 0.617103
v -0.439970 0.619341 0.601672
v -0.386443 0.603949 0.625470
v -0.477930 0.594732 0.528410
v -0.465529 0.612542 0.565693
v -0.431413 0.621979 0.536531
v -0.303663 0.656987 0.541413
v -0.375756 0.640269 0.539158
v -0.353741 0.666400 0.580815
v -0.510171 0.422665 0.357392
v -0.544095 0.475909 0.422093
v -0.523619 0.448051 0.385436
v -0.482585 0.444526 0.363644
v -0.457408 0.467221 0.372993
v -0.539479 0.538848 0.537291
v -0.476057 0.565398 0.483979
v -0.515994 0.559868 0.515232
v -0.550482 0.523610 0.500895
v -0.549595 0.503772 0.460912
v -0.321840 0.512714 0.394015
v -0.417134 0.488961 0.383641
v -0.372819 0.499908 0.388963
v -0.371408 0.535497 0.421161
v -0.426247 0.557144 0.454455
v -0.508494 0.504892 0.432494
v -0.473373 0.532531 0.445190
v -0.461098 0.498746 0.404930
v -0.223550 0.268689 0.259342
v -0.231968 0.235431 0.241477
v -0.209361 0.340279 0.294833
v -0.213716 0.303893 0.276844
v -0.160046 0.237901 0.252429
v -0.186556 0.271278 0.264547
v -0.150198 0.273301 0.270004
v -0.179134 0.474860 0.358649
v -0.183619 0.442307 0.339647
v -0.112470 0.380022 0.311690
v -0.145762 0.411710 0.325352
v -0.102607 0.415157 0.327105
v -0.193209 0.407932 0.324512
v -0.198866 0.375432 0.308820
v -0.008137 0.240274 0.266845
v -0.031517 0.276694 0.278674
v 0.006774 0.276664 0.281486
v -0.108964 0.275362 0.272205
v -0.070537 0.275057 0.275098
v -0.084999 0.240367 0.261054
v -0.043020 0.348043 0.303293
v -0.055577 0.311424 0.289729
v -0.082102 0.346112 0.299608
v -0.166023 0.341977 0.296158
v -0.125126 0.343153 0.298035
v -0.135611 0.308213 0.284129
v 0.123253 0.697892 0.628386
v 0.056713 0.692721 0.588232
v 0.153377 0.639025 0.508242
v 0.115917 0.669704 0.551349
v 0.223872 0.668515 0.552776
v -0.009052 0.672019 0.547618
v -0.055051 0.637137 0.504150
v 0.234607 0.513898 0.383668
v 0.226581 0.540689 0.408082
v 0.291940 0.538398 0.406026
v 0.083209 0.549075 0.414230
v 0.149559 0.546374 0.411347
v 0.104595 0.520428 0.389165
v 0.272354 0.600007 0.468751
v 0.207198 0.572808 0.434428
v 0.193095 0.607061 0.472958
v -0.142989 0.536276 0.406810
v -0.157592 0.508376 0.380766
v -0.099435 0.603456 0.467645
v -0.118561 0.569483 0.432751
v -0.027009 0.517955 0.388322
v -0.066998 0.542008 0.409164
v -0.001384 0.547762 0.413062
v 0.088327 0.606689 0.471437
v 0.043431 0.575211 0.435782
v 0.002303 0.604932 0.470157
v 0.275184 0.222333 0.267455
v 0.272523 0.254673 0.280913
v 0.304525 0.251573 0.279231
v 0.208789 0.263189 0.283102
v 0.240778 0.259884 0.281677
v 0.211023 0.228480 0.270471
v 0.301426 0.320598 0.305136
v 0.270170 0.288990 0.293398
v 0.269510 0.325179 0.305665
v 0.055735 0.273826 0.281624
v 0.092780 0.270839 0.281666
v 0.067309 0.237520 0.269796
v 0.147797 0.341646 0.305493
v 0.119579 0.305197 0.293876
v 0.109150 0.342987 0.304893
v 0.141674 0.233121 0.270854
v 0.131201 0.269004 0.282091
v 0.168552 0.267711 0.283149
v 0.296908 0.469917 0.362997
v 0.253783 0.437766 0.345184
v 0.252889 0.472989 0.361505
v 0.261265 0.363215 0.317004
v 0.258935 0.400777 0.331153
v 0.299292 0.395904 0.332103
v 0.173827 0.410654 0.330286
v 0.215752 0.405497 0.330252
v 0.179441 0.374419 0.316518
v 0.198456 0.299369 0.294445
v 0.189682 0.336339 0.305403
v 0.229712 0.331312 0.305171
v -0.114232 0.478865 0.362354
v 0.008820 0.488552 0.371321
v -0.056574 0.482364 0.367243
v -0.078440 0.449802 0.345456
v -0.044771 0.419176 0.332185
v 0.190241 0.479042 0.364904
v 0.116294 0.417500 0.334385
v 0.152368 0.447805 0.347832
v 0.132017 0.484022 0.368319
v 0.066539 0.488895 0.371990
v 0.032364 0.310244 0.293451
v -0.019334 0.382127 0.314838
v 0.006908 0.346628 0.304662
v 0.055781 0.343658 0.304751
v 0.084041 0.380137 0.316377
v 0.037002 0.454021 0.351158
v 0.062755 0.417884 0.334145
v 0.005059 0.417582 0.333489
v -0.218931 0.198622 0.224624
v -0.254514 0.198114 0.219108
v -0.147578 0.198457 0.236925
v -0.184203 0.195867 0.231261
v -0.231252 0.121490 0.186176
v -0.206544 0.158819 0.208988
v -0.196224 0.119447 0.193073
v 0.005104 0.200801 0.252588
v -0.033199 0.200857 0.249786
v -0.083156 0.125959 0.215169
v -0.057298 0.162206 0.232826
v -0.045617 0.125737 0.218093
v -0.070699 0.201310 0.246949
v -0.109224 0.201376 0.243968
v -0.189014 -0.015433 0.107742
v -0.163182 0.014581 0.139980
v -0.152946 -0.013017 0.116143
v -0.184444 0.082132 0.178494
v -0.173685 0.047195 0.159171
v -0.210021 0.047107 0.150904
v -0.099285 0.053409 0.174472
v -0.137475 0.049757 0.167622
v -0.109806 0.085884 0.193610
v -0.133370 0.159159 0.222732
v -0.121398 0.122414 0.208362
v -0.159890 0.119119 0.201181
v 0.291284 0.186255 0.250003
v 0.259208 0.189269 0.251655
v 0.227142 0.121181 0.220903
v 0.242680 0.153497 0.236454
v 0.259843 0.121011 0.218702
v 0.226350 0.189023 0.253704
v 0.194326 0.192324 0.255130
v 0.151582 0.002992 0.135992
v 0.170396 0.027549 0.162628
v 0.187297 0.003324 0.132506
v 0.141643 0.087443 0.210896
v 0.155699 0.056370 0.187485
v 0.120803 0.058733 0.189687
v 0.225084 0.058006 0.181044
v 0.191345 0.056519 0.183932
v 0.210304 0.086549 0.205797
v 0.086624 0.197873 0.255805
v 0.049477 0.200541 0.255644
v 0.160994 0.194411 0.257262
v 0.123818 0.196193 0.256383
v 0.087817 0.125473 0.227421
v 0.105911 0.159186 0.242223
v 0.124948 0.123708 0.227969
v 0.193236 0.119280 0.223639
v 0.159934 0.121561 0.225845
v 0.176432 0.155288 0.240618
v -0.038348 -0.096003 -0.146290
v -0.015972 -0.089457 -0.111733
v 0.010439 -0.093831 -0.145459
v -0.067982 -0.085403 -0.041120
v -0.043367 -0.088105 -0.075760
v -0.089466 -0.089287 -0.078059
v 0.055493 -0.081040 -0.075069
v 0.005434 -0.085790 -0.074875
v 0.028403 -0.078841 -0.038784
v -0.137271 -0.042653 0.087416
v -0.123339 -0.058215 0.059006
v -0.164947 -0.058783 0.055428
v -0.037393 -0.054052 0.062514
v -0.080113 -0.056077 0.060498
v -0.052727 -0.039780 0.093107
v -0.132679 -0.080851 -0.008343
v -0.107895 -0.072042 0.028579
v -0.089572 -0.078824 -0.006887
v 0.145584 -0.035895 0.071574
v 0.100125 -0.040537 0.068716
v 0.123171 -0.025410 0.103184
v 0.054205 -0.067232 -0.003195
v 0.076215 -0.055761 0.034826
v 0.100480 -0.062663 -0.000976
v 0.033866 -0.033899 0.097725
v 0.053702 -0.045500 0.066353
v 0.009880 -0.049416 0.063724
v -0.043262 -0.077025 -0.004361
v -0.017520 -0.065554 0.031178
v 0.004042 -0.072197 -0.003078
v 0.024412 0.161237 0.238629
v 0.061723 0.089487 0.210075
v 0.042714 0.124965 0.224328
v -0.001515 0.125420 0.221341
v -0.027358 0.089397 0.203769
v 0.106276 -0.001223 0.133291
v 0.018628 -0.008263 0.127332
v 0.062491 -0.004268 0.129988
v 0.090947 0.024270 0.162847
v 0.077047 0.055844 0.186443
v -0.111354 -0.012674 0.119636
v -0.057147 0.053857 0.177563
v -0.085074 0.017154 0.151365
v -0.069357 -0.012444 0.122650
v -0.026442 -0.010095 0.124780
v 0.032045 0.055468 0.183397
v 0.002055 0.019288 0.156954
v -0.013053 0.053644 0.180850
v -0.276412 0.175597 0.201646
v -0.289351 0.212665 0.218593
v -0.255949 0.098405 0.169744
v -0.266273 0.137965 0.185730
v -0.334761 0.173037 0.182469
v -0.301151 0.152710 0.185291
v -0.324765 0.135097 0.166441
v -0.215366 -0.035267 0.082772
v -0.225412 -0.007251 0.106760
v -0.293457 0.025740 0.093026
v -0.260842 0.004549 0.103589
v -0.284509 -0.006223 0.071108
v -0.234621 0.023874 0.128370
v -0.245440 0.058922 0.147737
v -0.408681 0.136478 0.067765
v -0.378075 0.103630 0.075368
v -0.398160 0.106907 0.036456
v -0.346455 0.118835 0.139326
v -0.361470 0.107933 0.110929
v -0.373660 0.144055 0.135056
v -0.342294 0.044311 0.052222
v -0.350771 0.078020 0.079482
v -0.325713 0.048819 0.087864
v -0.280476 0.075487 0.147326
v -0.302108 0.059402 0.120277
v -0.312636 0.098743 0.142229
v -0.052985 -0.102850 -0.190553
v -0.079056 -0.098164 -0.156694
v -0.155897 -0.103262 -0.180012
v -0.118118 -0.103424 -0.164134
v -0.131513 -0.104092 -0.216514
v -0.103616 -0.096905 -0.120017
v -0.128392 -0.094964 -0.085665
v -0.301093 -0.077816 -0.238255
v -0.265523 -0.089477 -0.218946
v -0.282445 -0.084181 -0.271172
v -0.236203 -0.096225 -0.119839
v -0.249911 -0.092517 -0.169563
v -0.270109 -0.087160 -0.136456
v -0.208142 -0.099931 -0.242142
v -0.231606 -0.098494 -0.202311
v -0.192868 -0.102805 -0.192675
v -0.185695 -0.077548 0.018405
v -0.199607 -0.062073 0.046780
v -0.150778 -0.092896 -0.049443
v -0.169295 -0.086992 -0.014305
v -0.238325 -0.086079 -0.038577
v -0.203810 -0.089926 -0.022822
v -0.221676 -0.094820 -0.071028
v -0.179366 -0.102204 -0.140327
v -0.201777 -0.100185 -0.104122
v -0.164969 -0.100771 -0.091498
v -0.631006 0.204024 -0.324624
v -0.578703 0.188390 -0.330740
v -0.610157 0.172239 -0.379565
v -0.510737 0.179979 -0.221107
v -0.546720 0.189967 -0.277132
v -0.569356 0.220370 -0.224993
v -0.502182 0.114005 -0.379726
v -0.522497 0.152271 -0.329256
v -0.467126 0.104727 -0.321038
v -0.416170 0.112917 -0.013763
v -0.436122 0.126462 -0.063477
v -0.449092 0.157033 -0.019411
v -0.415875 0.067037 -0.156268
v -0.424904 0.099507 -0.112487
v -0.394528 0.051236 -0.101259
v -0.502014 0.195056 -0.120961
v -0.457325 0.144108 -0.117563
v -0.489450 0.166933 -0.169544
v -0.344965 -0.045147 -0.309227
v -0.362023 -0.024391 -0.269675
v -0.334913 -0.052757 -0.251308
v -0.429456 0.055834 -0.314162
v -0.391027 0.012654 -0.292050
v -0.410911 0.024081 -0.350374
v -0.369005 -0.007255 -0.178714
v -0.380522 0.002824 -0.235019
v -0.398256 0.031727 -0.200384
v -0.466496 0.133489 -0.220093
v -0.427506 0.080008 -0.211273
v -0.448068 0.095576 -0.265114
v -0.236065 -0.054082 0.045728
v -0.272785 -0.070866 -0.046463
v -0.254603 -0.065106 0.002060
v -0.270463 -0.038402 0.038018
v -0.303109 -0.017401 0.027384
v -0.317559 -0.059893 -0.199813
v -0.353359 -0.018081 -0.127382
v -0.336374 -0.043117 -0.160524
v -0.302477 -0.068035 -0.147419
v -0.288373 -0.071828 -0.097749
v -0.384980 0.076147 -0.007696
v -0.331877 0.009138 0.013163
v -0.356949 0.038958 0.005021
v -0.374966 0.040700 -0.046844
v -0.366508 0.009633 -0.090238
v -0.304728 -0.050336 -0.056908
v -0.333921 -0.024843 -0.071508
v -0.317821 -0.023282 -0.020018
v -0.315824 0.230939 0.226693
v -0.362264 0.193791 0.190600
v -0.338523 0.211355 0.209425
v -0.342997 0.251947 0.234906
v -0.375746 0.273868 0.242457
v -0.439193 0.169766 0.075936
v -0.419137 0.163188 0.113582
v -0.444666 0.228673 0.190033
v -0.430852 0.198497 0.149437
v -0.463025 0.225232 0.161793
v -0.401156 0.168834 0.142691
v -0.385732 0.179815 0.171096
v -0.468895 0.326358 0.274889
v -0.504297 0.339854 0.292158
v -0.406965 0.295618 0.252313
v -0.437942 0.310536 0.262809
v -0.482964 0.281097 0.231786
v -0.458645 0.291283 0.249255
v -0.452038 0.264693 0.219488
v -0.389452 0.218507 0.198194
v -0.420604 0.240911 0.208299
v -0.396830 0.254268 0.227547
v -0.668560 0.189802 -0.314294
v -0.645004 0.218143 -0.271071
v -0.667418 0.228332 -0.159146
v -0.657867 0.224142 -0.216761
v -0.686992 0.200112 -0.200379
v -0.618061 0.234988 -0.225486
v -0.587589 0.235578 -0.174262
v -0.654954 0.195553 0.087859
v -0.662822 0.207431 0.023918
v -0.667245 0.167790 0.049450
v -0.620881 0.247305 -0.012206
v -0.643735 0.232907 0.004136
v -0.619789 0.241202 0.048012
v -0.684461 0.189090 -0.077381
v -0.666615 0.216959 -0.036706
v -0.673015 0.223895 -0.100343
v -0.485424 0.188059 -0.022284
v -0.465602 0.173648 0.026970
v -0.547770 0.223980 -0.118852
v -0.515528 0.206887 -0.069650
v -0.545389 0.225953 0.028170
v -0.531431 0.221410 -0.023224
v -0.573792 0.237626 -0.016614
v -0.639628 0.242545 -0.113393
v -0.609427 0.246338 -0.064657
v -0.600520 0.245292 -0.122483
v -0.607387 0.226786 0.399754
v -0.597879 0.191120 0.408178
v -0.616905 0.294635 0.376707
v -0.612989 0.262411 0.389069
v -0.616064 0.165583 0.345772
v -0.612803 0.212891 0.367722
v -0.622060 0.202160 0.335566
v -0.538078 0.344586 0.308074
v -0.564929 0.340710 0.324428
v -0.604014 0.285750 0.290155
v -0.583602 0.312906 0.311640
v -0.581954 0.296481 0.274164
v -0.589230 0.333697 0.342258
v -0.609318 0.319991 0.361632
v -0.645737 0.147734 0.165949
v -0.636026 0.182622 0.205123
v -0.648863 0.189403 0.151370
v -0.626285 0.191470 0.299489
v -0.630204 0.184882 0.252472
v -0.629276 0.148496 0.266848
v -0.621420 0.247417 0.221918
v -0.628604 0.220608 0.235671
v -0.618453 0.253210 0.269913
v -0.613062 0.276920 0.343410
v -0.615228 0.264493 0.306532
v -0.621091 0.236345 0.320006
v -0.475145 0.198299 0.071965
v -0.554086 0.239412 0.080800
v -0.511130 0.220424 0.075453
v -0.485138 0.217064 0.124468
v -0.498276 0.244304 0.163926
v -0.636844 0.220600 0.125687
v -0.597980 0.258966 0.201431
v -0.616669 0.238687 0.169890
v -0.619366 0.240431 0.106804
v -0.588803 0.242935 0.092047
v -0.524250 0.314494 0.278183
v -0.508667 0.266442 0.211847
v -0.515035 0.291624 0.241109
v -0.548046 0.296420 0.257044
v -0.575618 0.278965 0.237976
v -0.557877 0.245842 0.138229
v -0.567030 0.263248 0.185859
v -0.530169 0.255976 0.173768
v 0.332532 0.269655 0.285186
v 0.334484 0.235870 0.271211
v 0.334232 0.342878 0.309840
v 0.334342 0.305770 0.297256
v 0.392161 0.273681 0.281772
v 0.364495 0.290747 0.289489
v 0.395405 0.312035 0.294626
v 0.347548 0.495689 0.377124
v 0.344525 0.455000 0.358936
v 0.426591 0.423230 0.351361
v 0.386845 0.441231 0.353851
v 0.436394 0.463029 0.370073
v 0.339818 0.420886 0.341623
v 0.340688 0.380988 0.326655
v 0.520161 0.327156 0.322268
v 0.499655 0.355683 0.329260
v 0.536878 0.361870 0.347358
v 0.431875 0.332534 0.305065
v 0.464618 0.349153 0.314685
v 0.453072 0.307906 0.295462
v 0.496982 0.418039 0.360995
v 0.478846 0.380911 0.339079
v 0.456674 0.405047 0.344733
v 0.373425 0.366075 0.318754
v 0.412776 0.390699 0.330537
v 0.403882 0.349069 0.312594
v 0.149934 0.666096 0.649968
v 0.215067 0.676432 0.624876
v 0.394880 0.636642 0.616761
v 0.310455 0.653950 0.619313
v 0.311653 0.611845 0.634899
v 0.277365 0.670714 0.588694
v 0.324407 0.652355 0.550657
v 0.572629 0.485645 0.572199
v 0.543190 0.527870 0.583953
v 0.516929 0.469068 0.588955
v 0.534758 0.592977 0.541462
v 0.548958 0.567743 0.567439
v 0.571088 0.555818 0.532416
v 0.437430 0.547446 0.613553
v 0.508771 0.569535 0.595529
v 0.461650 0.610200 0.610790
v 0.350112 0.553829 0.429605
v 0.353866 0.522712 0.404094
v 0.342585 0.623240 0.504948
v 0.356315 0.590842 0.466235
v 0.483104 0.559838 0.465175
v 0.419816 0.574440 0.463490
v 0.486387 0.591490 0.501264
v 0.451513 0.636622 0.585002
v 0.482457 0.619284 0.542504
v 0.410379 0.639443 0.546680
v 0.613531 0.150896 0.457169
v 0.611556 0.191302 0.475730
v 0.595869 0.148196 0.480382
v 0.637686 0.275574 0.456600
v 0.626692 0.233424 0.468412
v 0.637705 0.234157 0.439342
v 0.587668 0.225144 0.511800
v 0.609329 0.230975 0.491929
v 0.608238 0.271932 0.507787
v 0.577044 0.356179 0.369511
v 0.605029 0.346132 0.387524
v 0.587805 0.325860 0.358424
v 0.634767 0.383509 0.458188
v 0.621170 0.366203 0.424565
v 0.617234 0.401258 0.434104
v 0.632808 0.296469 0.402177
v 0.627238 0.331495 0.412824
v 0.641247 0.310265 0.437023
v 0.558852 0.389514 0.565100
v 0.596637 0.397878 0.543144
v 0.590352 0.442343 0.558862
v 0.607956 0.311854 0.518946
v 0.601019 0.354545 0.531546
v 0.576446 0.306356 0.538794
v 0.630011 0.434374 0.501507
v 0.620813 0.396914 0.519372
v 0.634268 0.391506 0.490223
v 0.634780 0.313565 0.468313
v 0.634301 0.352691 0.479072
v 0.625156 0.313475 0.496253
v 0.403417 0.508478 0.399810
v 0.523096 0.538067 0.462134
v 0.459992 0.523462 0.424963
v 0.451219 0.495543 0.398129
v 0.487830 0.472445 0.394121
v 0.599821 0.483786 0.544055
v 0.615659 0.459887 0.476267
v 0.613730 0.474982 0.510391
v 0.595844 0.516320 0.521814
v 0.570503 0.534510 0.492871
v 0.559790 0.387637 0.376729
v 0.522272 0.444890 0.387741
v 0.539709 0.415108 0.380917
v 0.580699 0.410356 0.403461
v 0.604570 0.435970 0.439520
v 0.557695 0.508073 0.453629
v 0.583908 0.472034 0.446575
v 0.534913 0.474711 0.415664
v -0.060763 0.629490 0.651122
v 0.048097 0.644950 0.657904
v -0.247613 0.596296 0.639059
v -0.161831 0.615649 0.645471
v 0.016614 0.529691 0.635876
v -0.062218 0.564825 0.640563
v -0.077384 0.511861 0.626767
v -0.453836 0.478698 0.590103
v -0.413651 0.509890 0.602688
v -0.272964 0.450440 0.604379
v -0.339950 0.478166 0.605377
v -0.320775 0.423286 0.593650
v -0.368634 0.540746 0.615618
v -0.315244 0.572793 0.629713
v -0.012028 0.324695 0.561386
v -0.067530 0.350061 0.570703
v -0.070853 0.307321 0.555298
v -0.069566 0.455775 0.612570
v -0.074886 0.400184 0.589624
v -0.003565 0.420746 0.598726
v -0.190583 0.363434 0.578697
v -0.133748 0.382691 0.583451
v -0.198253 0.415874 0.598648
v -0.226007 0.527440 0.624931
v -0.216556 0.471415 0.609902
v -0.149172 0.491363 0.617681
v -0.565661 0.188934 0.450110
v -0.558838 0.224599 0.468836
v -0.507516 0.187837 0.485616
v -0.533025 0.204708 0.478613
v -0.514944 0.153897 0.468102
v -0.554757 0.260799 0.487936
v -0.551836 0.298133 0.506857
v -0.359171 0.128285 0.479244
v -0.396051 0.140464 0.482283
v -0.377542 0.096180 0.464611
v -0.442757 0.238111 0.521248
v -0.418225 0.188213 0.500723
v -0.400778 0.220825 0.516405
v -0.451565 0.122234 0.471152
v -0.436111 0.155482 0.485718
v -0.474385 0.170917 0.490107
v -0.510382 0.405688 0.555034
v -0.492081 0.441798 0.571806
v -0.542327 0.335931 0.524569
v -0.527794 0.370976 0.539205
v -0.444686 0.323950 0.547433
v -0.485032 0.345834 0.544800
v -0.465808 0.292886 0.534244
v -0.494217 0.223263 0.501572
v -0.481188 0.258164 0.517229
v -0.515962 0.276616 0.513780
v -0.034341 0.026942 0.408209
v -0.071461 0.040961 0.415898
v -0.073279 0.007515 0.397022
v -0.068778 0.105237 0.456272
v -0.070396 0.073621 0.435763
v -0.030977 0.091758 0.447504
v -0.148266 0.032370 0.415433
v -0.109215 0.054478 0.424679
v -0.147103 0.065491 0.435470
v -0.064234 0.259409 0.536426
v -0.067878 0.219198 0.515655
v -0.018896 0.243114 0.525757
v -0.159606 0.171207 0.497984
v -0.113534 0.195922 0.506359
v -0.159044 0.211443 0.518195
v -0.026015 0.163119 0.486494
v -0.068447 0.179334 0.495586
v -0.071755 0.139713 0.477152
v -0.301741 0.074026 0.451597
v -0.268568 0.100447 0.462950
v -0.307937 0.111186 0.473314
v -0.190271 0.079625 0.446252
v -0.228539 0.089548 0.453755
v -0.224324 0.053299 0.433719
v -0.239937 0.162120 0.497224
v -0.234677 0.126248 0.475289
v -0.199749 0.151094 0.487971
v -0.111149 0.121491 0.465377
v -0.154404 0.135618 0.476161
v -0.151321 0.101382 0.455368
v -0.425795 0.413718 0.576137
v -0.385469 0.302045 0.550434
v -0.405778 0.356601 0.561690
v -0.364731 0.390225 0.577722
v -0.300420 0.364529 0.578691
v -0.326188 0.154605 0.490569
v -0.258363 0.204499 0.515312
v -0.293067 0.179765 0.502661
v -0.344752 0.197887 0.509069
v -0.368500 0.246613 0.528939
v -0.119739 0.283665 0.545293
v -0.238696 0.337661 0.569901
v -0.174692 0.307517 0.556045
v -0.168057 0.258408 0.536717
v -0.214005 0.233703 0.528338
v -0.327734 0.276994 0.541834
v -0.267422 0.252406 0.534199
v -0.283889 0.306922 0.555181
v -0.585154 0.146253 0.393765
v -0.576317 0.160866 0.423936
v -0.604461 0.122393 0.333024
v -0.593975 0.132400 0.364643
v -0.550184 0.071647 0.393964
v -0.572268 0.101552 0.380124
v -0.560210 0.058922 0.365556
v -0.640492 0.110607 0.143873
v -0.628290 0.105525 0.198211
v -0.593130 0.027749 0.257992
v -0.612551 0.067991 0.226437
v -0.601148 0.025360 0.206654
v -0.619417 0.106338 0.249132
v -0.615273 0.112773 0.295837
v -0.488302 -0.075434 0.332607
v -0.514135 -0.055657 0.317543
v -0.499313 -0.088875 0.302708
v -0.547603 0.014934 0.348523
v -0.529744 -0.021267 0.332308
v -0.520096 -0.007391 0.363093
v -0.552872 -0.043208 0.262435
v -0.540853 -0.034807 0.302368
v -0.569572 -0.006705 0.278054
v -0.593174 0.078945 0.314425
v -0.580859 0.035384 0.297622
v -0.569040 0.044372 0.334390
v -0.675078 0.147578 -0.367669
v -0.685052 0.153374 -0.311240
v -0.679739 0.038571 -0.287993
v -0.688692 0.102098 -0.301062
v -0.684202 0.043137 -0.352764
v -0.689572 0.159250 -0.252612
v -0.694107 0.156026 -0.192612
v -0.445305 -0.194664 -0.161652
v -0.507791 -0.137579 -0.198868
v -0.459574 -0.197735 -0.230596
v -0.614814 -0.034831 -0.120858
v -0.561808 -0.084910 -0.162562
v -0.558574 -0.088759 -0.088306
v -0.603613 -0.086430 -0.298704
v -0.576669 -0.084275 -0.230737
v -0.644648 -0.028537 -0.264503
v -0.664404 0.127446 0.007601
v -0.655970 0.115559 0.071851
v -0.687162 0.151026 -0.124619
v -0.677619 0.140152 -0.060012
v -0.630834 0.016711 -0.008725
v -0.659008 0.080296 -0.036615
v -0.641934 0.026970 -0.076241
v -0.661606 0.039192 -0.219519
v -0.652424 0.034180 -0.150041
v -0.679110 0.095542 -0.171749
v -0.429369 -0.288354 0.331718
v -0.454584 -0.297931 0.307496
v -0.458226 -0.322155 0.330150
v -0.441625 -0.239257 0.267796
v -0.440923 -0.265476 0.280530
v -0.428375 -0.234987 0.299842
v -0.486467 -0.333480 0.250377
v -0.466097 -0.301879 0.274698
v -0.464865 -0.301516 0.219577
v -0.482268 -0.129436 0.280213
v -0.468556 -0.154131 0.270085
v -0.460469 -0.132218 0.308094
v -0.471926 -0.192965 0.186487
v -0.475164 -0.177681 0.235533
v -0.489138 -0.168877 0.193603
v -0.438640 -0.182803 0.292671
v -0.454749 -0.179047 0.263947
v -0.445484 -0.205612 0.258411
v -0.398160 -0.278293 -0.109461
v -0.401712 -0.254596 -0.022912
v -0.404883 -0.229839 -0.106075
v -0.453841 -0.291487 0.165231
v -0.417571 -0.275454 0.059272
v -0.442631 -0.321147 0.084696
v -0.454231 -0.199348 0.061691
v -0.428048 -0.229368 0.062676
v -0.460303 -0.216787 0.141780
v -0.455097 -0.235426 0.238301
v -0.453959 -0.226272 0.187358
v -0.447484 -0.258945 0.196474
v -0.633648 0.066753 0.102452
v -0.600832 -0.036480 0.027224
v -0.618653 0.016016 0.065669
v -0.607383 0.018043 0.139408
v -0.586867 -0.023700 0.170430
v -0.455672 -0.173303 -0.073545
v -0.501777 -0.152028 0.094320
v -0.473271 -0.167269 0.013638
v -0.510758 -0.127946 -0.041149
v -0.566323 -0.081824 -0.000431
v -0.507140 -0.111435 0.264454
v -0.560348 -0.059617 0.213487
v -0.532243 -0.086245 0.238375
v -0.513553 -0.128879 0.215080
v -0.512705 -0.145317 0.166588
v -0.561246 -0.078848 0.076464
v -0.533485 -0.112783 0.119745
v -0.564420 -0.069744 0.145142
v -0.599517 0.131636 -0.426189
v -0.645002 0.136858 -0.414006
v -0.489590 0.071470 -0.424798
v -0.541544 0.109343 -0.427645
v -0.626381 0.038490 -0.508200
v -0.587361 0.087012 -0.472416
v -0.578359 0.034305 -0.518667
v -0.327591 -0.068501 -0.345138
v -0.354595 -0.041236 -0.363920
v -0.400683 -0.038561 -0.476515
v -0.376394 -0.037462 -0.420483
v -0.360998 -0.063726 -0.456984
v -0.394251 -0.009904 -0.383997
v -0.432024 0.026875 -0.406169
v -0.591462 -0.165821 -0.657034
v -0.536839 -0.107664 -0.624084
v -0.520494 -0.150524 -0.653234
v -0.564255 -0.015133 -0.557954
v -0.550151 -0.065122 -0.592213
v -0.607510 -0.069604 -0.590888
v -0.421836 -0.080307 -0.564788
v -0.481669 -0.070154 -0.582031
v -0.440603 -0.044999 -0.532646
v -0.472291 0.031193 -0.460110
v -0.455545 -0.011183 -0.496467
v -0.512105 0.017204 -0.511110
v -0.010334 -0.105096 -0.219080
v -0.050894 -0.106189 -0.229118
v -0.041322 -0.103594 -0.321040
v -0.048629 -0.105414 -0.273700
v -0.000561 -0.105981 -0.304859
v -0.091667 -0.104419 -0.245464
v -0.129432 -0.103613 -0.261089
v -0.013591 -0.103810 -0.506456
v -0.021583 -0.101430 -0.461721
v 0.033356 -0.104241 -0.490869
v -0.129038 -0.099293 -0.402553
v -0.075202 -0.101216 -0.431488
v -0.121595 -0.097693 -0.450070
v 0.015516 -0.103923 -0.398567
v -0.028535 -0.101739 -0.414738
v -0.037562 -0.102467 -0.368221
v -0.250509 -0.091991 -0.301145
v -0.285893 -0.079204 -0.320029
v -0.172879 -0.104387 -0.276596
v -0.211836 -0.100431 -0.286365
v -0.215072 -0.091777 -0.385398
v -0.215269 -0.096643 -0.335677
v -0.176356 -0.101409 -0.370988
v -0.085884 -0.102660 -0.337056
v -0.129159 -0.102727 -0.352501
v -0.132852 -0.103728 -0.305154
v 0.037249 -0.384738 -0.473921
v 0.019935 -0.338237 -0.537754
v 0.105571 -0.353163 -0.530536
v -0.156195 -0.313050 -0.586929
v -0.063125 -0.327002 -0.556069
v -0.135078 -0.344843 -0.501472
v 0.067025 -0.269560 -0.637436
v -0.000139 -0.296032 -0.613382
v -0.018169 -0.254813 -0.653450
v -0.482030 -0.196162 -0.676707
v -0.413846 -0.237824 -0.668808
v -0.515339 -0.282303 -0.685509
v -0.232731 -0.197792 -0.654570
v -0.320545 -0.217822 -0.663690
v -0.295393 -0.169104 -0.647675
v -0.320098 -0.336786 -0.610098
v -0.338334 -0.276875 -0.663773
v -0.243892 -0.300928 -0.617130
v 0.048020 -0.121529 -0.579746
v -0.010406 -0.135656 -0.600394
v -0.015263 -0.117656 -0.557965
v -0.016645 -0.206807 -0.659317
v -0.016926 -0.168129 -0.635832
v 0.051163 -0.180238 -0.647061
v -0.139131 -0.142429 -0.604484
v -0.076014 -0.153352 -0.619630
v -0.147619 -0.173368 -0.643958
v -0.168262 -0.270786 -0.648727
v -0.167723 -0.220136 -0.660024
v -0.089594 -0.238912 -0.653328
v -0.295320 -0.077214 -0.375468
v -0.225753 -0.092974 -0.439952
v -0.264985 -0.087630 -0.404510
v -0.306263 -0.077230 -0.429747
v -0.330086 -0.077071 -0.485188
v -0.068482 -0.111870 -0.530661
v -0.190415 -0.128887 -0.581801
v -0.124360 -0.118884 -0.555758
v -0.123391 -0.106282 -0.503772
v -0.176832 -0.103279 -0.475873
v -0.426026 -0.145102 -0.637197
v -0.345893 -0.090212 -0.538590
v -0.385737 -0.108291 -0.592114
v -0.342215 -0.139474 -0.615267
v -0.256769 -0.133077 -0.598509
v -0.227053 -0.099739 -0.494023
v -0.242167 -0.112270 -0.546442
v -0.289645 -0.097092 -0.513154
v 0.052371 -0.091952 -0.154153
v 0.029818 -0.099019 -0.188904
v 0.099478 -0.078792 -0.082311
v 0.076566 -0.085487 -0.118305
v 0.118706 -0.090736 -0.210796
v 0.096321 -0.089810 -0.161658
v 0.143032 -0.083977 -0.174839
v 0.186881 -0.031486 0.065362
v 0.163959 -0.046265 0.031023
v 0.203224 -0.058953 -0.059447
v 0.184855 -0.053732 -0.013016
v 0.223660 -0.047069 -0.021621
v 0.143559 -0.058223 -0.006836
v 0.121419 -0.069917 -0.044933
v 0.282267 -0.045040 -0.253109
v 0.262202 -0.051400 -0.201965
v 0.298913 -0.035790 -0.214316
v 0.185161 -0.077388 -0.183727
v 0.225199 -0.065191 -0.191849
v 0.205456 -0.072984 -0.232644
v 0.260231 -0.047484 -0.115159
v 0.241593 -0.056405 -0.152550
v 0.223423 -0.061164 -0.105402
v 0.142575 -0.074284 -0.088145
v 0.184452 -0.068060 -0.096866
v 0.162621 -0.076541 -0.134096
v 0.323390 0.196063 0.251326
v 0.307657 0.163570 0.235736
v 0.339137 0.123794 0.203065
v 0.322825 0.141943 0.221860
v 0.356294 0.155953 0.218532
v 0.290778 0.132152 0.220541
v 0.275149 0.099559 0.204886
v 0.396112 0.093901 0.080959
v 0.380935 0.090385 0.118393
v 0.410142 0.114192 0.106697
v 0.325280 0.055817 0.128735
v 0.352617 0.074423 0.124663
v 0.339291 0.051273 0.096659
v 0.383769 0.124275 0.171950
v 0.367190 0.095543 0.150692
v 0.355395 0.108028 0.178112
v 0.225582 0.015830 0.133967
v 0.206746 -0.008841 0.107288
v 0.260238 0.070647 0.182539
v 0.241354 0.040770 0.160730
v 0.278514 0.018283 0.104785
v 0.260733 0.028467 0.135461
v 0.294219 0.043259 0.131565
v 0.322523 0.095141 0.181840
v 0.307933 0.066941 0.159751
v 0.291209 0.082014 0.184464
v 0.576692 0.190972 -0.335809
v 0.553815 0.190930 -0.288885
v 0.596199 0.216887 -0.288412
v 0.472216 0.123769 -0.269399
v 0.512538 0.160605 -0.280382
v 0.497436 0.133188 -0.325712
v 0.551800 0.212869 -0.185339
v 0.533072 0.189613 -0.234154
v 0.505861 0.175515 -0.175447
v 0.335728 -0.012250 -0.221409
v 0.368058 0.014462 -0.231231
v 0.351764 -0.001541 -0.274523
v 0.399027 0.051404 -0.151921
v 0.382499 0.033009 -0.190696
v 0.367610 0.020318 -0.137551
v 0.419833 0.059379 -0.299225
v 0.399331 0.045102 -0.245227
v 0.435359 0.080115 -0.259964
v 0.446318 0.136888 0.021411
v 0.432940 0.114333 -0.019368
v 0.413980 0.098642 0.029649
v 0.483298 0.156160 -0.120437
v 0.455896 0.135907 -0.070497
v 0.497101 0.181657 -0.078297
v 0.392411 0.057456 -0.054619
v 0.421836 0.094259 -0.063193
v 0.412505 0.073672 -0.106496
v 0.449105 0.105223 -0.212973
v 0.429041 0.089827 -0.160241
v 0.464909 0.132240 -0.169033
v 0.225057 -0.019247 0.066726
v 0.295173 0.009047 0.062565
v 0.261686 -0.005704 0.066478
v 0.241901 -0.028184 0.024612
v 0.260107 -0.033852 -0.021985
v 0.383295 0.072400 0.040564
v 0.364052 0.027775 -0.042822
v 0.373055 0.047898 0.000855
v 0.356464 0.045509 0.052923
v 0.328861 0.026740 0.056949
v 0.314836 -0.020323 -0.169774
v 0.276889 -0.034070 -0.070968
v 0.295295 -0.028988 -0.118194
v 0.331666 -0.006441 -0.125521
v 0.347167 0.009986 -0.086144
v 0.312227 0.002944 0.018705
v 0.328894 0.002388 -0.030450
v 0.294785 -0.015833 -0.024967
v 0.227376 -0.201722 -0.012035
v 0.207725 -0.195257 0.031135
v 0.182610 -0.210233 0.003359
v 0.269887 -0.178788 0.102412
v 0.237007 -0.184681 0.063949
v 0.286062 -0.181722 0.055277
v 0.143605 -0.195333 0.086380
v 0.191489 -0.191753 0.077538
v 0.172717 -0.185137 0.118656
v 0.379106 -0.155742 0.250191
v 0.353301 -0.164681 0.213300
v 0.396103 -0.159146 0.210564
v 0.266629 -0.170643 0.214454
v 0.310155 -0.168881 0.216036
v 0.292624 -0.162907 0.251368
v 0.345207 -0.172644 0.134521
v 0.327312 -0.172228 0.176205
v 0.301679 -0.176433 0.137094
v 0.089576 -0.159882 0.218535
v 0.131214 -0.162764 0.218268
v 0.119001 -0.152767 0.246176
v 0.154626 -0.181047 0.155783
v 0.142529 -0.170981 0.187179
v 0.113157 -0.179082 0.158451
v 0.204820 -0.159888 0.247952
v 0.172283 -0.163926 0.215294
v 0.216687 -0.168649 0.217315
v 0.252465 -0.178841 0.144920
v 0.233782 -0.174108 0.181539
v 0.202395 -0.177168 0.147682
v 0.573661 0.094235 0.470041
v 0.554320 0.048898 0.448738
v 0.583676 0.066974 0.443634
v 0.483230 0.021156 0.453067
v 0.520198 0.033553 0.453879
v 0.506897 0.063472 0.474110
v 0.543951 -0.016377 0.399508
v 0.532206 0.007428 0.428523
v 0.510654 -0.031423 0.405001
v 0.310681 -0.009995 0.427449
v 0.352308 -0.003040 0.434461
v 0.331381 0.027266 0.448634
v 0.391175 -0.059820 0.400978
v 0.372110 -0.033170 0.419971
v 0.350912 -0.066997 0.394390
v 0.420718 0.041995 0.464044
v 0.392991 0.004168 0.441251
v 0.439952 0.011636 0.449271
v 0.445442 -0.128921 0.281148
v 0.433018 -0.117319 0.317268
v 0.409304 -0.138407 0.283576
v 0.484028 -0.066994 0.377844
v 0.457686 -0.092710 0.347474
v 0.495198 -0.082099 0.345116
v 0.383381 -0.110431 0.347484
v 0.421173 -0.102023 0.349835
v 0.407833 -0.085601 0.377668
v 0.454929 -0.017504 0.429879
v 0.429448 -0.051738 0.403432
v 0.471290 -0.043091 0.406483
v -0.016945 -0.029678 0.373566
v 0.021418 -0.023373 0.377466
v 0.002196 -0.000258 0.393206
v 0.057045 -0.071110 0.347516
v 0.039843 -0.049064 0.363779
v 0.019390 -0.074879 0.341558
v 0.079805 0.007784 0.403627
v 0.059058 -0.019667 0.383399
v 0.098298 -0.017727 0.390023
v 0.106805 -0.138710 0.272605
v 0.097200 -0.126371 0.293525
v 0.068231 -0.138436 0.267325
v 0.151626 -0.098323 0.339923
v 0.123020 -0.111172 0.315525
v 0.164448 -0.113724 0.323252
v 0.047614 -0.111376 0.306809
v 0.084463 -0.110945 0.310240
v 0.073475 -0.096224 0.328840
v 0.245255 0.018420 0.431810
v 0.220898 -0.013898 0.409669
v 0.265478 -0.011674 0.419542
v 0.138621 -0.019037 0.395000
v 0.179388 -0.016159 0.400723
v 0.159857 0.012667 0.415994
v 0.217068 -0.072500 0.372485
v 0.199638 -0.046089 0.388494
v 0.175548 -0.074611 0.363598
v 0.093866 -0.070470 0.351021
v 0.134159 -0.072009 0.355898
v 0.117807 -0.046741 0.374676
v 0.366338 -0.144055 0.286238
v 0.340092 -0.113656 0.345616
v 0.353612 -0.130094 0.317835
v 0.323405 -0.147095 0.284544
v 0.280010 -0.149075 0.283012
v 0.286411 -0.042188 0.405334
v 0.236726 -0.099654 0.354534
v 0.260762 -0.071183 0.379409
v 0.306096 -0.069397 0.387384
v 0.325031 -0.096215 0.368306
v 0.148305 -0.141211 0.272395
v 0.235482 -0.149802 0.276913
v 0.191305 -0.145210 0.274970
v 0.178766 -0.130609 0.301408
v 0.207434 -0.117915 0.325803
v 0.295605 -0.115828 0.338799
v 0.251064 -0.116603 0.332676
v 0.266123 -0.134066 0.309982
v 0.147200 -0.227070 0.022455
v 0.168018 -0.236584 -0.019708
v 0.106040 -0.208393 0.102173
v 0.125171 -0.216828 0.061829
v 0.109165 -0.282187 0.028030
v 0.111020 -0.244242 0.039579
v 0.085172 -0.266440 0.066787
v 0.047192 -0.160377 0.222884
v 0.058952 -0.170178 0.194426
v 0.008532 -0.204708 0.157195
v 0.029965 -0.184347 0.171155
v -0.004055 -0.192044 0.184703
v 0.071826 -0.183051 0.166275
v 0.083379 -0.192481 0.134989
v 0.033158 -0.318937 0.229736
v -0.000252 -0.298693 0.180432
v -0.022237 -0.299155 0.235250
v 0.054293 -0.282864 0.086482
v 0.032400 -0.295919 0.138514
v 0.067331 -0.322009 0.110702
v -0.037774 -0.241826 0.181689
v -0.012576 -0.266738 0.154797
v -0.000817 -0.235121 0.143609
v 0.065556 -0.214257 0.111059
v 0.031921 -0.225590 0.129277
v 0.055379 -0.244739 0.097212
v -0.060551 -0.025325 0.375933
v -0.041424 -0.048687 0.360103
v -0.091434 -0.086212 0.334069
v -0.068017 -0.065919 0.345799
v -0.108473 -0.064907 0.350630
v -0.024415 -0.070045 0.343527
v -0.007155 -0.091818 0.327368
v -0.184447 -0.154365 0.294437
v -0.162543 -0.136651 0.301995
v -0.198023 -0.137819 0.312340
v -0.092213 -0.135120 0.285170
v -0.126582 -0.136507 0.294366
v -0.114774 -0.151696 0.274856
v -0.153973 -0.102565 0.329408
v -0.140213 -0.120000 0.312225
v -0.118025 -0.102462 0.321781
v 0.026399 -0.135425 0.269901
v 0.035651 -0.147094 0.249040
v 0.006594 -0.109407 0.309832
v 0.017517 -0.124052 0.291274
v -0.043249 -0.147407 0.258563
v -0.014658 -0.133530 0.272895
v -0.051983 -0.136213 0.279960
v -0.077629 -0.103466 0.316958
v -0.063833 -0.120817 0.299494
v -0.037192 -0.104547 0.311815
v -0.390892 -0.314551 0.366137
v -0.360776 -0.294832 0.348739
v -0.401574 -0.290891 0.338756
v -0.262104 -0.288718 0.347644
v -0.320338 -0.291951 0.350292
v -0.286977 -0.293452 0.388876
v -0.344445 -0.244514 0.315420
v -0.332249 -0.267084 0.323788
v -0.305461 -0.245765 0.313326
v -0.054684 -0.296649 0.267454
v -0.100513 -0.288131 0.293066
v -0.028343 -0.289685 0.321982
v -0.200434 -0.254330 0.274899
v -0.165540 -0.272725 0.274642
v -0.153665 -0.254006 0.251599
v -0.147860 -0.275529 0.374113
v -0.147588 -0.287384 0.317242
v -0.220713 -0.289782 0.337572
v -0.243386 -0.171421 0.302445
v -0.235147 -0.188940 0.288450
v -0.211656 -0.173210 0.290782
v -0.284097 -0.225676 0.293968
v -0.258721 -0.207965 0.291252
v -0.292085 -0.204335 0.303055
v -0.194885 -0.211251 0.265934
v -0.227122 -0.209356 0.279580
v -0.218317 -0.230659 0.268415
v -0.252681 -0.270819 0.309559
v -0.233045 -0.252345 0.288850
v -0.271978 -0.249211 0.301379
v 0.005433 -0.157660 0.225545
v -0.067944 -0.164200 0.242514
v -0.030938 -0.161131 0.235454
v -0.019575 -0.174043 0.208899
v -0.040230 -0.195399 0.194934
v -0.176339 -0.171979 0.280391
v -0.161828 -0.207654 0.252555
v -0.170374 -0.187243 0.263602
v -0.143013 -0.168718 0.267282
v -0.108939 -0.167069 0.258034
v -0.084206 -0.273308 0.221747
v -0.064593 -0.218187 0.191432
v -0.077411 -0.246086 0.202231
v -0.113131 -0.249983 0.230089
v -0.145281 -0.227876 0.232884
v -0.096498 -0.180852 0.234826
v -0.121065 -0.203079 0.231024
v -0.080360 -0.200147 0.215114
v 0.179181 -0.267432 -0.056431
v 0.212895 -0.244059 -0.076369
v 0.139468 -0.328855 0.006134
v 0.159771 -0.299380 -0.023580
v 0.261153 -0.318267 -0.132445
v 0.206692 -0.311828 -0.078935
v 0.249563 -0.356796 -0.092450
v 0.137979 -0.292128 0.323220
v 0.152461 -0.315462 0.254309
v 0.385676 -0.325313 0.306710
v 0.259953 -0.316118 0.268727
v 0.412219 -0.247769 0.416967
v 0.149137 -0.343254 0.175522
v 0.158455 -0.348698 0.108980
v 0.613906 -0.368465 -0.077234
v 0.585391 -0.345827 0.085236
v 0.705246 -0.329761 0.104527
v 0.346811 -0.378911 -0.011123
v 0.449957 -0.376079 0.017186
v 0.399589 -0.379634 -0.117436
v 0.607204 -0.284009 0.359885
v 0.528824 -0.353030 0.187535
v 0.462531 -0.333154 0.277699
v 0.215660 -0.364839 0.064984
v 0.321860 -0.367325 0.152390
v 0.285893 -0.379706 0.034402
v -0.454855 -0.343587 0.397852
v -0.413141 -0.322596 0.426760
v -0.450001 -0.251935 0.636668
v -0.408600 -0.290236 0.516183
v -0.545606 -0.343696 0.567527
v -0.339197 -0.285705 0.462702
v -0.266232 -0.251963 0.480735
v -0.204042 -0.638811 0.604773
v -0.292144 -0.579739 0.660350
v -0.481912 -0.709828 0.600078
v 0.040938 -0.166772 0.765682
v -0.086294 -0.353119 0.710896
v 0.140625 -0.336061 0.730303
v -0.603569 -0.492038 0.674665
v -0.382152 -0.426382 0.687122
v -0.410126 -0.265126 0.713192
v 0.044794 -0.218311 0.444027
v 0.085495 -0.249875 0.401949
v -0.119191 -0.212873 0.495731
v -0.041987 -0.208749 0.476098
v 0.224560 -0.104926 0.692158
v 0.090487 -0.114680 0.591625
v 0.126876 -0.103702 0.718592
v -0.249558 -0.166327 0.692208
v -0.088476 -0.122645 0.708186
v -0.151277 -0.153273 0.602246
v 0.189773 -0.462730 -0.447933
v 0.156470 -0.483813 -0.359190
v 0.089271 -0.434720 -0.389105
v 0.346941 -0.649004 -0.334920
v 0.241553 -0.560994 -0.317084
v 0.358680 -0.622975 -0.452753
v 0.033224 -0.479678 -0.189987
v 0.144929 -0.513233 -0.249382
v 0.125577 -0.553714 -0.151203
v 0.766374 -0.436027 0.081589
v 0.739239 -0.636574 -0.108480
v 0.729492 -0.535514 -0.247286
v 0.559281 -0.714877 0.281530
v 0.644923 -0.674470 0.126299
v 0.693662 -0.670555 0.391401
v 0.614872 -0.759431 -0.510432
v 0.623092 -0.732570 -0.218476
v 0.500760 -0.708163 -0.230124
v -0.256743 -0.662917 0.382515
v -0.012191 -0.656298 0.378733
v -0.107115 -0.690984 0.540917
v 0.143616 -0.592556 0.044779
v 0.060401 -0.633489 0.212234
v -0.063724 -0.577263 0.052387
v 0.366028 -0.726361 0.531022
v 0.198216 -0.669518 0.372380
v 0.421746 -0.687196 0.351911
v 0.374644 -0.638204 -0.064607
v 0.393583 -0.663215 0.139681
v 0.250916 -0.611111 0.004975
v 0.228561 -0.198467 0.456847
v 0.359660 -0.148603 0.710870
v 0.323541 -0.117557 0.614903
v 0.380743 -0.170072 0.527349
v 0.512384 -0.171212 0.569184
v 0.048246 -0.643090 0.605534
v 0.540818 -0.729371 0.587247
v 0.300895 -0.679842 0.591170
v 0.210065 -0.548250 0.652499
v 0.365103 -0.350649 0.690465
v 0.742169 -0.365613 0.282940
v 0.627319 -0.259874 0.539623
v 0.688916 -0.316583 0.425165
v 0.720072 -0.452148 0.399912
v 0.646582 -0.594714 0.530946
v 0.466794 -0.316968 0.647673
v 0.548036 -0.482943 0.574473
v 0.567451 -0.254985 0.600790
v 0.253811 -0.236637 -0.110062
v 0.244863 -0.212831 -0.071473
v 0.305683 -0.305856 -0.166094
v 0.269273 -0.266442 -0.147392
v 0.333075 -0.202031 -0.136311
v 0.298397 -0.227680 -0.145381
v 0.344850 -0.221318 -0.177977
v 0.628091 -0.395220 -0.194883
v 0.532030 -0.368729 -0.184304
v 0.448949 -0.299911 -0.298113
v 0.480717 -0.345698 -0.260109
v 0.525529 -0.332124 -0.324135
v 0.444386 -0.359229 -0.168424
v 0.355582 -0.334265 -0.187141
v 0.524782 -0.134834 -0.245383
v 0.495054 -0.168472 -0.278327
v 0.548157 -0.137459 -0.305456
v 0.394463 -0.212581 -0.224674
v 0.442289 -0.194212 -0.250559
v 0.426484 -0.180523 -0.193006
v 0.508131 -0.224147 -0.349831
v 0.463313 -0.206868 -0.306549
v 0.453788 -0.258570 -0.318053
v 0.354560 -0.286692 -0.214277
v 0.403251 -0.274147 -0.262964
v 0.362755 -0.245218 -0.229252
v 0.185802 -0.392411 -0.519172
v 0.251778 -0.451319 -0.495274
v 0.429740 -0.395195 -0.620812
v 0.342734 -0.431055 -0.570759
v 0.322880 -0.333712 -0.606884
v 0.338880 -0.516431 -0.507294
v 0.471179 -0.635524 -0.557493
v 0.573600 -0.137658 -0.614795
v 0.548212 -0.190831 -0.631305
v 0.517032 -0.133462 -0.624512
v 0.613790 -0.357623 -0.636418
v 0.582688 -0.272792 -0.635817
v 0.625976 -0.282449 -0.614825
v 0.448190 -0.238640 -0.645316
v 0.526628 -0.263667 -0.645859
v 0.480624 -0.325648 -0.651601
v 0.698295 -0.587085 -0.434545
v 0.675219 -0.459330 -0.279276
v 0.596514 -0.719547 -0.617662
v 0.697405 -0.707097 -0.563629
v 0.649711 -0.429951 -0.528524
v 0.670235 -0.548841 -0.555832
v 0.657415 -0.482123 -0.623331
v 0.519417 -0.439048 -0.640142
v 0.612616 -0.485883 -0.653954
v 0.565602 -0.589299 -0.649932
v 0.638279 0.187947 -0.342563
v 0.628709 0.158810 -0.382488
v 0.601814 0.174730 -0.369601
v 0.668619 0.098794 -0.391078
v 0.652056 0.131942 -0.391012
v 0.676150 0.129795 -0.350571
v 0.584693 0.110522 -0.446459
v 0.621372 0.128553 -0.423139
v 0.615559 0.095502 -0.460337
v 0.593934 -0.088725 -0.327732
v 0.629291 -0.040237 -0.345659
v 0.614114 -0.053278 -0.291426
v 0.654921 -0.018678 -0.459900
v 0.639794 -0.021795 -0.405624
v 0.633765 -0.062917 -0.440513
v 0.671062 0.045011 -0.329889
v 0.656367 0.009771 -0.367818
v 0.673549 0.055335 -0.385405
v 0.552631 -0.037373 -0.576941
v 0.592941 -0.026948 -0.555584
v 0.585336 -0.072134 -0.587645
v 0.609151 0.057755 -0.496976
v 0.599469 0.018847 -0.527612
v 0.569249 0.041061 -0.513619
v 0.641382 -0.058666 -0.533672
v 0.624852 -0.019356 -0.533114
v 0.646363 -0.012738 -0.504394
v 0.656956 0.066712 -0.430679
v 0.650307 0.028690 -0.467632
v 0.637824 0.064318 -0.467803
v 0.614201 -0.411077 -0.357510
v 0.625821 -0.333582 -0.534423
v 0.618575 -0.395579 -0.448727
v 0.568185 -0.348436 -0.376130
v 0.547035 -0.287587 -0.402984
v 0.608837 -0.131394 -0.590104
v 0.642832 -0.122171 -0.522675
v 0.634044 -0.123258 -0.560358
v 0.625378 -0.189164 -0.589627
v 0.640416 -0.275497 -0.575840
v 0.564846 -0.123642 -0.360332
v 0.544397 -0.220650 -0.391475
v 0.548127 -0.171326 -0.380626
v 0.598103 -0.119022 -0.406640
v 0.624164 -0.107615 -0.465497
v 0.617961 -0.247106 -0.506979
v 0.615681 -0.170288 -0.490401
v 0.586365 -0.235831 -0.441838
v 0.269421 -0.196196 -0.044561
v 0.361899 -0.189958 -0.104816
v 0.315359 -0.194225 -0.073009
v 0.298918 -0.185732 -0.011010
v 0.331952 -0.179590 0.027647
v 0.552085 -0.116880 -0.203971
v 0.502071 -0.142454 -0.178026
v 0.466692 -0.156186 -0.036155
v 0.481841 -0.147341 -0.110658
v 0.512692 -0.137146 -0.061467
v 0.455016 -0.163577 -0.152886
v 0.408197 -0.181941 -0.128624
v 0.411560 -0.165307 0.158434
v 0.437072 -0.156049 0.195472
v 0.362148 -0.172003 0.078084
v 0.387800 -0.168050 0.117471
v 0.473377 -0.155064 0.078838
v 0.428808 -0.165990 0.102291
v 0.449626 -0.158154 0.037682
v 0.390629 -0.175207 -0.062188
v 0.420996 -0.166210 -0.013047
v 0.374831 -0.174807 0.010341
v 0.633320 0.217661 -0.290191
v 0.657930 0.197135 -0.300750
v 0.684963 0.194587 -0.197171
v 0.673903 0.200183 -0.251262
v 0.668321 0.228300 -0.196975
v 0.676712 0.166213 -0.301726
v 0.686899 0.125054 -0.298277
v 0.660009 0.107693 0.059923
v 0.670986 0.137434 -0.004652
v 0.666672 0.159986 0.043994
v 0.676802 0.085327 -0.104409
v 0.676391 0.110610 -0.054304
v 0.659657 0.054253 -0.036751
v 0.676906 0.204495 -0.081578
v 0.681701 0.161111 -0.070751
v 0.686075 0.182179 -0.133538
v 0.636246 -0.019395 -0.247062
v 0.598711 -0.071488 -0.228479
v 0.684895 0.079886 -0.286304
v 0.663869 0.030870 -0.266313
v 0.640792 -0.003757 -0.135230
v 0.653808 0.020056 -0.204515
v 0.672198 0.051309 -0.154914
v 0.689408 0.150436 -0.186456
v 0.684452 0.102172 -0.172678
v 0.687204 0.118768 -0.238933
v 0.591382 0.057438 0.411716
v 0.609745 0.102203 0.432370
v 0.550862 -0.024483 0.366386
v 0.572346 0.014418 0.389871
v 0.620838 0.086479 0.362507
v 0.597408 0.048816 0.378111
v 0.602042 0.043666 0.340791
v 0.457963 -0.132237 0.242696
v 0.481368 -0.111320 0.276251
v 0.554075 -0.061740 0.254507
v 0.516898 -0.090681 0.269608
v 0.530672 -0.086651 0.222349
v 0.504472 -0.087115 0.308142
v 0.531792 -0.060509 0.339046
v 0.645199 0.113442 0.166234
v 0.628688 0.065412 0.191579
v 0.643697 0.086813 0.131954
v 0.610788 0.044371 0.298815
v 0.615536 0.051726 0.248486
v 0.627444 0.087016 0.274344
v 0.595884 -0.011582 0.182607
v 0.607404 0.019479 0.214184
v 0.582264 -0.025155 0.239951
v 0.559197 -0.030120 0.328935
v 0.567615 -0.029950 0.286776
v 0.586004 0.005568 0.313692
v 0.574133 -0.083834 -0.160091
v 0.616726 -0.025388 -0.058548
v 0.598647 -0.056746 -0.107744
v 0.553981 -0.100879 -0.083404
v 0.534008 -0.112856 -0.008388
v 0.641428 0.057396 0.085172
v 0.587615 -0.041030 0.135561
v 0.615760 0.005703 0.110895
v 0.636108 0.030290 0.037431
v 0.633922 0.002230 -0.011588
v 0.473258 -0.138625 0.190612
v 0.514305 -0.128325 0.065312
v 0.491941 -0.135939 0.129791
v 0.511812 -0.112204 0.176743
v 0.550702 -0.083025 0.162107
v 0.593321 -0.048619 0.016543
v 0.569447 -0.066975 0.089927
v 0.554418 -0.092674 0.042718
v 0.003989 0.033021 0.412020
v 0.082497 0.039518 0.422946
v 0.043240 0.037519 0.416304
v 0.006681 0.064732 0.431329
v 0.008326 0.096457 0.451879
v 0.257410 0.055758 0.451880
v 0.213035 0.053894 0.442123
v 0.149625 0.121731 0.470223
v 0.181226 0.087917 0.455997
v 0.193501 0.124832 0.476364
v 0.168941 0.049933 0.435725
v 0.128017 0.046768 0.429868
v 0.026840 0.213190 0.509172
v 0.030627 0.253588 0.530009
v 0.015886 0.133330 0.471759
v 0.019229 0.172977 0.490203
v 0.119133 0.190986 0.501935
v 0.068842 0.183511 0.494476
v 0.111683 0.151398 0.483198
v 0.091498 0.076519 0.442572
v 0.099160 0.113625 0.462556
v 0.053605 0.106378 0.455600
v 0.566954 0.130393 0.485733
v 0.557287 0.207346 0.513175
v 0.561709 0.169230 0.499358
v 0.536148 0.112584 0.486943
v 0.498348 0.099753 0.485757
v 0.510996 0.368239 0.563708
v 0.524002 0.329921 0.551062
v 0.457583 0.223961 0.523025
v 0.491812 0.271650 0.537843
v 0.440940 0.259926 0.533435
v 0.536735 0.290412 0.538331
v 0.547625 0.251118 0.527708
v 0.356406 0.074575 0.466312
v 0.314066 0.066971 0.458815
v 0.453335 0.091016 0.483077
v 0.404932 0.082665 0.474285
v 0.372391 0.162388 0.497101
v 0.388143 0.122454 0.484765
v 0.422862 0.172210 0.506273
v 0.518170 0.192327 0.513076
v 0.471686 0.182736 0.509683
v 0.484098 0.141038 0.496762
v 0.133672 0.610183 0.646085
v 0.093168 0.498338 0.623367
v 0.109032 0.551260 0.637006
v 0.211139 0.582622 0.636176
v 0.283917 0.552268 0.626226
v 0.044490 0.301384 0.550434
v 0.047680 0.342945 0.565379
v 0.191932 0.385474 0.584454
v 0.118674 0.363983 0.573025
v 0.176483 0.338888 0.564799
v 0.062717 0.388939 0.584728
v 0.068055 0.443111 0.607007
v 0.442189 0.448982 0.588967
v 0.477636 0.413051 0.580325
v 0.349911 0.519919 0.614424
v 0.399599 0.483678 0.601540
v 0.325827 0.375122 0.577114
v 0.359225 0.424614 0.590350
v 0.280448 0.406605 0.587753
v 0.159335 0.465928 0.608948
v 0.223842 0.432870 0.596819
v 0.249455 0.489048 0.613378
v 0.281960 0.102188 0.469122
v 0.342119 0.197089 0.509874
v 0.308352 0.148417 0.488963
v 0.250973 0.136340 0.481490
v 0.219344 0.169906 0.495633
v 0.440480 0.351070 0.564355
v 0.293352 0.323629 0.560498
v 0.368691 0.338064 0.561018
v 0.406694 0.297536 0.546924
v 0.372396 0.249737 0.531912
v 0.090106 0.270851 0.533608
v 0.179828 0.206092 0.509432
v 0.136983 0.238033 0.520672
v 0.150956 0.286383 0.541308
v 0.223734 0.307269 0.552303
v 0.306659 0.233966 0.522667
v 0.267361 0.270432 0.536608
v 0.237649 0.218388 0.514952
v -0.399403 -0.264189 0.318936
v -0.346385 -0.219913 0.302329
v -0.373248 -0.242910 0.311830
v -0.401636 -0.239574 0.305620
v -0.402907 -0.213327 0.293085
v -0.253956 -0.152632 0.310582
v -0.277368 -0.168435 0.308271
v -0.343828 -0.161331 0.322592
v -0.310021 -0.164519 0.315246
v -0.321726 -0.146532 0.323679
v -0.299522 -0.183293 0.307129
v -0.324675 -0.200398 0.310083
v -0.430435 -0.141702 0.312652
v -0.443432 -0.117975 0.322412
v -0.411256 -0.191535 0.297046
v -0.419566 -0.165281 0.302500
v -0.384245 -0.135855 0.328820
v -0.402225 -0.151592 0.316596
v -0.373688 -0.158855 0.318882
v -0.353937 -0.198295 0.306597
v -0.361945 -0.176931 0.310428
v -0.383378 -0.196349 0.302696
v -0.097715 -0.011588 0.383517
v -0.171429 0.010562 0.404016
v -0.133595 -0.000360 0.393264
v -0.120906 -0.033313 0.372134
v -0.144303 -0.053653 0.360385
v -0.322924 0.049125 0.440938
v -0.283655 0.038566 0.430652
v -0.251761 -0.029388 0.391925
v -0.267450 0.004342 0.410913
v -0.289221 -0.020340 0.400902
v -0.246258 0.029216 0.421560
v -0.208131 0.019099 0.413990
v -0.209939 -0.112817 0.331603
v -0.231793 -0.130651 0.324043
v -0.166764 -0.077244 0.348814
v -0.188880 -0.094670 0.339299
v -0.258641 -0.079859 0.362611
v -0.222603 -0.087393 0.351040
v -0.237574 -0.061614 0.370347
v -0.193386 -0.013330 0.391934
v -0.215782 -0.036936 0.380353
v -0.179171 -0.045660 0.370313
v -0.550750 0.141980 0.434458
v -0.524901 0.054528 0.403792
v -0.537674 0.097955 0.418800
v -0.524941 0.124206 0.443867
v -0.500402 0.108450 0.451592
v -0.461488 -0.086944 0.340249
v -0.475812 -0.054558 0.354748
v -0.451878 -0.009950 0.398678
v -0.463696 -0.033675 0.378127
v -0.436722 -0.043228 0.382568
v -0.491053 -0.021036 0.370960
v -0.508603 0.014454 0.386876
v -0.398999 0.069911 0.448642
v -0.362622 0.058792 0.446114
v -0.470363 0.095146 0.455889
v -0.433378 0.081197 0.452424
v -0.404481 0.006314 0.416550
v -0.418388 0.043336 0.433725
v -0.438512 0.017179 0.420125
v -0.494945 0.039511 0.411012
v -0.465990 0.027464 0.416017
v -0.482150 0.067421 0.432854
v -0.265862 -0.127756 0.329801
v -0.294567 -0.076542 0.368288
v -0.279607 -0.102390 0.348955
v -0.301755 -0.124502 0.335448
v -0.335562 -0.121262 0.342808
v -0.344525 0.022996 0.425032
v -0.386845 -0.029403 0.396836
v -0.366582 -0.003366 0.410373
v -0.326917 -0.012513 0.405407
v -0.311306 -0.046456 0.386343
v -0.430749 -0.097796 0.344267
v -0.371803 -0.113289 0.348028
v -0.400511 -0.105658 0.345895
v -0.418397 -0.074978 0.363583
v -0.406301 -0.051649 0.383946
v -0.332259 -0.069039 0.372663
v -0.368562 -0.060897 0.377964
v -0.351789 -0.091142 0.359838
v 0.004295 -0.400271 -0.379819
v -0.060785 -0.442424 -0.187209
v -0.038969 -0.414497 -0.295221
v -0.089019 -0.374320 -0.384385
v -0.174449 -0.366857 -0.418381
v -0.399431 -0.655506 0.309219
v -0.281274 -0.603837 0.147692
v -0.318249 -0.552444 -0.338379
v -0.318266 -0.544064 -0.070160
v -0.426081 -0.632196 -0.217909
v -0.193813 -0.552637 0.014229
v -0.118062 -0.497490 -0.136794
v -0.520754 -0.405942 -0.675882
v -0.602393 -0.341507 -0.683928
v -0.278524 -0.389148 -0.497035
v -0.391007 -0.413156 -0.591686
v -0.605491 -0.675393 -0.648013
v -0.494083 -0.544520 -0.621862
v -0.403555 -0.586416 -0.512829
v -0.184937 -0.423889 -0.232183
v -0.270249 -0.481840 -0.342585
v -0.223093 -0.406181 -0.370563
v -0.482218 -0.350254 0.375614
v -0.531945 -0.375743 0.288270
v -0.528958 -0.366584 0.348121
v -0.535324 -0.365794 0.438045
v -0.603077 -0.393273 0.523197
v -0.434423 -0.339424 -0.202813
v -0.440313 -0.366181 -0.115573
v -0.631308 -0.525228 -0.004740
v -0.526726 -0.440494 -0.065324
v -0.581931 -0.516336 -0.142729
v -0.483166 -0.380352 0.024686
v -0.524627 -0.391944 0.135516
v -0.644724 -0.787131 0.533812
v -0.508831 -0.727681 0.442235
v -0.677136 -0.477579 0.541322
v -0.692488 -0.676437 0.585744
v -0.696961 -0.682510 0.120574
v -0.719563 -0.705459 0.386932
v -0.714497 -0.595071 0.153554
v -0.585999 -0.426037 0.233726
v -0.653505 -0.513068 0.227129
v -0.657713 -0.471831 0.409353
v -0.665218 0.103581 -0.415398
v -0.651801 -0.008557 -0.511359
v -0.657997 0.049710 -0.463973
v -0.677707 0.043609 -0.408535
v -0.674276 -0.019664 -0.398847
v -0.636020 -0.247145 -0.661939
v -0.644221 -0.173934 -0.628218
v -0.700168 -0.231200 -0.543076
v -0.687547 -0.202499 -0.593355
v -0.709280 -0.327516 -0.589309
v -0.646716 -0.122013 -0.593406
v -0.652366 -0.069573 -0.558875
v -0.503436 -0.215284 -0.301383
v -0.443068 -0.274125 -0.264371
v -0.653286 -0.090525 -0.380147
v -0.579000 -0.146311 -0.341585
v -0.586596 -0.315211 -0.411396
v -0.566815 -0.223814 -0.373074
v -0.665089 -0.238188 -0.468224
v -0.674502 -0.079040 -0.506527
v -0.672737 -0.153672 -0.493650
v -0.665419 -0.081768 -0.446295
v -0.538232 -0.695571 0.188186
v -0.680456 -0.671389 -0.211636
v -0.654984 -0.744096 0.035228
v -0.519036 -0.686057 -0.117107
v -0.618089 -0.769303 -0.466262
v -0.483010 -0.361586 -0.271369
v -0.656030 -0.439199 -0.435647
v -0.545940 -0.396240 -0.337331
v -0.542149 -0.471176 -0.276607
v -0.650467 -0.569422 -0.221344
v -0.667304 -0.402417 -0.664703
v -0.655181 -0.718427 -0.607878
v -0.674495 -0.580787 -0.661122
v -0.704475 -0.444226 -0.631911
v -0.704721 -0.474404 -0.567587
v -0.661897 -0.635665 -0.354718
v -0.673559 -0.578049 -0.477384
v -0.695543 -0.702240 -0.492613
v 0.565659 0.158848 -0.375207
v 0.546868 0.094049 -0.449107
v 0.553324 0.127692 -0.411900
v 0.521556 0.132478 -0.372081
v 0.486187 0.104325 -0.363629
v 0.506242 -0.054042 -0.579021
v 0.515012 -0.011929 -0.546377
v 0.450706 0.017700 -0.468610
v 0.481043 0.007559 -0.513465
v 0.440963 -0.014333 -0.505601
v 0.528351 0.027490 -0.514326
v 0.537397 0.062601 -0.483753
v 0.372394 0.006010 -0.325651
v 0.339095 -0.022652 -0.314417
v 0.444058 0.071264 -0.349070
v 0.407418 0.035412 -0.334232
v 0.384367 -0.011107 -0.412800
v 0.394454 0.013798 -0.373284
v 0.419794 0.018986 -0.420651
v 0.499745 0.070415 -0.443364
v 0.464007 0.049031 -0.433762
v 0.471516 0.075368 -0.396347
v 0.167709 -0.330958 -0.573862
v 0.130643 -0.239023 -0.655842
v 0.146231 -0.283085 -0.622334
v 0.231634 -0.309156 -0.604434
v 0.302071 -0.269324 -0.640512
v 0.098512 -0.111563 -0.552255
v 0.104010 -0.129538 -0.594320
v 0.227851 -0.148638 -0.618832
v 0.167556 -0.139258 -0.606236
v 0.215670 -0.124137 -0.584279
v 0.112336 -0.158425 -0.628084
v 0.115172 -0.193953 -0.651466
v 0.448865 -0.142546 -0.622208
v 0.474827 -0.095791 -0.605774
v 0.368196 -0.234993 -0.642754
v 0.409177 -0.186817 -0.636754
v 0.341929 -0.119055 -0.601332
v 0.374716 -0.145633 -0.623008
v 0.308806 -0.154844 -0.623503
v 0.192521 -0.210876 -0.645379
v 0.253650 -0.180758 -0.637086
v 0.272125 -0.222530 -0.642235
v 0.032036 -0.102156 -0.227738
v 0.127280 -0.088628 -0.256206
v 0.080304 -0.094856 -0.242447
v 0.040465 -0.100416 -0.272439
v 0.048017 -0.097981 -0.320144
v 0.294091 -0.038903 -0.301781
v 0.256336 -0.056987 -0.288644
v 0.198109 -0.076785 -0.366152
v 0.226913 -0.067116 -0.326836
v 0.238042 -0.063359 -0.376444
v 0.216377 -0.070281 -0.279787
v 0.176407 -0.082348 -0.270900
v 0.077936 -0.096012 -0.461187
v 0.084845 -0.100104 -0.505258
v 0.058195 -0.096729 -0.368115
v 0.067273 -0.095841 -0.414829
v 0.169294 -0.082607 -0.446157
v 0.119507 -0.090748 -0.429798
v 0.159323 -0.081429 -0.400038
v 0.138087 -0.086271 -0.302672
v 0.148500 -0.084425 -0.351009
v 0.099068 -0.091531 -0.335754
v 0.439460 -0.067643 -0.576314
v 0.313784 -0.100080 -0.564814
v 0.381629 -0.084418 -0.569886
v 0.410057 -0.048941 -0.537978
v 0.379755 -0.038746 -0.494528
v 0.143635 -0.102338 -0.523333
v 0.225345 -0.081018 -0.465047
v 0.184960 -0.091202 -0.494411
v 0.198505 -0.102713 -0.542285
v 0.260834 -0.106347 -0.560214
v 0.312906 -0.035117 -0.349964
v 0.357037 -0.029956 -0.446042
v 0.334567 -0.030071 -0.401178
v 0.287409 -0.050521 -0.385082
v 0.257972 -0.061779 -0.424681
v 0.294666 -0.081485 -0.520811
v 0.274305 -0.069110 -0.474690
v 0.330499 -0.056462 -0.484127
v 0.622305 0.142427 0.425820
v 0.629815 0.128597 0.352496
v 0.625283 0.133835 0.389884
v 0.632151 0.185328 0.416205
v 0.640044 0.224960 0.403020
v 0.647285 0.156894 0.150072
v 0.637139 0.140351 0.208366
v 0.628846 0.198735 0.276158
v 0.632533 0.171006 0.241576
v 0.626537 0.201675 0.226597
v 0.633013 0.130321 0.258312
v 0.630527 0.124681 0.308552
v 0.597699 0.291744 0.339992
v 0.567974 0.300031 0.321410
v 0.636996 0.257849 0.385692
v 0.620947 0.277896 0.360967
v 0.599328 0.246568 0.282040
v 0.608301 0.259903 0.324810
v 0.621560 0.231933 0.302654
v 0.631822 0.169312 0.334944
v 0.630938 0.204330 0.318700
v 0.633507 0.211317 0.363258
v 0.617248 0.229654 -0.247655
v 0.570919 0.226239 -0.143103
v 0.593781 0.230513 -0.199208
v 0.632869 0.234707 -0.202653
v 0.647896 0.236075 -0.150722
v 0.461546 0.147522 0.059557
v 0.484141 0.169613 0.011674
v 0.569879 0.218661 0.004936
v 0.527216 0.199904 0.004006
v 0.543828 0.202267 0.049502
v 0.511989 0.189650 -0.034399
v 0.538908 0.208278 -0.083796
v 0.657039 0.193879 0.021739
v 0.653576 0.172699 0.084698
v 0.659030 0.230455 -0.096630
v 0.657561 0.213097 -0.036158
v 0.616731 0.216569 0.055741
v 0.637216 0.217092 0.007290
v 0.611658 0.228238 0.000754
v 0.584867 0.231654 -0.098740
v 0.598588 0.231803 -0.046702
v 0.624639 0.238138 -0.102405
v 0.351308 0.214264 0.257336
v 0.406517 0.254373 0.265263
v 0.377282 0.235729 0.261046
v 0.365405 0.194491 0.240661
v 0.381575 0.175967 0.221729
v 0.532311 0.304595 0.306715
v 0.497340 0.300793 0.289315
v 0.463230 0.237185 0.234557
v 0.477676 0.265690 0.263781
v 0.494950 0.249561 0.244438
v 0.465372 0.288171 0.279331
v 0.435271 0.275607 0.270934
v 0.421171 0.136398 0.144915
v 0.437577 0.142037 0.108232
v 0.396580 0.159337 0.201433
v 0.407932 0.145922 0.173676
v 0.464457 0.192484 0.180777
v 0.433945 0.171284 0.174330
v 0.450395 0.200671 0.209064
v 0.418571 0.234627 0.249144
v 0.433616 0.217680 0.228719
v 0.406096 0.198399 0.223740
v 0.637153 0.190449 0.128325
v 0.589755 0.214263 0.104392
v 0.620454 0.209914 0.110518
v 0.620928 0.201905 0.174498
v 0.606052 0.216794 0.208815
v 0.471815 0.168355 0.097265
v 0.500725 0.208510 0.177060
v 0.485633 0.181663 0.143268
v 0.511600 0.190290 0.095547
v 0.554605 0.209847 0.095364
v 0.546843 0.275657 0.288566
v 0.587347 0.234639 0.242518
v 0.565097 0.253013 0.264307
v 0.528797 0.256162 0.248905
v 0.515366 0.229509 0.220340
v 0.562933 0.210115 0.148400
v 0.536671 0.218540 0.182847
v 0.572422 0.223704 0.191306
f 1 643 645
f 163 644 643
f 165 645 644
f 643 644 645
f 43 646 648
f 164 647 646
f 163 648 647
f 646 647 648
f 45 649 651
f 165 650 649
f 164 651 650
f 649 650 651
f 163 647 644
f 164 650 647
f 165 644 650
f 647 650 644
f 13 652 654
f 166 653 652
f 168 654 653
f 652 653 654
f 44 655 657
f 167 656 655
f 166 657 656
f 655 656 657
f 43 658 660
f 168 659 658
f 167 660 659
f 658 659 660
f 166 656 653
f 167 659 656
f 168 653 659
f 656 659 653
f 15 661 663
f 169 662 661
f 171 663 662
f 661 662 663
f 45 664 666
f 170 665 664
f 169 666 665
f 664 665 666
f 44 667 669
f 171 668 667
f 170 669 668
f 667 668 669
f 169 665 662
f 170 668 665
f 171 662 668
f 665 668 662
f 43 660 646
f 167 670 660
f 164 646 670
f 660 670 646
f 44 669 655
f 170 671 669
f 167 655 671
f 669 671 655
f 45 651 664
f 164 672 651
f 170 664 672
f 651 672 664
f 167 671 670
f 170 672 671
f 164 670 672
f 671 672 670
f 12 673 675
f 172 674 673
f 174 675 674
f 673 674 675
f 46 676 678
f 173 677 676
f 172 678 677
f 676 677 678
f 48 679 681
f 174 680 679
f 173 681 680
f 679 680 681
f 172 677 674
f 173 680 677
f 174 674 680
f 677 680 674
f 14 682 684
f 175 683 682
f 177 684 683
f 682 683 684
f 47 685 687
f 176 686 685
f 175 687 686
f 685 686 687
f 46 688 690
f 177 689 688
f 176 690 689
f 688 689 690
f 175 686 683
f 176 689 686
f 177 683 689
f 686 689 683
f 13 691 693
f 178 692 691
f 180 693 692
f 691 692 693
f 48 694 696
f 179 695 694
f 178 696 695
f 694 695 696
f 47 697 699
f 180 698 697
f 179 699 698
f 697 698 699
f 178 695 692
f 179 698 695
f 180 692 698
f 695 698 692
f 46 690 676
f 176 700 690
f 173 676 700
f 690 700 676
f 47 699 685
f 179 701 699
f 176 685 701
f 699 701 685
f 48 681 694
f 173 702 681
f 179 694 702
f 681 702 694
f 176 701 700
f 179 702 701
f 173 700 702
f 701 702 700
f 6 703 705
f 181 704 703
f 183 705 704
f 703 704 705
f 49 706 708
f 182 707 706
f 181 708 707
f 706 707 708
f 51 709 711
f 183 710 709
f 182 711 710
f 709 710 711
f 181 707 704
f 182 710 707
f 183 704 710
f 707 710 704
f 15 712 714
f 184 713 712
f 186 714 713
f 712 713 714
f 50 715 717
f 185 716 715
f 184 717 716
f 715 716 717
f 49 718 720
f 186 719 718
f 185 720 719
f 718 719 720
f 184 716 713
f 185 719 716
f 186 713 719
f 716 719 713
f 14 721 723
f 187 722 721
f 189 723 722
f 721 722 723
f 51 724 726
f 188 725 724
f 187 726 725
f 724 725 726
f 50 727 729
f 189 728 727
f 188 729 728
f 727 728 729
f 187 725 722
f 188 728 725
f 189 722 728
f 725 728 722
f 49 720 706
f 185 730 720
f 182 706 730
f 720 730 706
f 50 729 715
f 188 731 729
f 185 715 731
f 729 731 715
f 51 711 724
f 182 732 711
f 188 724 732
f 711 732 724
f 185 731 730
f 188 732 731
f 182 730 732
f 731 732 730
f 13 693 652
f 180 733 693
f 166 652 733
f 693 733 652
f 47 734 697
f 190 735 734
f 180 697 735
f 734 735 697
f 44 657 737
f 166 736 657
f 190 737 736
f 657 736 737
f 180 735 733
f 190 736 735
f 166 733 736
f 735 736 733
f 14 723 682
f 189 738 723
f 175 682 738
f 723 738 682
f 50 739 727
f 191 740 739
f 189 727 740
f 739 740 727
f 47 687 742
f 175 741 687
f 191 742 741
f 687 741 742
f 189 740 738
f 191 741 740
f 175 738 741
f 740 741 738
f 15 663 712
f 171 743 663
f 184 712 743
f 663 743 712
f 44 744 667
f 192 745 744
f 171 667 745
f 744 745 667
f 50 717 747
f 184 746 717
f 192 747 746
f 717 746 747
f 171 745 743
f 192 746 745
f 184 743 746
f 745 746 743
f 47 742 734
f 191 748 742
f 190 734 748
f 742 748 734
f 50 747 739
f 192 749 747
f 191 739 749
f 747 749 739
f 44 737 744
f 190 750 737
f 192 744 750
f 737 750 744
f 191 749 748
f 192 750 749
f 190 748 750
f 749 750 748
f 1 645 752
f 165 751 645
f 194 752 751
f 645 751 752
f 45 753 649
f 193 754 753
f 165 649 754
f 753 754 649
f 53 755 757
f 194 756 755
f 193 757 756
f 755 756 757
f 165 754 751
f 193 756 754
f 194 751 756
f 754 756 751
f 15 758 661
f 195 759 758
f 169 661 759
f 758 759 661
f 52 760 762
f 196 761 760
f 195 762 761
f 760 761 762
f 45 666 764
f 169 763 666
f 196 764 763
f 666 763 764
f 195 761 759
f 196 763 761
f 169 759 763
f 761 763 759
f 17 765 767
f 197 766 765
f 199 767 766
f 765 766 767
f 53 768 770
f 198 769 768
f 197 770 769
f 768 769 770
f 52 771 773
f 199 772 771
f 198 773 772
f 771 772 773
f 197 769 766
f 198 772 769
f 199 766 772
f 769 772 766
f 45 764 753
f 196 774 764
f 193 753 774
f 764 774 753
f 52 773 760
f 198 775 773
f 196 760 775
f 773 775 760
f 53 757 768
f 193 776 757
f 198 768 776
f 757 776 768
f 196 775 774
f 198 776 775
f 193 774 776
f 775 776 774
f 6 777 703
f 200 778 777
f 181 703 778
f 777 778 703
f 54 779 781
f 201 780 779
f 200 781 780
f 779 780 781
f 49 708 783
f 181 782 708
f 201 783 782
f 708 782 783
f 200 780 778
f 201 782 780
f 181 778 782
f 780 782 778
f 16 784 786
f 202 785 784
f 204 786 785
f 784 785 786
f 55 787 789
f 203 788 787
f 202 789 788
f 787 788 789
f 54 790 792
f 204 791 790
f 203 792 791
f 790 791 792
f 202 788 785
f 203 791 788
f 204 785 791
f 788 791 785
f 15 714 794
f 186 793 714
f 206 794 793
f 714 793 794
f 49 795 718
f 205 796 795
f 186 718 796
f 795 796 718
f 55 797 799
f 206 798 797
f 205 799 798
f 797 798 799
f 186 796 793
f 205 798 796
f 206 793 798
f 796 798 793
f 54 792 779
f 203 800 792
f 201 779 800
f 792 800 779
f 55 799 787
f 205 801 799
f 203 787 801
f 799 801 787
f 49 783 795
f 201 802 783
f 205 795 802
f 783 802 795
f 203 801 800
f 205 802 801
f 201 800 802
f 801 802 800
f 2 803 805
f 207 804 803
f 209 805 804
f 803 804 805
f 56 806 808
f 208 807 806
f 207 808 807
f 806 807 808
f 58 809 811
f 209 810 809
f 208 811 810
f 809 810 811
f 207 807 804
f 208 810 807
f 209 804 810
f 807 810 804
f 17 812 814
f 210 813 812
f 212 814 813
f 812 813 814
f 57 815 817
f 211 816 815
f 210 817 816
f 815 816 817
f 56 818 820
f 212 819 818
f 211 820 819
f 818 819 820
f 210 816 813
f 211 819 816
f 212 813 819
f 816 819 813
f 16 821 823
f 213 822 821
f 215 823 822
f 821 822 823
f 58 824 826
f 214 825 824
f 213 826 825
f 824 825 826
f 57 827 829
f 215 828 827
f 214 829 828
f 827 828 829
f 213 825 822
f 214 828 825
f 215 822 828
f 825 828 822
f 56 820 806
f 211 830 820
f 208 806 830
f 820 830 806
f 57 829 815
f 214 831 829
f 211 815 831
f 829 831 815
f 58 811 824
f 208 832 811
f 214 824 832
f 811 832 824
f 211 831 830
f 214 832 831
f 208 830 832
f 831 832 830
f 15 794 758
f 206 833 794
f 195 758 833
f 794 833 758
f 55 834 797
f 216 835 834
f 206 797 835
f 834 835 797
f 52 762 837
f 195 836 762
f 216 837 836
f 762 836 837
f 206 835 833
f 216 836 835
f 195 833 836
f 835 836 833
f 16 823 784
f 215 838 823
f 202 784 838
f 823 838 784
f 57 839 827
f 217 840 839
f 215 827 840
f 839 840 827
f 55 789 842
f 202 841 789
f 217 842 841
f 789 841 842
f 215 840 838
f 217 841 840
f 202 838 841
f 840 841 838
f 17 767 812
f 199 843 767
f 210 812 843
f 767 843 812
f 52 844 771
f 218 845 844
f 199 771 845
f 844 845 771
f 57 817 847
f 210 846 817
f 218 847 846
f 817 846 847
f 199 845 843
f 218 846 845
f 210 843 846
f 845 846 843
f 55 842 834
f 217 848 842
f 216 834 848
f 842 848 834
f 57 847 839
f 218 849 847
f 217 839 849
f 847 849 839
f 52 837 844
f 216 850 837
f 218 844 850
f 837 850 844
f 217 849 848
f 218 850 849
f 216 848 850
f 849 850 848
f 1 752 852
f 194 851 752
f 220 852 851
f 752 851 852
f 53 853 755
f 219 854 853
f 194 755 854
f 853 854 755
f 60 855 857
f 220 856 855
f 219 857 856
f 855 856 857
f 194 854 851
f 219 856 854
f 220 851 856
f 854 856 851
f 17 858 765
f 221 859 858
f 197 765 859
f 858 859 765
f 59 860 862
f 222 861 860
f 221 862 861
f 860 861 862
f 53 770 864
f 197 863 770
f 222 864 863
f 770 863 864
f 221 861 859
f 222 863 861
f 197 859 863
f 861 863 859
f 19 865 867
f 223 866 865
f 225 867 866
f 865 866 867
f 60 868 870
f 224 869 868
f 223 870 869
f 868 869 870
f 59 871 873
f 225 872 871
f 224 873 872
f 871 872 873
f 223 869 866
f 224 872 869
f 225 866 872
f 869 872 866
f 53 864 853
f 222 874 864
f 219 853 874
f 864 874 853
f 59 873 860
f 224 875 873
f 222 860 875
f 873 875 860
f 60 857 868
f 219 876 857
f 224 868 876
f 857 876 868
f 222 875 874
f 224 876 875
f 219 874 876
f 875 876 874
f 2 877 803
f 226 878 877
f 207 803 878
f 877 878 803
f 61 879 881
f 227 880 879
f 226 881 880
f 879 880 881
f 56 808 883
f 207 882 808
f 227 883 882
f 808 882 883
f 226 880 878
f 227 882 880
f 207 878 882
f 880 882 878
f 18 884 886
f 228 885 884
f 230 886 885
f 884 885 886
f 62 887 889
f 229 888 887
f 228 889 888
f 887 888 889
f 61 890 892
f 230 891 890
f 229 892 891
f 890 891 892
f 228 888 885
f 229 891 888
f 230 885 891
f 888 891 885
f 17 814 894
f 212 893 814
f 232 894 893
f 814 893 894
f 56 895 818
f 231 896 895
f 212 818 896
f 895 896 818
f 62 897 899
f 232 898 897
f 231 899 898
f 897 898 899
f 212 896 893
f 231 898 896
f 232 893 898
f 896 898 893
f 61 892 879
f 229 900 892
f 227 879 900
f 892 900 879
f 62 899 887
f 231 901 899
f 229 887 901
f 899 901 887
f 56 883 895
f 227 902 883
f 231 895 902
f 883 902 895
f 229 901 900
f 231 902 901
f 227 900 902
f 901 902 900
f 8 903 905
f 233 904 903
f 235 905 904
f 903 904 905
f 63 906 908
f 234 907 906
f 233 908 907
f 906 907 908
f 65 909 911
f 235 910 909
f 234 911 910
f 909 910 911
f 233 907 904
f 234 910 907
f 235 904 910
f 907 910 904
f 19 912 914
f 236 913 912
f 238 914 913
f 912 913 914
f 64 915 917
f 237 916 915
f 236 917 916
f 915 916 917
f 63 918 920
f 238 919 918
f 237 920 919
f 918 919 920
f 236 916 913
f 237 919 916
f 238 913 919
f 916 919 913
f 18 921 923
f 239 922 921
f 241 923 922
f 921 922 923
f 65 924 926
f 240 925 924
f 239 926 925
f 924 925 926
f 64 927 929
f 241 928 927
f 240 929 928
f 927 928 929
f 239 925 922
f 240 928 925
f 241 922 928
f 925 928 922
f 63 920 906
f 237 930 920
f 234 906 930
f 920 930 906
f 64 929 915
f 240 931 929
f 237 915 931
f 929 931 915
f 65 911 924
f 234 932 911
f 240 924 932
f 911 932 924
f 237 931 930
f 240 932 931
f 234 930 932
f 931 932 930
f 17 894 858
f 232 933 894
f 221 858 933
f 894 933 858
f 62 934 897
f 242 935 934
f 232 897 935
f 934 935 897
f 59 862 937
f 221 936 862
f 242 937 936
f 862 936 937
f 232 935 933
f 242 936 935
f 221 933 936
f 935 936 933
f 18 923 884
f 241 938 923
f 228 884 938
f 923 938 884
f 64 939 927
f 243 940 939
f 241 927 940
f 939 940 927
f 62 889 942
f 228 941 889
f 243 942 941
f 889 941 942
f 241 940 938
f 243 941 940
f 228 938 941
f 940 941 938
f 19 867 912
f 225 943 867
f 236 912 943
f 867 943 912
f 59 944 871
f 244 945 944
f 225 871 945
f 944 945 871
f 64 917 947
f 236 946 917
f 244 947 946
f 917 946 947
f 225 945 943
f 244 946 945
f 236 943 946
f 945 946 943
f 62 942 934
f 243 948 942
f 242 934 948
f 942 948 934
f 64 947 939
f 244 949 947
f 243 939 949
f 947 949 939
f 59 937 944
f 242 950 937
f 244 944 950
f 937 950 944
f 243 949 948
f 244 950 949
f 242 948 950
f 949 950 948
f 1 852 952
f 220 951 852
f 246 952 951
f 852 951 952
f 60 953 855
f 245 954 953
f 220 855 954
f 953 954 855
f 67 955 957
f 246 956 955
f 245 957 956
f 955 956 957
f 220 954 951
f 245 956 954
f 246 951 956
f 954 956 951
f 19 958 865
f 247 959 958
f 223 865 959
f 958 959 865
f 66 960 962
f 248 961 960
f 247 962 961
f 960 961 962
f 60 870 964
f 223 963 870
f 248 964 963
f 870 963 964
f 247 961 959
f 248 963 961
f 223 959 963
f 961 963 959
f 21 965 967
f 249 966 965
f 251 967 966
f 965 966 967
f 67 968 970
f 250 969 968
f 249 970 969
f 968 969 970
f 66 971 973
f 251 972 971
f 250 973 972
f 971 972 973
f 249 969 966
f 250 972 969
f 251 966 972
f 969 972 966
f 60 964 953
f 248 974 964
f 245 953 974
f 964 974 953
f 66 973 960
f 250 975 973
f 248 960 975
f 973 975 960
f 67 957 968
f 245 976 957
f 250 968 976
f 957 976 968
f 248 975 974
f 250 976 975
f 245 974 976
f 975 976 974
f 8 977 903
f 252 978 977
f 233 903 978
f 977 978 903
f 68 979 981
f 253 980 979
f 252 981 980
f 979 980 981
f 63 908 983
f 233 982 908
f 253 983 982
f 908 982 983
f 252 980 978
f 253 982 980
f 233 978 982
f 980 982 978
f 20 984 986
f 254 985 984
f 256 986 985
f 984 985 986
f 69 987 989
f 255 988 987
f 254 989 988
f 987 988 989
f 68 990 992
f 256 991 990
f 255 992 991
f 990 991 992
f 254 988 985
f 255 991 988
f 256 985 991
f 988 991 985
f 19 914 994
f 238 993 914
f 258 994 993
f 914 993 994
f 63 995 918
f 257 996 995
f 238 918 996
f 995 996 918
f 69 997 999
f 258 998 997
f 257 999 998
f 997 998 999
f 238 996 993
f 257 998 996
f 258 993 998
f 996 998 993
f 68 992 979
f 255 1000 992
f 253 979 1000
f 992 1000 979
f 69 999 987
f 257 1001 999
f 255 987 1001
f 999 1001 987
f 63 983 995
f 253 1002 983
f 257 995 1002
f 983 1002 995
f 255 1001 1000
f 257 1002 1001
f 253 1000 1002
f 1001 1002 1000
f 11 1003 1005
f 259 1004 1003
f 261 1005 1004
f 1003 1004 1005
f 70 1006 1008
f 260 1007 1006
f 259 1008 1007
f 1006 1007 1008
f 72 1009 1011
f 261 1010 1009
f 260 1011 1010
f 1009 1010 1011
f 259 1007 1004
f 260 1010 1007
f 261 1004 1010
f 1007 1010 1004
f 21 1012 1014
f 262 1013 1012
f 264 1014 1013
f 1012 1013 1014
f 71 1015 1017
f 263 1016 1015
f 262 1017 1016
f 1015 1016 1017
f 70 1018 1020
f 264 1019 1018
f 263 1020 1019
f 1018 1019 1020
f 262 1016 1013
f 263 1019 1016
f 264 1013 1019
f 1016 1019 1013
f 20 1021 1023
f 265 1022 1021
f 267 1023 1022
f 1021 1022 1023
f 72 1024 1026
f 266 1025 1024
f 265 1026 1025
f 1024 1025 1026
f 71 1027 1029
f 267 1028 1027
f 266 1029 1028
f 1027 1028 1029
f 265 1025 1022
f 266 1028 1025
f 267 1022 1028
f 1025 1028 1022
f 70 1020 1006
f 263 1030 1020
f 260 1006 1030
f 1020 1030 1006
f 71 1029 1015
f 266 1031 1029
f 263 1015 1031
f 1029 1031 1015
f 72 1011 1024
f 260 1032 1011
f 266 1024 1032
f 1011 1032 1024
f 263 1031 1030
f 266 1032 1031
f 260 1030 1032
f 1031 1032 1030
f 19 994 958
f 258 1033 994
f 247 958 1033
f 994 1033 958
f 69 1034 997
f 268 1035 1034
f 258 997 1035
f 1034 1035 997
f 66 962 1037
f 247 1036 962
f 268 1037 1036
f 962 1036 1037
f 258 1035 1033
f 268 1036 1035
f 247 1033 1036
f 1035 1036 1033
f 20 1023 984
f 267 1038 1023
f 254 984 1038
f 1023 1038 984
f 71 1039 1027
f 269 1040 1039
f 267 1027 1040
f 1039 1040 1027
f 69 989 1042
f 254 1041 989
f 269 1042 1041
f 989 1041 1042
f 267 1040 1038
f 269 1041 1040
f 254 1038 1041
f 1040 1041 1038
f 21 967 1012
f 251 1043 967
f 262 1012 1043
f 967 1043 1012
f 66 1044 971
f 270 1045 1044
f 251 971 1045
f 1044 1045 971
f 71 1017 1047
f 262 1046 1017
f 270 1047 1046
f 1017 1046 1047
f 251 1045 1043
f 270 1046 1045
f 262 1043 1046
f 1045 1046 1043
f 69 1042 1034
f 269 1048 1042
f 268 1034 1048
f 1042 1048 1034
f 71 1047 1039
f 270 1049 1047
f 269 1039 1049
f 1047 1049 1039
f 66 1037 1044
f 268 1050 1037
f 270 1044 1050
f 1037 1050 1044
f 269 1049 1048
f 270 1050 1049
f 268 1048 1050
f 1049 1050 1048
f 1 952 643
f 246 1051 952
f 163 643 1051
f 952 1051 643
f 67 1052 955
f 271 1053 1052
f 246 955 1053
f 1052 1053 955
f 43 648 1055
f 163 1054 648
f 271 1055 1054
f 648 1054 1055
f 246 1053 1051
f 271 1054 1053
f 163 1051 1054
f 1053 1054 1051
f 21 1056 965
f 272 1057 1056
f 249 965 1057
f 1056 1057 965
f 73 1058 1060
f 273 1059 1058
f 272 1060 1059
f 1058 1059 1060
f 67 970 1062
f 249 1061 970
f 273 1062 1061
f 970 1061 1062
f 272 1059 1057
f 273 1061 1059
f 249 1057 1061
f 1059 1061 1057
f 13 654 1064
f 168 1063 654
f 275 1064 1063
f 654 1063 1064
f 43 1065 658
f 274 1066 1065
f 168 658 1066
f 1065 1066 658
f 73 1067 1069
f 275 1068 1067
f 274 1069 1068
f 1067 1068 1069
f 168 1066 1063
f 274 1068 1066
f 275 1063 1068
f 1066 1068 1063
f 67 1062 1052
f 273 1070 1062
f 271 1052 1070
f 1062 1070 1052
f 73 1069 1058
f 274 1071 1069
f 273 1058 1071
f 1069 1071 1058
f 43 1055 1065
f 271 1072 1055
f 274 1065 1072
f 1055 1072 1065
f 273 1071 1070
f 274 1072 1071
f 271 1070 1072
f 1071 1072 1070
f 11 1073 1003
f 276 1074 1073
f 259 1003 1074
f 1073 1074 1003
f 74 1075 1077
f 277 1076 1075
f 276 1077 1076
f 1075 1076 1077
f 70 1008 1079
f 259 1078 1008
f 277 1079 1078
f 1008 1078 1079
f 276 1076 1074
f 277 1078 1076
f 259 1074 1078
f 1076 1078 1074
f 22 1080 1082
f 278 1081 1080
f 280 1082 1081
f 1080 1081 1082
f 75 1083 1085
f 279 1084 1083
f 278 1085 1084
f 1083 1084 1085
f 74 1086 1088
f 280 1087 1086
f 279 1088 1087
f 1086 1087 1088
f 278 1084 1081
f 279 1087 1084
f 280 1081 1087
f 1084 1087 1081
f 21 1014 1090
f 264 1089 1014
f 282 1090 1089
f 1014 1089 1090
f 70 1091 1018
f 281 1092 1091
f 264 1018 1092
f 1091 1092 1018
f 75 1093 1095
f 282 1094 1093
f 281 1095 1094
f 1093 1094 1095
f 264 1092 1089
f 281 1094 1092
f 282 1089 1094
f 1092 1094 1089
f 74 1088 1075
f 279 1096 1088
f 277 1075 1096
f 1088 1096 1075
f 75 1095 1083
f 281 1097 1095
f 279 1083 1097
f 1095 1097 1083
f 70 1079 1091
f 277 1098 1079
f 281 1091 1098
f 1079 1098 1091
f 279 1097 1096
f 281 1098 1097
f 277 1096 1098
f 1097 1098 1096
f 12 675 1100
f 174 1099 675
f 284 1100 1099
f 675 1099 1100
f 48 1101 679
f 283 1102 1101
f 174 679 1102
f 1101 1102 679
f 77 1103 1105
f 284 1104 1103
f 283 1105 1104
f 1103 1104 1105
f 174 1102 1099
f 283 1104 1102
f 284 1099 1104
f 1102 1104 1099
f 13 1106 691
f 285 1107 1106
f 178 691 1107
f 1106 1107 691
f 76 1108 1110
f 286 1109 1108
f 285 1110 1109
f 1108 1109 1110
f 48 696 1112
f 178 1111 696
f 286 1112 1111
f 696 1111 1112
f 285 1109 1107
f 286 1111 1109
f 178 1107 1111
f 1109 1111 1107
f 22 1113 1115
f 287 1114 1113
f 289 1115 1114
f 1113 1114 1115
f 77 1116 1118
f 288 1117 1116
f 287 1118 1117
f 1116 1117 1118
f 76 1119 1121
f 289 1120 1119
f 288 1121 1120
f 1119 1120 1121
f 287 1117 1114
f 288 1120 1117
f 289 1114 1120
f 1117 1120 1114
f 48 1112 1101
f 286 1122 1112
f 283 1101 1122
f 1112 1122 1101
f 76 1121 1108
f 288 1123 1121
f 286 1108 1123
f 1121 1123 1108
f 77 1105 1116
f 283 1124 1105
f 288 1116 1124
f 1105 1124 1116
f 286 1123 1122
f 288 1124 1123
f 283 1122 1124
f 1123 1124 1122
f 21 1090 1056
f 282 1125 1090
f 272 1056 1125
f 1090 1125 1056
f 75 1126 1093
f 290 1127 1126
f 282 1093 1127
f 1126 1127 1093
f 73 1060 1129
f 272 1128 1060
f 290 1129 1128
f 1060 1128 1129
f 282 1127 1125
f 290 1128 1127
f 272 1125 1128
f 1127 1128 1125
f 22 1115 1080
f 289 1130 1115
f 278 1080 1130
f 1115 1130 1080
f 76 1131 1119
f 291 1132 1131
f 289 1119 1132
f 1131 1132 1119
f 75 1085 1134
f 278 1133 1085
f 291 1134 1133
f 1085 1133 1134
f 289 1132 1130
f 291 1133 1132
f 278 1130 1133
f 1132 1133 1130
f 13 1064 1106
f 275 1135 1064
f 285 1106 1135
f 1064 1135 1106
f 73 1136 1067
f 292 1137 1136
f 275 1067 1137
f 1136 1137 1067
f 76 1110 1139
f 285 1138 1110
f 292 1139 1138
f 1110 1138 1139
f 275 1137 1135
f 292 1138 1137
f 285 1135 1138
f 1137 1138 1135
f 75 1134 1126
f 291 1140 1134
f 290 1126 1140
f 1134 1140 1126
f 76 1139 1131
f 292 1141 1139
f 291 1131 1141
f 1139 1141 1131
f 73 1129 1136
f 290 1142 1129
f 292 1136 1142
f 1129 1142 1136
f 291 1141 1140
f 292 1142 1141
f 290 1140 1142
f 1141 1142 1140
f 2 805 1144
f 209 1143 805
f 294 1144 1143
f 805 1143 1144
f 58 1145 809
f 293 1146 1145
f 209 809 1146
f 1145 1146 809
f 79 1147 1149
f 294 1148 1147
f 293 1149 1148
f 1147 1148 1149
f 209 1146 1143
f 293 1148 1146
f 294 1143 1148
f 1146 1148 1143
f 16 1150 821
f 295 1151 1150
f 213 821 1151
f 1150 1151 821
f 78 1152 1154
f 296 1153 1152
f 295 1154 1153
f 1152 1153 1154
f 58 826 1156
f 213 1155 826
f 296 1156 1155
f 826 1155 1156
f 295 1153 1151
f 296 1155 1153
f 213 1151 1155
f 1153 1155 1151
f 24 1157 1159
f 297 1158 1157
f 299 1159 1158
f 1157 1158 1159
f 79 1160 1162
f 298 1161 1160
f 297 1162 1161
f 1160 1161 1162
f 78 1163 1165
f 299 1164 1163
f 298 1165 1164
f 1163 1164 1165
f 297 1161 1158
f 298 1164 1161
f 299 1158 1164
f 1161 1164 1158
f 58 1156 1145
f 296 1166 1156
f 293 1145 1166
f 1156 1166 1145
f 78 1165 1152
f 298 1167 1165
f 296 1152 1167
f 1165 1167 1152
f 79 1149 1160
f 293 1168 1149
f 298 1160 1168
f 1149 1168 1160
f 296 1167 1166
f 298 1168 1167
f 293 1166 1168
f 1167 1168 1166
f 6 1169 777
f 300 1170 1169
f 200 777 1170
f 1169 1170 777
f 80 1171 1173
f 301 1172 1171
f 300 1173 1172
f 1171 1172 1173
f 54 781 1175
f 200 1174 781
f 301 1175 1174
f 781 1174 1175
f 300 1172 1170
f 301 1174 1172
f 200 1170 1174
f 1172 1174 1170
f 23 1176 1178
f 302 1177 1176
f 304 1178 1177
f 1176 1177 1178
f 81 1179 1181
f 303 1180 1179
f 302 1181 1180
f 1179 1180 1181
f 80 1182 1184
f 304 1183 1182
f 303 1184 1183
f 1182 1183 1184
f 302 1180 1177
f 303 1183 1180
f 304 1177 1183
f 1180 1183 1177
f 16 786 1186
f 204 1185 786
f 306 1186 1185
f 786 1185 1186
f 54 1187 790
f 305 1188 1187
f 204 790 1188
f 1187 1188 790
f 81 1189 1191
f 306 1190 1189
f 305 1191 1190
f 1189 1190 1191
f 204 1188 1185
f 305 1190 1188
f 306 1185 1190
f 1188 1190 1185
f 80 1184 1171
f 303 1192 1184
f 301 1171 1192
f 1184 1192 1171
f 81 1191 1179
f 305 1193 1191
f 303 1179 1193
f 1191 1193 1179
f 54 1175 1187
f 301 1194 1175
f 305 1187 1194
f 1175 1194 1187
f 303 1193 1192
f 305 1194 1193
f 301 1192 1194
f 1193 1194 1192
f 10 1195 1197
f 307 1196 1195
f 309 1197 1196
f 1195 1196 1197
f 82 1198 1200
f 308 1199 1198
f 307 1200 1199
f 1198 1199 1200
f 84 1201 1203
f 309 1202 1201
f 308 1203 1202
f 1201 1202 1203
f 307 1199 1196
f 308 1202 1199
f 309 1196 1202
f 1199 1202 1196
f 24 1204 1206
f 310 1205 1204
f 312 1206 1205
f 1204 1205 1206
f 83 1207 1209
f 311 1208 1207
f 310 1209 1208
f 1207 1208 1209
f 82 1210 1212
f 312 1211 1210
f 311 1212 1211
f 1210 1211 1212
f 310 1208 1205
f 311 1211 1208
f 312 1205 1211
f 1208 1211 1205
f 23 1213 1215
f 313 1214 1213
f 315 1215 1214
f 1213 1214 1215
f 84 1216 1218
f 314 1217 1216
f 313 1218 1217
f 1216 1217 1218
f 83 1219 1221
f 315 1220 1219
f 314 1221 1220
f 1219 1220 1221
f 313 1217 1214
f 314 1220 1217
f 315 1214 1220
f 1217 1220 1214
f 82 1212 1198
f 311 1222 1212
f 308 1198 1222
f 1212 1222 1198
f 83 1221 1207
f 314 1223 1221
f 311 1207 1223
f 1221 1223 1207
f 84 1203 1216
f 308 1224 1203
f 314 1216 1224
f 1203 1224 1216
f 311 1223 1222
f 314 1224 1223
f 308 1222 1224
f 1223 1224 1222
f 16 1186 1150
f 306 1225 1186
f 295 1150 1225
f 1186 1225 1150
f 81 1226 1189
f 316 1227 1226
f 306 1189 1227
f 1226 1227 1189
f 78 1154 1229
f 295 1228 1154
f 316 1229 1228
f 1154 1228 1229
f 306 1227 1225
f 316 1228 1227
f 295 1225 1228
f 1227 1228 1225
f 23 1215 1176
f 315 1230 1215
f 302 1176 1230
f 1215 1230 1176
f 83 1231 1219
f 317 1232 1231
f 315 1219 1232
f 1231 1232 1219
f 81 1181 1234
f 302 1233 1181
f 317 1234 1233
f 1181 1233 1234
f 315 1232 1230
f 317 1233 1232
f 302 1230 1233
f 1232 1233 1230
f 24 1159 1204
f 299 1235 1159
f 310 1204 1235
f 1159 1235 1204
f 78 1236 1163
f 318 1237 1236
f 299 1163 1237
f 1236 1237 1163
f 83 1209 1239
f 310 1238 1209
f 318 1239 1238
f 1209 1238 1239
f 299 1237 1235
f 318 1238 1237
f 310 1235 1238
f 1237 1238 1235
f 81 1234 1226
f 317 1240 1234
f 316 1226 1240
f 1234 1240 1226
f 83 1239 1231
f 318 1241 1239
f 317 1231 1241
f 1239 1241 1231
f 78 1229 1236
f 316 1242 1229
f 318 1236 1242
f 1229 1242 1236
f 317 1241 1240
f 318 1242 1241
f 316 1240 1242
f 1241 1242 1240
f 6 705 1244
f 183 1243 705
f 320 1244 1243
f 705 1243 1244
f 51 1245 709
f 319 1246 1245
f 183 709 1246
f 1245 1246 709
f 86 1247 1249
f 320 1248 1247
f 319 1249 1248
f 1247 1248 1249
f 183 1246 1243
f 319 1248 1246
f 320 1243 1248
f 1246 1248 1243
f 14 1250 721
f 321 1251 1250
f 187 721 1251
f 1250 1251 721
f 85 1252 1254
f 322 1253 1252
f 321 1254 1253
f 1252 1253 1254
f 51 726 1256
f 187 1255 726
f 322 1256 1255
f 726 1255 1256
f 321 1253 1251
f 322 1255 1253
f 187 1251 1255
f 1253 1255 1251
f 26 1257 1259
f 323 1258 1257
f 325 1259 1258
f 1257 1258 1259
f 86 1260 1262
f 324 1261 1260
f 323 1262 1261
f 1260 1261 1262
f 85 1263 1265
f 325 1264 1263
f 324 1265 1264
f 1263 1264 1265
f 323 1261 1258
f 324 1264 1261
f 325 1258 1264
f 1261 1264 1258
f 51 1256 1245
f 322 1266 1256
f 319 1245 1266
f 1256 1266 1245
f 85 1265 1252
f 324 1267 1265
f 322 1252 1267
f 1265 1267 1252
f 86 1249 1260
f 319 1268 1249
f 324 1260 1268
f 1249 1268 1260
f 322 1267 1266
f 324 1268 1267
f 319 1266 1268
f 1267 1268 1266
f 12 1269 673
f 326 1270 1269
f 172 673 1270
f 1269 1270 673
f 87 1271 1273
f 327 1272 1271
f 326 1273 1272
f 1271 1272 1273
f 46 678 1275
f 172 1274 678
f 327 1275 1274
f 678 1274 1275
f 326 1272 1270
f 327 1274 1272
f 172 1270 1274
f 1272 1274 1270
f 25 1276 1278
f 328 1277 1276
f 330 1278 1277
f 1276 1277 1278
f 88 1279 1281
f 329 1280 1279
f 328 1281 1280
f 1279 1280 1281
f 87 1282 1284
f 330 1283 1282
f 329 1284 1283
f 1282 1283 1284
f 328 1280 1277
f 329 1283 1280
f 330 1277 1283
f 1280 1283 1277
f 14 684 1286
f 177 1285 684
f 332 1286 1285
f 684 1285 1286
f 46 1287 688
f 331 1288 1287
f 177 688 1288
f 1287 1288 688
f 88 1289 1291
f 332 1290 1289
f 331 1291 1290
f 1289 1290 1291
f 177 1288 1285
f 331 1290 1288
f 332 1285 1290
f 1288 1290 1285
f 87 1284 1271
f 329 1292 1284
f 327 1271 1292
f 1284 1292 1271
f 88 1291 1279
f 331 1293 1291
f 329 1279 1293
f 1291 1293 1279
f 46 1275 1287
f 327 1294 1275
f 331 1287 1294
f 1275 1294 1287
f 329 1293 1292
f 331 1294 1293
f 327 1292 1294
f 1293 1294 1292
f 5 1295 1297
f 333 1296 1295
f 335 1297 1296
f 1295 1296 1297
f 89 1298 1300
f 334 1299 1298
f 333 1300 1299
f 1298 1299 1300
f 91 1301 1303
f 335 1302 1301
f 334 1303 1302
f 1301 1302 1303
f 333 1299 1296
f 334 1302 1299
f 335 1296 1302
f 1299 1302 1296
f 26 1304 1306
f 336 1305 1304
f 338 1306 1305
f 1304 1305 1306
f 90 1307 1309
f 337 1308 1307
f 336 1309 1308
f 1307 1308 1309
f 89 1310 1312
f 338 1311 1310
f 337 1312 1311
f 1310 1311 1312
f 336 1308 1305
f 337 1311 1308
f 338 1305 1311
f 1308 1311 1305
f 25 1313 1315
f 339 1314 1313
f 341 1315 1314
f 1313 1314 1315
f 91 1316 1318
f 340 1317 1316
f 339 1318 1317
f 1316 1317 1318
f 90 1319 1321
f 341 1320 1319
f 340 1321 1320
f 1319 1320 1321
f 339 1317 1314
f 340 1320 1317
f 341 1314 1320
f 1317 1320 1314
f 89 1312 1298
f 337 1322 1312
f 334 1298 1322
f 1312 1322 1298
f 90 1321 1307
f 340 1323 1321
f 337 1307 1323
f 1321 1323 1307
f 91 1303 1316
f 334 1324 1303
f 340 1316 1324
f 1303 1324 1316
f 337 1323 1322
f 340 1324 1323
f 334 1322 1324
f 1323 1324 1322
f 14 1286 1250
f 332 1325 1286
f 321 1250 1325
f 1286 1325 1250
f 88 1326 1289
f 342 1327 1326
f 332 1289 1327
f 1326 1327 1289
f 85 1254 1329
f 321 1328 1254
f 342 1329 1328
f 1254 1328 1329
f 332 1327 1325
f 342 1328 1327
f 321 1325 1328
f 1327 1328 1325
f 25 1315 1276
f 341 1330 1315
f 328 1276 1330
f 1315 1330 1276
f 90 1331 1319
f 343 1332 1331
f 341 1319 1332
f 1331 1332 1319
f 88 1281 1334
f 328 1333 1281
f 343 1334 1333
f 1281 1333 1334
f 341 1332 1330
f 343 1333 1332
f 328 1330 1333
f 1332 1333 1330
f 26 1259 1304
f 325 1335 1259
f 336 1304 1335
f 1259 1335 1304
f 85 1336 1263
f 344 1337 1336
f 325 1263 1337
f 1336 1337 1263
f 90 1309 1339
f 336 1338 1309
f 344 1339 1338
f 1309 1338 1339
f 325 1337 1335
f 344 1338 1337
f 336 1335 1338
f 1337 1338 1335
f 88 1334 1326
f 343 1340 1334
f 342 1326 1340
f 1334 1340 1326
f 90 1339 1331
f 344 1341 1339
f 343 1331 1341
f 1339 1341 1331
f 85 1329 1336
f 342 1342 1329
f 344 1336 1342
f 1329 1342 1336
f 343 1341 1340
f 344 1342 1341
f 342 1340 1342
f 1341 1342 1340
f 12 1100 1344
f 284 1343 1100
f 346 1344 1343
f 1100 1343 1344
f 77 1345 1103
f 345 1346 1345
f 284 1103 1346
f 1345 1346 1103
f 93 1347 1349
f 346 1348 1347
f 345 1349 1348
f 1347 1348 1349
f 284 1346 1343
f 345 1348 1346
f 346 1343 1348
f 1346 1348 1343
f 22 1350 1113
f 347 1351 1350
f 287 1113 1351
f 1350 1351 1113
f 92 1352 1354
f 348 1353 1352
f 347 1354 1353
f 1352 1353 1354
f 77 1118 1356
f 287 1355 1118
f 348 1356 1355
f 1118 1355 1356
f 347 1353 1351
f 348 1355 1353
f 287 1351 1355
f 1353 1355 1351
f 28 1357 1359
f 349 1358 1357
f 351 1359 1358
f 1357 1358 1359
f 93 1360 1362
f 350 1361 1360
f 349 1362 1361
f 1360 1361 1362
f 92 1363 1365
f 351 1364 1363
f 350 1365 1364
f 1363 1364 1365
f 349 1361 1358
f 350 1364 1361
f 351 1358 1364
f 1361 1364 1358
f 77 1356 1345
f 348 1366 1356
f 345 1345 1366
f 1356 1366 1345
f 92 1365 1352
f 350 1367 1365
f 348 1352 1367
f 1365 1367 1352
f 93 1349 1360
f 345 1368 1349
f 350 1360 1368
f 1349 1368 1360
f 348 1367 1366
f 350 1368 1367
f 345 1366 1368
f 1367 1368 1366
f 11 1369 1073
f 352 1370 1369
f 276 1073 1370
f 1369 1370 1073
f 94 1371 1373
f 353 1372 1371
f 352 1373 1372
f 1371 1372 1373
f 74 1077 1375
f 276 1374 1077
f 353 1375 1374
f 1077 1374 1375
f 352 1372 1370
f 353 1374 1372
f 276 1370 1374
f 1372 1374 1370
f 27 1376 1378
f 354 1377 1376
f 356 1378 1377
f 1376 1377 1378
f 95 1379 1381
f 355 1380 1379
f 354 1381 1380
f 1379 1380 1381
f 94 1382 1384
f 356 1383 1382
f 355 1384 1383
f 1382 1383 1384
f 354 1380 1377
f 355 1383 1380
f 356 1377 1383
f 1380 1383 1377
f 22 1082 1386
f 280 1385 1082
f 358 1386 1385
f 1082 1385 1386
f 74 1387 1086
f 357 1388 1387
f 280 1086 1388
f 1387 1388 1086
f 95 1389 1391
f 358 1390 1389
f 357 1391 1390
f 1389 1390 1391
f 280 1388 1385
f 357 1390 1388
f 358 1385 1390
f 1388 1390 1385
f 94 1384 1371
f 355 1392 1384
f 353 1371 1392
f 1384 1392 1371
f 95 1391 1379
f 357 1393 1391
f 355 1379 1393
f 1391 1393 1379
f 74 1375 1387
f 353 1394 1375
f 357 1387 1394
f 1375 1394 1387
f 355 1393 1392
f 357 1394 1393
f 353 1392 1394
f 1393 1394 1392
f 3 1395 1397
f 359 1396 1395
f 361 1397 1396
f 1395 1396 1397
f 96 1398 1400
f 360 1399 1398
f 359 1400 1399
f 1398 1399 1400
f 98 1401 1403
f 361 1402 1401
f 360 1403 1402
f 1401 1402 1403
f 359 1399 1396
f 360 1402 1399
f 361 1396 1402
f 1399 1402 1396
f 28 1404 1406
f 362 1405 1404
f 364 1406 1405
f 1404 1405 1406
f 97 1407 1409
f 363 1408 1407
f 362 1409 1408
f 1407 1408 1409
f 96 1410 1412
f 364 1411 1410
f 363 1412 1411
f 1410 1411 1412
f 362 1408 1405
f 363 1411 1408
f 364 1405 1411
f 1408 1411 1405
f 27 1413 1415
f 365 1414 1413
f 367 1415 1414
f 1413 1414 1415
f 98 1416 1418
f 366 1417 1416
f 365 1418 1417
f 1416 1417 1418
f 97 1419 1421
f 367 1420 1419
f 366 1421 1420
f 1419 1420 1421
f 365 1417 1414
f 366 1420 1417
f 367 1414 1420
f 1417 1420 1414
f 96 1412 1398
f 363 1422 1412
f 360 1398 1422
f 1412 1422 1398
f 97 1421 1407
f 366 1423 1421
f 363 1407 1423
f 1421 1423 1407
f 98 1403 1416
f 360 1424 1403
f 366 1416 1424
f 1403 1424 1416
f 363 1423 1422
f 366 1424 1423
f 360 1422 1424
f 1423 1424 1422
f 22 1386 1350
f 358 1425 1386
f 347 1350 1425
f 1386 1425 1350
f 95 1426 1389
f 368 1427 1426
f 358 1389 1427
f 1426 1427 1389
f 92 1354 1429
f 347 1428 1354
f 368 1429 1428
f 1354 1428 1429
f 358 1427 1425
f 368 1428 1427
f 347 1425 1428
f 1427 1428 1425
f 27 1415 1376
f 367 1430 1415
f 354 1376 1430
f 1415 1430 1376
f 97 1431 1419
f 369 1432 1431
f 367 1419 1432
f 1431 1432 1419
f 95 1381 1434
f 354 1433 1381
f 369 1434 1433
f 1381 1433 1434
f 367 1432 1430
f 369 1433 1432
f 354 1430 1433
f 1432 1433 1430
f 28 1359 1404
f 351 1435 1359
f 362 1404 1435
f 1359 1435 1404
f 92 1436 1363
f 370 1437 1436
f 351 1363 1437
f 1436 1437 1363
f 97 1409 1439
f 362 1438 1409
f 370 1439 1438
f 1409 1438 1439
f 351 1437 1435
f 370 1438 1437
f 362 1435 1438
f 1437 1438 1435
f 95 1434 1426
f 369 1440 1434
f 368 1426 1440
f 1434 1440 1426
f 97 1439 1431
f 370 1441 1439
f 369 1431 1441
f 1439 1441 1431
f 92 1429 1436
f 368 1442 1429
f 370 1436 1442
f 1429 1442 1436
f 369 1441 1440
f 370 1442 1441
f 368 1440 1442
f 1441 1442 1440
f 11 1005 1444
f 261 1443 1005
f 372 1444 1443
f 1005 1443 1444
f 72 1445 1009
f 371 1446 1445
f 261 1009 1446
f 1445 1446 1009
f 100 1447 1449
f 372 1448 1447
f 371 1449 1448
f 1447 1448 1449
f 261 1446 1443
f 371 1448 1446
f 372 1443 1448
f 1446 1448 1443
f 20 1450 1021
f 373 1451 1450
f 265 1021 1451
f 1450 1451 1021
f 99 1452 1454
f 374 1453 1452
f 373 1454 1453
f 1452 1453 1454
f 72 1026 1456
f 265 1455 1026
f 374 1456 1455
f 1026 1455 1456
f 373 1453 1451
f 374 1455 1453
f 265 1451 1455
f 1453 1455 1451
f 30 1457 1459
f 375 1458 1457
f 377 1459 1458
f 1457 1458 1459
f 100 1460 1462
f 376 1461 1460
f 375 1462 1461
f 1460 1461 1462
f 99 1463 1465
f 377 1464 1463
f 376 1465 1464
f 1463 1464 1465
f 375 1461 1458
f 376 1464 1461
f 377 1458 1464
f 1461 1464 1458
f 72 1456 1445
f 374 1466 1456
f 371 1445 1466
f 1456 1466 1445
f 99 1465 1452
f 376 1467 1465
f 374 1452 1467
f 1465 1467 1452
f 100 1449 1460
f 371 1468 1449
f 376 1460 1468
f 1449 1468 1460
f 374 1467 1466
f 376 1468 1467
f 371 1466 1468
f 1467 1468 1466
f 8 1469 977
f 378 1470 1469
f 252 977 1470
f 1469 1470 977
f 101 1471 1473
f 379 1472 1471
f 378 1473 1472
f 1471 1472 1473
f 68 981 1475
f 252 1474 981
f 379 1475 1474
f 981 1474 1475
f 378 1472 1470
f 379 1474 1472
f 252 1470 1474
f 1472 1474 1470
f 29 1476 1478
f 380 1477 1476
f 382 1478 1477
f 1476 1477 1478
f 102 1479 1481
f 381 1480 1479
f 380 1481 1480
f 1479 1480 1481
f 101 1482 1484
f 382 1483 1482
f 381 1484 1483
f 1482 1483 1484
f 380 1480 1477
f 381 1483 1480
f 382 1477 1483
f 1480 1483 1477
f 20 986 1486
f 256 1485 986
f 384 1486 1485
f 986 1485 1486
f 68 1487 990
f 383 1488 1487
f 256 990 1488
f 1487 1488 990
f 102 1489 1491
f 384 1490 1489
f 383 1491 1490
f 1489 1490 1491
f 256 1488 1485
f 383 1490 1488
f 384 1485 1490
f 1488 1490 1485
f 101 1484 1471
f 381 1492 1484
f 379 1471 1492
f 1484 1492 1471
f 102 1491 1479
f 383 1493 1491
f 381 1479 1493
f 1491 1493 1479
f 68 1475 1487
f 379 1494 1475
f 383 1487 1494
f 1475 1494 1487
f 381 1493 1492
f 383 1494 1493
f 379 1492 1494
f 1493 1494 1492
f 7 1495 1497
f 385 1496 1495
f 387 1497 1496
f 1495 1496 1497
f 103 1498 1500
f 386 1499 1498
f 385 1500 1499
f 1498 1499 1500
f 105 1501 1503
f 387 1502 1501
f 386 1503 1502
f 1501 1502 1503
f 385 1499 1496
f 386 1502 1499
f 387 1496 1502
f 1499 1502 1496
f 30 1504 1506
f 388 1505 1504
f 390 1506 1505
f 1504 1505 1506
f 104 1507 1509
f 389 1508 1507
f 388 1509 1508
f 1507 1508 1509
f 103 1510 1512
f 390 1511 1510
f 389 1512 1511
f 1510 1511 1512
f 388 1508 1505
f 389 1511 1508
f 390 1505 1511
f 1508 1511 1505
f 29 1513 1515
f 391 1514 1513
f 393 1515 1514
f 1513 1514 1515
f 105 1516 1518
f 392 1517 1516
f 391 1518 1517
f 1516 1517 1518
f 104 1519 1521
f 393 1520 1519
f 392 1521 1520
f 1519 1520 1521
f 391 1517 1514
f 392 1520 1517
f 393 1514 1520
f 1517 1520 1514
f 103 1512 1498
f 389 1522 1512
f 386 1498 1522
f 1512 1522 1498
f 104 1521 1507
f 392 1523 1521
f 389 1507 1523
f 1521 1523 1507
f 105 1503 1516
f 386 1524 1503
f 392 1516 1524
f 1503 1524 1516
f 389 1523 1522
f 392 1524 1523
f 386 1522 1524
f 1523 1524 1522
f 20 1486 1450
f 384 1525 1486
f 373 1450 1525
f 1486 1525 1450
f 102 1526 1489
f 394 1527 1526
f 384 1489 1527
f 1526 1527 1489
f 99 1454 1529
f 373 1528 1454
f 394 1529 1528
f 1454 1528 1529
f 384 1527 1525
f 394 1528 1527
f 373 1525 1528
f 1527 1528 1525
f 29 1515 1476
f 393 1530 1515
f 380 1476 1530
f 1515 1530 1476
f 104 1531 1519
f 395 1532 1531
f 393 1519 1532
f 1531 1532 1519
f 102 1481 1534
f 380 1533 1481
f 395 1534 1533
f 1481 1533 1534
f 393 1532 1530
f 395 1533 1532
f 380 1530 1533
f 1532 1533 1530
f 30 1459 1504
f 377 1535 1459
f 388 1504 1535
f 1459 1535 1504
f 99 1536 1463
f 396 1537 1536
f 377 1463 1537
f 1536 1537 1463
f 104 1509 1539
f 388 1538 1509
f 396 1539 1538
f 1509 1538 1539
f 377 1537 1535
f 396 1538 1537
f 388 1535 1538
f 1537 1538 1535
f 102 1534 1526
f 395 1540 1534
f 394 1526 1540
f 1534 1540 1526
f 104 1539 1531
f 396 1541 1539
f 395 1531 1541
f 1539 1541 1531
f 99 1529 1536
f 394 1542 1529
f 396 1536 1542
f 1529 1542 1536
f 395 1541 1540
f 396 1542 1541
f 394 1540 1542
f 1541 1542 1540
f 8 905 1544
f 235 1543 905
f 398 1544 1543
f 905 1543 1544
f 65 1545 909
f 397 1546 1545
f 235 909 1546
f 1545 1546 909
f 107 1547 1549
f 398 1548 1547
f 397 1549 1548
f 1547 1548 1549
f 235 1546 1543
f 397 1548 1546
f 398 1543 1548
f 1546 1548 1543
f 18 1550 921
f 399 1551 1550
f 239 921 1551
f 1550 1551 921
f 106 1552 1554
f 400 1553 1552
f 399 1554 1553
f 1552 1553 1554
f 65 926 1556
f 239 1555 926
f 400 1556 1555
f 926 1555 1556
f 399 1553 1551
f 400 1555 1553
f 239 1551 1555
f 1553 1555 1551
f 32 1557 1559
f 401 1558 1557
f 403 1559 1558
f 1557 1558 1559
f 107 1560 1562
f 402 1561 1560
f 401 1562 1561
f 1560 1561 1562
f 106 1563 1565
f 403 1564 1563
f 402 1565 1564
f 1563 1564 1565
f 401 1561 1558
f 402 1564 1561
f 403 1558 1564
f 1561 1564 1558
f 65 1556 1545
f 400 1566 1556
f 397 1545 1566
f 1556 1566 1545
f 106 1565 1552
f 402 1567 1565
f 400 1552 1567
f 1565 1567 1552
f 107 1549 1560
f 397 1568 1549
f 402 1560 1568
f 1549 1568 1560
f 400 1567 1566
f 402 1568 1567
f 397 1566 1568
f 1567 1568 1566
f 2 1569 877
f 404 1570 1569
f 226 877 1570
f 1569 1570 877
f 108 1571 1573
f 405 1572 1571
f 404 1573 1572
f 1571 1572 1573
f 61 881 1575
f 226 1574 881
f 405 1575 1574
f 881 1574 1575
f 404 1572 1570
f 405 1574 1572
f 226 1570 1574
f 1572 1574 1570
f 31 1576 1578
f 406 1577 1576
f 408 1578 1577
f 1576 1577 1578
f 109 1579 1581
f 407 1580 1579
f 406 1581 1580
f 1579 1580 1581
f 108 1582 1584
f 408 1583 1582
f 407 1584 1583
f 1582 1583 1584
f 406 1580 1577
f 407 1583 1580
f 408 1577 1583
f 1580 1583 1577
f 18 886 1586
f 230 1585 886
f 410 1586 1585
f 886 1585 1586
f 61 1587 890
f 409 1588 1587
f 230 890 1588
f 1587 1588 890
f 109 1589 1591
f 410 1590 1589
f 409 1591 1590
f 1589 1590 1591
f 230 1588 1585
f 409 1590 1588
f 410 1585 1590
f 1588 1590 1585
f 108 1584 1571
f 407 1592 1584
f 405 1571 1592
f 1584 1592 1571
f 109 1591 1579
f 409 1593 1591
f 407 1579 1593
f 1591 1593 1579
f 61 1575 1587
f 405 1594 1575
f 409 1587 1594
f 1575 1594 1587
f 407 1593 1592
f 409 1594 1593
f 405 1592 1594
f 1593 1594 1592
f 9 1595 1597
f 411 1596 1595
f 413 1597 1596
f 1595 1596 1597
f 110 1598 1600
f 412 1599 1598
f 411 1600 1599
f 1598 1599 1600
f 112 1601 1603
f 413 1602 1601
f 412 1603 1602
f 1601 1602 1603
f 411 1599 1596
f 412 1602 1599
f 413 1596 1602
f 1599 1602 1596
f 32 1604 1606
f 414 1605 1604
f 416 1606 1605
f 1604 1605 1606
f 111 1607 1609
f 415 1608 1607
f 414 1609 1608
f 1607 1608 1609
f 110 1610 1612
f 416 1611 1610
f 415 1612 1611
f 1610 1611 1612
f 414 1608 1605
f 415 1611 1608
f 416 1605 1611
f 1608 1611 1605
f 31 1613 1615
f 417 1614 1613
f 419 1615 1614
f 1613 1614 1615
f 112 1616 1618
f 418 1617 1616
f 417 1618 1617
f 1616 1617 1618
f 111 1619 1621
f 419 1620 1619
f 418 1621 1620
f 1619 1620 1621
f 417 1617 1614
f 418 1620 1617
f 419 1614 1620
f 1617 1620 1614
f 110 1612 1598
f 415 1622 1612
f 412 1598 1622
f 1612 1622 1598
f 111 1621 1607
f 418 1623 1621
f 415 1607 1623
f 1621 1623 1607
f 112 1603 1616
f 412 1624 1603
f 418 1616 1624
f 1603 1624 1616
f 415 1623 1622
f 418 1624 1623
f 412 1622 1624
f 1623 1624 1622
f 18 1586 1550
f 410 1625 1586
f 399 1550 1625
f 1586 1625 1550
f 109 1626 1589
f 420 1627 1626
f 410 1589 1627
f 1626 1627 1589
f 106 1554 1629
f 399 1628 1554
f 420 1629 1628
f 1554 1628 1629
f 410 1627 1625
f 420 1628 1627
f 399 1625 1628
f 1627 1628 1625
f 31 1615 1576
f 419 1630 1615
f 406 1576 1630
f 1615 1630 1576
f 111 1631 1619
f 421 1632 1631
f 419 1619 1632
f 1631 1632 1619
f 109 1581 1634
f 406 1633 1581
f 421 1634 1633
f 1581 1633 1634
f 419 1632 1630
f 421 1633 1632
f 406 1630 1633
f 1632 1633 1630
f 32 1559 1604
f 403 1635 1559
f 414 1604 1635
f 1559 1635 1604
f 106 1636 1563
f 422 1637 1636
f 403 1563 1637
f 1636 1637 1563
f 111 1609 1639
f 414 1638 1609
f 422 1639 1638
f 1609 1638 1639
f 403 1637 1635
f 422 1638 1637
f 414 1635 1638
f 1637 1638 1635
f 109 1634 1626
f 421 1640 1634
f 420 1626 1640
f 1634 1640 1626
f 111 1639 1631
f 422 1641 1639
f 421 1631 1641
f 1639 1641 1631
f 106 1629 1636
f 420 1642 1629
f 422 1636 1642
f 1629 1642 1636
f 421 1641 1640
f 422 1642 1641
f 420 1640 1642
f 1641 1642 1640
f 4 1643 1645
f 423 1644 1643
f 425 1645 1644
f 1643 1644 1645
f 113 1646 1648
f 424 1647 1646
f 423 1648 1647
f 1646 1647 1648
f 115 1649 1651
f 425 1650 1649
f 424 1651 1650
f 1649 1650 1651
f 423 1647 1644
f 424 1650 1647
f 425 1644 1650
f 1647 1650 1644
f 33 1652 1654
f 426 1653 1652
f 428 1654 1653
f 1652 1653 1654
f 114 1655 1657
f 427 1656 1655
f 426 1657 1656
f 1655 1656 1657
f 113 1658 1660
f 428 1659 1658
f 427 1660 1659
f 1658 1659 1660
f 426 1656 1653
f 427 1659 1656
f 428 1653 1659
f 1656 1659 1653
f 35 1661 1663
f 429 1662 1661
f 431 1663 1662
f 1661 1662 1663
f 115 1664 1666
f 430 1665 1664
f 429 1666 1665
f 1664 1665 1666
f 114 1667 1669
f 431 1668 1667
f 430 1669 1668
f 1667 1668 1669
f 429 1665 1662
f 430 1668 1665
f 431 1662 1668
f 1665 1668 1662
f 113 1660 1646
f 427 1670 1660
f 424 1646 1670
f 1660 1670 1646
f 114 1669 1655
f 430 1671 1669
f 427 1655 1671
f 1669 1671 1655
f 115 1651 1664
f 424 1672 1651
f 430 1664 1672
f 1651 1672 1664
f 427 1671 1670
f 430 1672 1671
f 424 1670 1672
f 1671 1672 1670
f 10 1673 1675
f 432 1674 1673
f 434 1675 1674
f 1673 1674 1675
f 116 1676 1678
f 433 1677 1676
f 432 1678 1677
f 1676 1677 1678
f 118 1679 1681
f 434 1680 1679
f 433 1681 1680
f 1679 1680 1681
f 432 1677 1674
f 433 1680 1677
f 434 1674 1680
f 1677 1680 1674
f 34 1682 1684
f 435 1683 1682
f 437 1684 1683
f 1682 1683 1684
f 117 1685 1687
f 436 1686 1685
f 435 1687 1686
f 1685 1686 1687
f 116 1688 1690
f 437 1689 1688
f 436 1690 1689
f 1688 1689 1690
f 435 1686 1683
f 436 1689 1686
f 437 1683 1689
f 1686 1689 1683
f 33 1691 1693
f 438 1692 1691
f 440 1693 1692
f 1691 1692 1693
f 118 1694 1696
f 439 1695 1694
f 438 1696 1695
f 1694 1695 1696
f 117 1697 1699
f 440 1698 1697
f 439 1699 1698
f 1697 1698 1699
f 438 1695 1692
f 439 1698 1695
f 440 1692 1698
f 1695 1698 1692
f 116 1690 1676
f 436 1700 1690
f 433 1676 1700
f 1690 1700 1676
f 117 1699 1685
f 439 1701 1699
f 436 1685 1701
f 1699 1701 1685
f 118 1681 1694
f 433 1702 1681
f 439 1694 1702
f 1681 1702 1694
f 436 1701 1700
f 439 1702 1701
f 433 1700 1702
f 1701 1702 1700
f 5 1703 1705
f 441 1704 1703
f 443 1705 1704
f 1703 1704 1705
f 119 1706 1708
f 442 1707 1706
f 441 1708 1707
f 1706 1707 1708
f 121 1709 1711
f 443 1710 1709
f 442 1711 1710
f 1709 1710 1711
f 441 1707 1704
f 442 1710 1707
f 443 1704 1710
f 1707 1710 1704
f 35 1712 1714
f 444 1713 1712
f 446 1714 1713
f 1712 1713 1714
f 120 1715 1717
f 445 1716 1715
f 444 1717 1716
f 1715 1716 1717
f 119 1718 1720
f 446 1719 1718
f 445 1720 1719
f 1718 1719 1720
f 444 1716 1713
f 445 1719 1716
f 446 1713 1719
f 1716 1719 1713
f 34 1721 1723
f 447 1722 1721
f 449 1723 1722
f 1721 1722 1723
f 121 1724 1726
f 448 1725 1724
f 447 1726 1725
f 1724 1725 1726
f 120 1727 1729
f 449 1728 1727
f 448 1729 1728
f 1727 1728 1729
f 447 1725 1722
f 448 1728 1725
f 449 1722 1728
f 1725 1728 1722
f 119 1720 1706
f 445 1730 1720
f 442 1706 1730
f 1720 1730 1706
f 120 1729 1715
f 448 1731 1729
f 445 1715 1731
f 1729 1731 1715
f 121 1711 1724
f 442 1732 1711
f 448 1724 1732
f 1711 1732 1724
f 445 1731 1730
f 448 1732 1731
f 442 1730 1732
f 1731 1732 1730
f 33 1693 1652
f 440 1733 1693
f 426 1652 1733
f 1693 1733 1652
f 117 1734 1697
f 450 1735 1734
f 440 1697 1735
f 1734 1735 1697
f 114 1657 1737
f 426 1736 1657
f 450 1737 1736
f 1657 1736 1737
f 440 1735 1733
f 450 1736 1735
f 426 1733 1736
f 1735 1736 1733
f 34 1723 1682
f 449 1738 1723
f 435 1682 1738
f 1723 1738 1682
f 120 1739 1727
f 451 1740 1739
f 449 1727 1740
f 1739 1740 1727
f 117 1687 1742
f 435 1741 1687
f 451 1742 1741
f 1687 1741 1742
f 449 1740 1738
f 451 1741 1740
f 435 1738 1741
f 1740 1741 1738
f 35 1663 1712
f 431 1743 1663
f 444 1712 1743
f 1663 1743 1712
f 114 1744 1667
f 452 1745 1744
f 431 1667 1745
f 1744 1745 1667
f 120 1717 1747
f 444 1746 1717
f 452 1747 1746
f 1717 1746 1747
f 431 1745 1743
f 452 1746 1745
f 444 1743 1746
f 1745 1746 1743
f 117 1742 1734
f 451 1748 1742
f 450 1734 1748
f 1742 1748 1734
f 120 1747 1739
f 452 1749 1747
f 451 1739 1749
f 1747 1749 1739
f 114 1737 1744
f 450 1750 1737
f 452 1744 1750
f 1737 1750 1744
f 451 1749 1748
f 452 1750 1749
f 450 1748 1750
f 1749 1750 1748
f 4 1645 1752
f 425 1751 1645
f 454 1752 1751
f 1645 1751 1752
f 115 1753 1649
f 453 1754 1753
f 425 1649 1754
f 1753 1754 1649
f 123 1755 1757
f 454 1756 1755
f 453 1757 1756
f 1755 1756 1757
f 425 1754 1751
f 453 1756 1754
f 454 1751 1756
f 1754 1756 1751
f 35 1758 1661
f 455 1759 1758
f 429 1661 1759
f 1758 1759 1661
f 122 1760 1762
f 456 1761 1760
f 455 1762 1761
f 1760 1761 1762
f 115 1666 1764
f 429 1763 1666
f 456 1764 1763
f 1666 1763 1764
f 455 1761 1759
f 456 1763 1761
f 429 1759 1763
f 1761 1763 1759
f 37 1765 1767
f 457 1766 1765
f 459 1767 1766
f 1765 1766 1767
f 123 1768 1770
f 458 1769 1768
f 457 1770 1769
f 1768 1769 1770
f 122 1771 1773
f 459 1772 1771
f 458 1773 1772
f 1771 1772 1773
f 457 1769 1766
f 458 1772 1769
f 459 1766 1772
f 1769 1772 1766
f 115 1764 1753
f 456 1774 1764
f 453 1753 1774
f 1764 1774 1753
f 122 1773 1760
f 458 1775 1773
f 456 1760 1775
f 1773 1775 1760
f 123 1757 1768
f 453 1776 1757
f 458 1768 1776
f 1757 1776 1768
f 456 1775 1774
f 458 1776 1775
f 453 1774 1776
f 1775 1776 1774
f 5 1777 1703
f 460 1778 1777
f 441 1703 1778
f 1777 1778 1703
f 124 1779 1781
f 461 1780 1779
f 460 1781 1780
f 1779 1780 1781
f 119 1708 1783
f 441 1782 1708
f 461 1783 1782
f 1708 1782 1783
f 460 1780 1778
f 461 1782 1780
f 441 1778 1782
f 1780 1782 1778
f 36 1784 1786
f 462 1785 1784
f 464 1786 1785
f 1784 1785 1786
f 125 1787 1789
f 463 1788 1787
f 462 1789 1788
f 1787 1788 1789
f 124 1790 1792
f 464 1791 1790
f 463 1792 1791
f 1790 1791 1792
f 462 1788 1785
f 463 1791 1788
f 464 1785 1791
f 1788 1791 1785
f 35 1714 1794
f 446 1793 1714
f 466 1794 1793
f 1714 1793 1794
f 119 1795 1718
f 465 1796 1795
f 446 1718 1796
f 1795 1796 1718
f 125 1797 1799
f 466 1798 1797
f 465 1799 1798
f 1797 1798 1799
f 446 1796 1793
f 465 1798 1796
f 466 1793 1798
f 1796 1798 1793
f 124 1792 1779
f 463 1800 1792
f 461 1779 1800
f 1792 1800 1779
f 125 1799 1787
f 465 1801 1799
f 463 1787 1801
f 1799 1801 1787
f 119 1783 1795
f 461 1802 1783
f 465 1795 1802
f 1783 1802 1795
f 463 1801 1800
f 465 1802 1801
f 461 1800 1802
f 1801 1802 1800
f 3 1803 1805
f 467 1804 1803
f 469 1805 1804
f 1803 1804 1805
f 126 1806 1808
f 468 1807 1806
f 467 1808 1807
f 1806 1807 1808
f 128 1809 1811
f 469 1810 1809
f 468 1811 1810
f 1809 1810 1811
f 467 1807 1804
f 468 1810 1807
f 469 1804 1810
f 1807 1810 1804
f 37 1812 1814
f 470 1813 1812
f 472 1814 1813
f 1812 1813 1814
f 127 1815 1817
f 471 1816 1815
f 470 1817 1816
f 1815 1816 1817
f 126 1818 1820
f 472 1819 1818
f 471 1820 1819
f 1818 1819 1820
f 470 1816 1813
f 471 1819 1816
f 472 1813 1819
f 1816 1819 1813
f 36 1821 1823
f 473 1822 1821
f 475 1823 1822
f 1821 1822 1823
f 128 1824 1826
f 474 1825 1824
f 473 1826 1825
f 1824 1825 1826
f 127 1827 1829
f 475 1828 1827
f 474 1829 1828
f 1827 1828 1829
f 473 1825 1822
f 474 1828 1825
f 475 1822 1828
f 1825 1828 1822
f 126 1820 1806
f 471 1830 1820
f 468 1806 1830
f 1820 1830 1806
f 127 1829 1815
f 474 1831 1829
f 471 1815 1831
f 1829 1831 1815
f 128 1811 1824
f 468 1832 1811
f 474 1824 1832
f 1811 1832 1824
f 471 1831 1830
f 474 1832 1831
f 468 1830 1832
f 1831 1832 1830
f 35 1794 1758
f 466 1833 1794
f 455 1758 1833
f 1794 1833 1758
f 125 1834 1797
f 476 1835 1834
f 466 1797 1835
f 1834 1835 1797
f 122 1762 1837
f 455 1836 1762
f 476 1837 1836
f 1762 1836 1837
f 466 1835 1833
f 476 1836 1835
f 455 1833 1836
f 1835 1836 1833
f 36 1823 1784
f 475 1838 1823
f 462 1784 1838
f 1823 1838 1784
f 127 1839 1827
f 477 1840 1839
f 475 1827 1840
f 1839 1840 1827
f 125 1789 1842
f 462 1841 1789
f 477 1842 1841
f 1789 1841 1842
f 475 1840 1838
f 477 1841 1840
f 462 1838 1841
f 1840 1841 1838
f 37 1767 1812
f 459 1843 1767
f 470 1812 1843
f 1767 1843 1812
f 122 1844 1771
f 478 1845 1844
f 459 1771 1845
f 1844 1845 1771
f 127 1817 1847
f 470 1846 1817
f 478 1847 1846
f 1817 1846 1847
f 459 1845 1843
f 478 1846 1845
f 470 1843 1846
f 1845 1846 1843
f 125 1842 1834
f 477 1848 1842
f 476 1834 1848
f 1842 1848 1834
f 127 1847 1839
f 478 1849 1847
f 477 1839 1849
f 1847 1849 1839
f 122 1837 1844
f 476 1850 1837
f 478 1844 1850
f 1837 1850 1844
f 477 1849 1848
f 478 1850 1849
f 476 1848 1850
f 1849 1850 1848
f 4 1752 1852
f 454 1851 1752
f 480 1852 1851
f 1752 1851 1852
f 123 1853 1755
f 479 1854 1853
f 454 1755 1854
f 1853 1854 1755
f 130 1855 1857
f 480 1856 1855
f 479 1857 1856
f 1855 1856 1857
f 454 1854 1851
f 479 1856 1854
f 480 1851 1856
f 1854 1856 1851
f 37 1858 1765
f 481 1859 1858
f 457 1765 1859
f 1858 1859 1765
f 129 1860 1862
f 482 1861 1860
f 481 1862 1861
f 1860 1861 1862
f 123 1770 1864
f 457 1863 1770
f 482 1864 1863
f 1770 1863 1864
f 481 1861 1859
f 482 1863 1861
f 457 1859 1863
f 1861 1863 1859
f 39 1865 1867
f 483 1866 1865
f 485 1867 1866
f 1865 1866 1867
f 130 1868 1870
f 484 1869 1868
f 483 1870 1869
f 1868 1869 1870
f 129 1871 1873
f 485 1872 1871
f 484 1873 1872
f 1871 1872 1873
f 483 1869 1866
f 484 1872 1869
f 485 1866 1872
f 1869 1872 1866
f 123 1864 1853
f 482 1874 1864
f 479 1853 1874
f 1864 1874 1853
f 129 1873 1860
f 484 1875 1873
f 482 1860 1875
f 1873 1875 1860
f 130 1857 1868
f 479 1876 1857
f 484 1868 1876
f 1857 1876 1868
f 482 1875 1874
f 484 1876 1875
f 479 1874 1876
f 1875 1876 1874
f 3 1877 1803
f 486 1878 1877
f 467 1803 1878
f 1877 1878 1803
f 131 1879 1881
f 487 1880 1879
f 486 1881 1880
f 1879 1880 1881
f 126 1808 1883
f 467 1882 1808
f 487 1883 1882
f 1808 1882 1883
f 486 1880 1878
f 487 1882 1880
f 467 1878 1882
f 1880 1882 1878
f 38 1884 1886
f 488 1885 1884
f 490 1886 1885
f 1884 1885 1886
f 132 1887 1889
f 489 1888 1887
f 488 1889 1888
f 1887 1888 1889
f 131 1890 1892
f 490 1891 1890
f 489 1892 1891
f 1890 1891 1892
f 488 1888 1885
f 489 1891 1888
f 490 1885 1891
f 1888 1891 1885
f 37 1814 1894
f 472 1893 1814
f 492 1894 1893
f 1814 1893 1894
f 126 1895 1818
f 491 1896 1895
f 472 1818 1896
f 1895 1896 1818
f 132 1897 1899
f 492 1898 1897
f 491 1899 1898
f 1897 1898 1899
f 472 1896 1893
f 491 1898 1896
f 492 1893 1898
f 1896 1898 1893
f 131 1892 1879
f 489 1900 1892
f 487 1879 1900
f 1892 1900 1879
f 132 1899 1887
f 491 1901 1899
f 489 1887 1901
f 1899 1901 1887
f 126 1883 1895
f 487 1902 1883
f 491 1895 1902
f 1883 1902 1895
f 489 1901 1900
f 491 1902 1901
f 487 1900 1902
f 1901 1902 1900
f 7 1903 1905
f 493 1904 1903
f 495 1905 1904
f 1903 1904 1905
f 133 1906 1908
f 494 1907 1906
f 493 1908 1907
f 1906 1907 1908
f 135 1909 1911
f 495 1910 1909
f 494 1911 1910
f 1909 1910 1911
f 493 1907 1904
f 494 1910 1907
f 495 1904 1910
f 1907 1910 1904
f 39 1912 1914
f 496 1913 1912
f 498 1914 1913
f 1912 1913 1914
f 134 1915 1917
f 497 1916 1915
f 496 1917 1916
f 1915 1916 1917
f 133 1918 1920
f 498 1919 1918
f 497 1920 1919
f 1918 1919 1920
f 496 1916 1913
f 497 1919 1916
f 498 1913 1919
f 1916 1919 1913
f 38 1921 1923
f 499 1922 1921
f 501 1923 1922
f 1921 1922 1923
f 135 1924 1926
f 500 1925 1924
f 499 1926 1925
f 1924 1925 1926
f 134 1927 1929
f 501 1928 1927
f 500 1929 1928
f 1927 1928 1929
f 499 1925 1922
f 500 1928 1925
f 501 1922 1928
f 1925 1928 1922
f 133 1920 1906
f 497 1930 1920
f 494 1906 1930
f 1920 1930 1906
f 134 1929 1915
f 500 1931 1929
f 497 1915 1931
f 1929 1931 1915
f 135 1911 1924
f 494 1932 1911
f 500 1924 1932
f 1911 1932 1924
f 497 1931 1930
f 500 1932 1931
f 494 1930 1932
f 1931 1932 1930
f 37 1894 1858
f 492 1933 1894
f 481 1858 1933
f 1894 1933 1858
f 132 1934 1897
f 502 1935 1934
f 492 1897 1935
f 1934 1935 1897
f 129 1862 1937
f 481 1936 1862
f 502 1937 1936
f 1862 1936 1937
f 492 1935 1933
f 502 1936 1935
f 481 1933 1936
f 1935 1936 1933
f 38 1923 1884
f 501 1938 1923
f 488 1884 1938
f 1923 1938 1884
f 134 1939 1927
f 503 1940 1939
f 501 1927 1940
f 1939 1940 1927
f 132 1889 1942
f 488 1941 1889
f 503 1942 1941
f 1889 1941 1942
f 501 1940 1938
f 503 1941 1940
f 488 1938 1941
f 1940 1941 1938
f 39 1867 1912
f 485 1943 1867
f 496 1912 1943
f 1867 1943 1912
f 129 1944 1871
f 504 1945 1944
f 485 1871 1945
f 1944 1945 1871
f 134 1917 1947
f 496 1946 1917
f 504 1947 1946
f 1917 1946 1947
f 485 1945 1943
f 504 1946 1945
f 496 1943 1946
f 1945 1946 1943
f 132 1942 1934
f 503 1948 1942
f 502 1934 1948
f 1942 1948 1934
f 134 1947 1939
f 504 1949 1947
f 503 1939 1949
f 1947 1949 1939
f 129 1937 1944
f 502 1950 1937
f 504 1944 1950
f 1937 1950 1944
f 503 1949 1948
f 504 1950 1949
f 502 1948 1950
f 1949 1950 1948
f 4 1852 1952
f 480 1951 1852
f 506 1952 1951
f 1852 1951 1952
f 130 1953 1855
f 505 1954 1953
f 480 1855 1954
f 1953 1954 1855
f 137 1955 1957
f 506 1956 1955
f 505 1957 1956
f 1955 1956 1957
f 480 1954 1951
f 505 1956 1954
f 506 1951 1956
f 1954 1956 1951
f 39 1958 1865
f 507 1959 1958
f 483 1865 1959
f 1958 1959 1865
f 136 1960 1962
f 508 1961 1960
f 507 1962 1961
f 1960 1961 1962
f 130 1870 1964
f 483 1963 1870
f 508 1964 1963
f 1870 1963 1964
f 507 1961 1959
f 508 1963 1961
f 483 1959 1963
f 1961 1963 1959
f 41 1965 1967
f 509 1966 1965
f 511 1967 1966
f 1965 1966 1967
f 137 1968 1970
f 510 1969 1968
f 509 1970 1969
f 1968 1969 1970
f 136 1971 1973
f 511 1972 1971
f 510 1973 1972
f 1971 1972 1973
f 509 1969 1966
f 510 1972 1969
f 511 1966 1972
f 1969 1972 1966
f 130 1964 1953
f 508 1974 1964
f 505 1953 1974
f 1964 1974 1953
f 136 1973 1960
f 510 1975 1973
f 508 1960 1975
f 1973 1975 1960
f 137 1957 1968
f 505 1976 1957
f 510 1968 1976
f 1957 1976 1968
f 508 1975 1974
f 510 1976 1975
f 505 1974 1976
f 1975 1976 1974
f 7 1977 1903
f 512 1978 1977
f 493 1903 1978
f 1977 1978 1903
f 138 1979 1981
f 513 1980 1979
f 512 1981 1980
f 1979 1980 1981
f 133 1908 1983
f 493 1982 1908
f 513 1983 1982
f 1908 1982 1983
f 512 1980 1978
f 513 1982 1980
f 493 1978 1982
f 1980 1982 1978
f 40 1984 1986
f 514 1985 1984
f 516 1986 1985
f 1984 1985 1986
f 139 1987 1989
f 515 1988 1987
f 514 1989 1988
f 1987 1988 1989
f 138 1990 1992
f 516 1991 1990
f 515 1992 1991
f 1990 1991 1992
f 514 1988 1985
f 515 1991 1988
f 516 1985 1991
f 1988 1991 1985
f 39 1914 1994
f 498 1993 1914
f 518 1994 1993
f 1914 1993 1994
f 133 1995 1918
f 517 1996 1995
f 498 1918 1996
f 1995 1996 1918
f 139 1997 1999
f 518 1998 1997
f 517 1999 1998
f 1997 1998 1999
f 498 1996 1993
f 517 1998 1996
f 518 1993 1998
f 1996 1998 1993
f 138 1992 1979
f 515 2000 1992
f 513 1979 2000
f 1992 2000 1979
f 139 1999 1987
f 517 2001 1999
f 515 1987 2001
f 1999 2001 1987
f 133 1983 1995
f 513 2002 1983
f 517 1995 2002
f 1983 2002 1995
f 515 2001 2000
f 517 2002 2001
f 513 2000 2002
f 2001 2002 2000
f 9 2003 2005
f 519 2004 2003
f 521 2005 2004
f 2003 2004 2005
f 140 2006 2008
f 520 2007 2006
f 519 2008 2007
f 2006 2007 2008
f 142 2009 2011
f 521 2010 2009
f 520 2011 2010
f 2009 2010 2011
f 519 2007 2004
f 520 2010 2007
f 521 2004 2010
f 2007 2010 2004
f 41 2012 2014
f 522 2013 2012
f 524 2014 2013
f 2012 2013 2014
f 141 2015 2017
f 523 2016 2015
f 522 2017 2016
f 2015 2016 2017
f 140 2018 2020
f 524 2019 2018
f 523 2020 2019
f 2018 2019 2020
f 522 2016 2013
f 523 2019 2016
f 524 2013 2019
f 2016 2019 2013
f 40 2021 2023
f 525 2022 2021
f 527 2023 2022
f 2021 2022 2023
f 142 2024 2026
f 526 2025 2024
f 525 2026 2025
f 2024 2025 2026
f 141 2027 2029
f 527 2028 2027
f 526 2029 2028
f 2027 2028 2029
f 525 2025 2022
f 526 2028 2025
f 527 2022 2028
f 2025 2028 2022
f 140 2020 2006
f 523 2030 2020
f 520 2006 2030
f 2020 2030 2006
f 141 2029 2015
f 526 2031 2029
f 523 2015 2031
f 2029 2031 2015
f 142 2011 2024
f 520 2032 2011
f 526 2024 2032
f 2011 2032 2024
f 523 2031 2030
f 526 2032 2031
f 520 2030 2032
f 2031 2032 2030
f 39 1994 1958
f 518 2033 1994
f 507 1958 2033
f 1994 2033 1958
f 139 2034 1997
f 528 2035 2034
f 518 1997 2035
f 2034 2035 1997
f 136 1962 2037
f 507 2036 1962
f 528 2037 2036
f 1962 2036 2037
f 518 2035 2033
f 528 2036 2035
f 507 2033 2036
f 2035 2036 2033
f 40 2023 1984
f 527 2038 2023
f 514 1984 2038
f 2023 2038 1984
f 141 2039 2027
f 529 2040 2039
f 527 2027 2040
f 2039 2040 2027
f 139 1989 2042
f 514 2041 1989
f 529 2042 2041
f 1989 2041 2042
f 527 2040 2038
f 529 2041 2040
f 514 2038 2041
f 2040 2041 2038
f 41 1967 2012
f 511 2043 1967
f 522 2012 2043
f 1967 2043 2012
f 136 2044 1971
f 530 2045 2044
f 511 1971 2045
f 2044 2045 1971
f 141 2017 2047
f 522 2046 2017
f 530 2047 2046
f 2017 2046 2047
f 511 2045 2043
f 530 2046 2045
f 522 2043 2046
f 2045 2046 2043
f 139 2042 2034
f 529 2048 2042
f 528 2034 2048
f 2042 2048 2034
f 141 2047 2039
f 530 2049 2047
f 529 2039 2049
f 2047 2049 2039
f 136 2037 2044
f 528 2050 2037
f 530 2044 2050
f 2037 2050 2044
f 529 2049 2048
f 530 2050 2049
f 528 2048 2050
f 2049 2050 2048
f 4 1952 1643
f 506 2051 1952
f 423 1643 2051
f 1952 2051 1643
f 137 2052 1955
f 531 2053 2052
f 506 1955 2053
f 2052 2053 1955
f 113 1648 2055
f 423 2054 1648
f 531 2055 2054
f 1648 2054 2055
f 506 2053 2051
f 531 2054 2053
f 423 2051 2054
f 2053 2054 2051
f 41 2056 1965
f 532 2057 2056
f 509 1965 2057
f 2056 2057 1965
f 143 2058 2060
f 533 2059 2058
f 532 2060 2059
f 2058 2059 2060
f 137 1970 2062
f 509 2061 1970
f 533 2062 2061
f 1970 2061 2062
f 532 2059 2057
f 533 2061 2059
f 509 2057 2061
f 2059 2061 2057
f 33 1654 2064
f 428 2063 1654
f 535 2064 2063
f 1654 2063 2064
f 113 2065 1658
f 534 2066 2065
f 428 1658 2066
f 2065 2066 1658
f 143 2067 2069
f 535 2068 2067
f 534 2069 2068
f 2067 2068 2069
f 428 2066 2063
f 534 2068 2066
f 535 2063 2068
f 2066 2068 2063
f 137 2062 2052
f 533 2070 2062
f 531 2052 2070
f 2062 2070 2052
f 143 2069 2058
f 534 2071 2069
f 533 2058 2071
f 2069 2071 2058
f 113 2055 2065
f 531 2072 2055
f 534 2065 2072
f 2055 2072 2065
f 533 2071 2070
f 534 2072 2071
f 531 2070 2072
f 2071 2072 2070
f 9 2073 2003
f 536 2074 2073
f 519 2003 2074
f 2073 2074 2003
f 144 2075 2077
f 537 2076 2075
f 536 2077 2076
f 2075 2076 2077
f 140 2008 2079
f 519 2078 2008
f 537 2079 2078
f 2008 2078 2079
f 536 2076 2074
f 537 2078 2076
f 519 2074 2078
f 2076 2078 2074
f 42 2080 2082
f 538 2081 2080
f 540 2082 2081
f 2080 2081 2082
f 145 2083 2085
f 539 2084 2083
f 538 2085 2084
f 2083 2084 2085
f 144 2086 2088
f 540 2087 2086
f 539 2088 2087
f 2086 2087 2088
f 538 2084 2081
f 539 2087 2084
f 540 2081 2087
f 2084 2087 2081
f 41 2014 2090
f 524 2089 2014
f 542 2090 2089
f 2014 2089 2090
f 140 2091 2018
f 541 2092 2091
f 524 2018 2092
f 2091 2092 2018
f 145 2093 2095
f 542 2094 2093
f 541 2095 2094
f 2093 2094 2095
f 524 2092 2089
f 541 2094 2092
f 542 2089 2094
f 2092 2094 2089
f 144 2088 2075
f 539 2096 2088
f 537 2075 2096
f 2088 2096 2075
f 145 2095 2083
f 541 2097 2095
f 539 2083 2097
f 2095 2097 2083
f 140 2079 2091
f 537 2098 2079
f 541 2091 2098
f 2079 2098 2091
f 539 2097 2096
f 541 2098 2097
f 537 2096 2098
f 2097 2098 2096
f 10 1675 2100
f 434 2099 1675
f 544 2100 2099
f 1675 2099 2100
f 118 2101 1679
f 543 2102 2101
f 434 1679 2102
f 2101 2102 1679
f 147 2103 2105
f 544 2104 2103
f 543 2105 2104
f 2103 2104 2105
f 434 2102 2099
f 543 2104 2102
f 544 2099 2104
f 2102 2104 2099
f 33 2106 1691
f 545 2107 2106
f 438 1691 2107
f 2106 2107 1691
f 146 2108 2110
f 546 2109 2108
f 545 2110 2109
f 2108 2109 2110
f 118 1696 2112
f 438 2111 1696
f 546 2112 2111
f 1696 2111 2112
f 545 2109 2107
f 546 2111 2109
f 438 2107 2111
f 2109 2111 2107
f 42 2113 2115
f 547 2114 2113
f 549 2115 2114
f 2113 2114 2115
f 147 2116 2118
f 548 2117 2116
f 547 2118 2117
f 2116 2117 2118
f 146 2119 2121
f 549 2120 2119
f 548 2121 2120
f 2119 2120 2121
f 547 2117 2114
f 548 2120 2117
f 549 2114 2120
f 2117 2120 2114
f 118 2112 2101
f 546 2122 2112
f 543 2101 2122
f 2112 2122 2101
f 146 2121 2108
f 548 2123 2121
f 546 2108 2123
f 2121 2123 2108
f 147 2105 2116
f 543 2124 2105
f 548 2116 2124
f 2105 2124 2116
f 546 2123 2122
f 548 2124 2123
f 543 2122 2124
f 2123 2124 2122
f 41 2090 2056
f 542 2125 2090
f 532 2056 2125
f 2090 2125 2056
f 145 2126 2093
f 550 2127 2126
f 542 2093 2127
f 2126 2127 2093
f 143 2060 2129
f 532 2128 2060
f 550 2129 2128
f 2060 2128 2129
f 542 2127 2125
f 550 2128 2127
f 532 2125 2128
f 2127 2128 2125
f 42 2115 2080
f 549 2130 2115
f 538 2080 2130
f 2115 2130 2080
f 146 2131 2119
f 551 2132 2131
f 549 2119 2132
f 2131 2132 2119
f 145 2085 2134
f 538 2133 2085
f 551 2134 2133
f 2085 2133 2134
f 549 2132 2130
f 551 2133 2132
f 538 2130 2133
f 2132 2133 2130
f 33 2064 2106
f 535 2135 2064
f 545 2106 2135
f 2064 2135 2106
f 143 2136 2067
f 552 2137 2136
f 535 2067 2137
f 2136 2137 2067
f 146 2110 2139
f 545 2138 2110
f 552 2139 2138
f 2110 2138 2139
f 535 2137 2135
f 552 2138 2137
f 545 2135 2138
f 2137 2138 2135
f 145 2134 2126
f 551 2140 2134
f 550 2126 2140
f 2134 2140 2126
f 146 2139 2131
f 552 2141 2139
f 551 2131 2141
f 2139 2141 2131
f 143 2129 2136
f 550 2142 2129
f 552 2136 2142
f 2129 2142 2136
f 551 2141 2140
f 552 2142 2141
f 550 2140 2142
f 2141 2142 2140
f 5 1705 1295
f 443 2143 1705
f 333 1295 2143
f 1705 2143 1295
f 121 2144 1709
f 553 2145 2144
f 443 1709 2145
f 2144 2145 1709
f 89 1300 2147
f 333 2146 1300
f 553 2147 2146
f 1300 2146 2147
f 443 2145 2143
f 553 2146 2145
f 333 2143 2146
f 2145 2146 2143
f 34 2148 1721
f 554 2149 2148
f 447 1721 2149
f 2148 2149 1721
f 148 2150 2152
f 555 2151 2150
f 554 2152 2151
f 2150 2151 2152
f 121 1726 2154
f 447 2153 1726
f 555 2154 2153
f 1726 2153 2154
f 554 2151 2149
f 555 2153 2151
f 447 2149 2153
f 2151 2153 2149
f 26 1306 2156
f 338 2155 1306
f 557 2156 2155
f 1306 2155 2156
f 89 2157 1310
f 556 2158 2157
f 338 1310 2158
f 2157 2158 1310
f 148 2159 2161
f 557 2160 2159
f 556 2161 2160
f 2159 2160 2161
f 338 2158 2155
f 556 2160 2158
f 557 2155 2160
f 2158 2160 2155
f 121 2154 2144
f 555 2162 2154
f 553 2144 2162
f 2154 2162 2144
f 148 2161 2150
f 556 2163 2161
f 555 2150 2163
f 2161 2163 2150
f 89 2147 2157
f 553 2164 2147
f 556 2157 2164
f 2147 2164 2157
f 555 2163 2162
f 556 2164 2163
f 553 2162 2164
f 2163 2164 2162
f 10 1197 1673
f 309 2165 1197
f 432 1673 2165
f 1197 2165 1673
f 84 2166 1201
f 558 2167 2166
f 309 1201 2167
f 2166 2167 1201
f 116 1678 2169
f 432 2168 1678
f 558 2169 2168
f 1678 2168 2169
f 309 2167 2165
f 558 2168 2167
f 432 2165 2168
f 2167 2168 2165
f 23 2170 1213
f 559 2171 2170
f 313 1213 2171
f 2170 2171 1213
f 149 2172 2174
f 560 2173 2172
f 559 2174 2173
f 2172 2173 2174
f 84 1218 2176
f 313 2175 1218
f 560 2176 2175
f 1218 2175 2176
f 559 2173 2171
f 560 2175 2173
f 313 2171 2175
f 2173 2175 2171
f 34 1684 2178
f 437 2177 1684
f 562 2178 2177
f 1684 2177 2178
f 116 2179 1688
f 561 2180 2179
f 437 1688 2180
f 2179 2180 1688
f 149 2181 2183
f 562 2182 2181
f 561 2183 2182
f 2181 2182 2183
f 437 2180 2177
f 561 2182 2180
f 562 2177 2182
f 2180 2182 2177
f 84 2176 2166
f 560 2184 2176
f 558 2166 2184
f 2176 2184 2166
f 149 2183 2172
f 561 2185 2183
f 560 2172 2185
f 2183 2185 2172
f 116 2169 2179
f 558 2186 2169
f 561 2179 2186
f 2169 2186 2179
f 560 2185 2184
f 561 2186 2185
f 558 2184 2186
f 2185 2186 2184
f 6 1244 1169
f 320 2187 1244
f 300 1169 2187
f 1244 2187 1169
f 86 2188 1247
f 563 2189 2188
f 320 1247 2189
f 2188 2189 1247
f 80 1173 2191
f 300 2190 1173
f 563 2191 2190
f 1173 2190 2191
f 320 2189 2187
f 563 2190 2189
f 300 2187 2190
f 2189 2190 2187
f 26 2192 1257
f 564 2193 2192
f 323 1257 2193
f 2192 2193 1257
f 150 2194 2196
f 565 2195 2194
f 564 2196 2195
f 2194 2195 2196
f 86 1262 2198
f 323 2197 1262
f 565 2198 2197
f 1262 2197 2198
f 564 2195 2193
f 565 2197 2195
f 323 2193 2197
f 2195 2197 2193
f 23 1178 2200
f 304 2199 1178
f 567 2200 2199
f 1178 2199 2200
f 80 2201 1182
f 566 2202 2201
f 304 1182 2202
f 2201 2202 1182
f 150 2203 2205
f 567 2204 2203
f 566 2205 2204
f 2203 2204 2205
f 304 2202 2199
f 566 2204 2202
f 567 2199 2204
f 2202 2204 2199
f 86 2198 2188
f 565 2206 2198
f 563 2188 2206
f 2198 2206 2188
f 150 2205 2194
f 566 2207 2205
f 565 2194 2207
f 2205 2207 2194
f 80 2191 2201
f 563 2208 2191
f 566 2201 2208
f 2191 2208 2201
f 565 2207 2206
f 566 2208 2207
f 563 2206 2208
f 2207 2208 2206
f 34 2178 2148
f 562 2209 2178
f 554 2148 2209
f 2178 2209 2148
f 149 2210 2181
f 568 2211 2210
f 562 2181 2211
f 2210 2211 2181
f 148 2152 2213
f 554 2212 2152
f 568 2213 2212
f 2152 2212 2213
f 562 2211 2209
f 568 2212 2211
f 554 2209 2212
f 2211 2212 2209
f 23 2200 2170
f 567 2214 2200
f 559 2170 2214
f 2200 2214 2170
f 150 2215 2203
f 569 2216 2215
f 567 2203 2216
f 2215 2216 2203
f 149 2174 2218
f 559 2217 2174
f 569 2218 2217
f 2174 2217 2218
f 567 2216 2214
f 569 2217 2216
f 559 2214 2217
f 2216 2217 2214
f 26 2156 2192
f 557 2219 2156
f 564 2192 2219
f 2156 2219 2192
f 148 2220 2159
f 570 2221 2220
f 557 2159 2221
f 2220 2221 2159
f 150 2196 2223
f 564 2222 2196
f 570 2223 2222
f 2196 2222 2223
f 557 2221 2219
f 570 2222 2221
f 564 2219 2222
f 2221 2222 2219
f 149 2218 2210
f 569 2224 2218
f 568 2210 2224
f 2218 2224 2210
f 150 2223 2215
f 570 2225 2223
f 569 2215 2225
f 2223 2225 2215
f 148 2213 2220
f 568 2226 2213
f 570 2220 2226
f 2213 2226 2220
f 569 2225 2224
f 570 2226 2225
f 568 2224 2226
f 2225 2226 2224
f 3 1805 1395
f 469 2227 1805
f 359 1395 2227
f 1805 2227 1395
f 128 2228 1809
f 571 2229 2228
f 469 1809 2229
f 2228 2229 1809
f 96 1400 2231
f 359 2230 1400
f 571 2231 2230
f 1400 2230 2231
f 469 2229 2227
f 571 2230 2229
f 359 2227 2230
f 2229 2230 2227
f 36 2232 1821
f 572 2233 2232
f 473 1821 2233
f 2232 2233 1821
f 151 2234 2236
f 573 2235 2234
f 572 2236 2235
f 2234 2235 2236
f 128 1826 2238
f 473 2237 1826
f 573 2238 2237
f 1826 2237 2238
f 572 2235 2233
f 573 2237 2235
f 473 2233 2237
f 2235 2237 2233
f 28 1406 2240
f 364 2239 1406
f 575 2240 2239
f 1406 2239 2240
f 96 2241 1410
f 574 2242 2241
f 364 1410 2242
f 2241 2242 1410
f 151 2243 2245
f 575 2244 2243
f 574 2245 2244
f 2243 2244 2245
f 364 2242 2239
f 574 2244 2242
f 575 2239 2244
f 2242 2244 2239
f 128 2238 2228
f 573 2246 2238
f 571 2228 2246
f 2238 2246 2228
f 151 2245 2234
f 574 2247 2245
f 573 2234 2247
f 2245 2247 2234
f 96 2231 2241
f 571 2248 2231
f 574 2241 2248
f 2231 2248 2241
f 573 2247 2246
f 574 2248 2247
f 571 2246 2248
f 2247 2248 2246
f 5 1297 1777
f 335 2249 1297
f 460 1777 2249
f 1297 2249 1777
f 91 2250 1301
f 576 2251 2250
f 335 1301 2251
f 2250 2251 1301
f 124 1781 2253
f 460 2252 1781
f 576 2253 2252
f 1781 2252 2253
f 335 2251 2249
f 576 2252 2251
f 460 2249 2252
f 2251 2252 2249
f 25 2254 1313
f 577 2255 2254
f 339 1313 2255
f 2254 2255 1313
f 152 2256 2258
f 578 2257 2256
f 577 2258 2257
f 2256 2257 2258
f 91 1318 2260
f 339 2259 1318
f 578 2260 2259
f 1318 2259 2260
f 577 2257 2255
f 578 2259 2257
f 339 2255 2259
f 2257 2259 2255
f 36 1786 2262
f 464 2261 1786
f 580 2262 2261
f 1786 2261 2262
f 124 2263 1790
f 579 2264 2263
f 464 1790 2264
f 2263 2264 1790
f 152 2265 2267
f 580 2266 2265
f 579 2267 2266
f 2265 2266 2267
f 464 2264 2261
f 579 2266 2264
f 580 2261 2266
f 2264 2266 2261
f 91 2260 2250
f 578 2268 2260
f 576 2250 2268
f 2260 2268 2250
f 152 2267 2256
f 579 2269 2267
f 578 2256 2269
f 2267 2269 2256
f 124 2253 2263
f 576 2270 2253
f 579 2263 2270
f 2253 2270 2263
f 578 2269 2268
f 579 2270 2269
f 576 2268 2270
f 2269 2270 2268
f 12 1344 1269
f 346 2271 1344
f 326 1269 2271
f 1344 2271 1269
f 93 2272 1347
f 581 2273 2272
f 346 1347 2273
f 2272 2273 1347
f 87 1273 2275
f 326 2274 1273
f 581 2275 2274
f 1273 2274 2275
f 346 2273 2271
f 581 2274 2273
f 326 2271 2274
f 2273 2274 2271
f 28 2276 1357
f 582 2277 2276
f 349 1357 2277
f 2276 2277 1357
f 153 2278 2280
f 583 2279 2278
f 582 2280 2279
f 2278 2279 2280
f 93 1362 2282
f 349 2281 1362
f 583 2282 2281
f 1362 2281 2282
f 582 2279 2277
f 583 2281 2279
f 349 2277 2281
f 2279 2281 2277
f 25 1278 2284
f 330 2283 1278
f 585 2284 2283
f 1278 2283 2284
f 87 2285 1282
f 584 2286 2285
f 330 1282 2286
f 2285 2286 1282
f 153 2287 2289
f 585 2288 2287
f 584 2289 2288
f 2287 2288 2289
f 330 2286 2283
f 584 2288 2286
f 585 2283 2288
f 2286 2288 2283
f 93 2282 2272
f 583 2290 2282
f 581 2272 2290
f 2282 2290 2272
f 153 2289 2278
f 584 2291 2289
f 583 2278 2291
f 2289 2291 2278
f 87 2275 2285
f 581 2292 2275
f 584 2285 2292
f 2275 2292 2285
f 583 2291 2290
f 584 2292 2291
f 581 2290 2292
f 2291 2292 2290
f 36 2262 2232
f 580 2293 2262
f 572 2232 2293
f 2262 2293 2232
f 152 2294 2265
f 586 2295 2294
f 580 2265 2295
f 2294 2295 2265
f 151 2236 2297
f 572 2296 2236
f 586 2297 2296
f 2236 2296 2297
f 580 2295 2293
f 586 2296 2295
f 572 2293 2296
f 2295 2296 2293
f 25 2284 2254
f 585 2298 2284
f 577 2254 2298
f 2284 2298 2254
f 153 2299 2287
f 587 2300 2299
f 585 2287 2300
f 2299 2300 2287
f 152 2258 2302
f 577 2301 2258
f 587 2302 2301
f 2258 2301 2302
f 585 2300 2298
f 587 2301 2300
f 577 2298 2301
f 2300 2301 2298
f 28 2240 2276
f 575 2303 2240
f 582 2276 2303
f 2240 2303 2276
f 151 2304 2243
f 588 2305 2304
f 575 2243 2305
f 2304 2305 2243
f 153 2280 2307
f 582 2306 2280
f 588 2307 2306
f 2280 2306 2307
f 575 2305 2303
f 588 2306 2305
f 582 2303 2306
f 2305 2306 2303
f 152 2302 2294
f 587 2308 2302
f 586 2294 2308
f 2302 2308 2294
f 153 2307 2299
f 588 2309 2307
f 587 2299 2309
f 2307 2309 2299
f 151 2297 2304
f 586 2310 2297
f 588 2304 2310
f 2297 2310 2304
f 587 2309 2308
f 588 2310 2309
f 586 2308 2310
f 2309 2310 2308
f 7 1905 1495
f 495 2311 1905
f 385 1495 2311
f 1905 2311 1495
f 135 2312 1909
f 589 2313 2312
f 495 1909 2313
f 2312 2313 1909
f 103 1500 2315
f 385 2314 1500
f 589 2315 2314
f 1500 2314 2315
f 495 2313 2311
f 589 2314 2313
f 385 2311 2314
f 2313 2314 2311
f 38 2316 1921
f 590 2317 2316
f 499 1921 2317
f 2316 2317 1921
f 154 2318 2320
f 591 2319 2318
f 590 2320 2319
f 2318 2319 2320
f 135 1926 2322
f 499 2321 1926
f 591 2322 2321
f 1926 2321 2322
f 590 2319 2317
f 591 2321 2319
f 499 2317 2321
f 2319 2321 2317
f 30 1506 2324
f 390 2323 1506
f 593 2324 2323
f 1506 2323 2324
f 103 2325 1510
f 592 2326 2325
f 390 1510 2326
f 2325 2326 1510
f 154 2327 2329
f 593 2328 2327
f 592 2329 2328
f 2327 2328 2329
f 390 2326 2323
f 592 2328 2326
f 593 2323 2328
f 2326 2328 2323
f 135 2322 2312
f 591 2330 2322
f 589 2312 2330
f 2322 2330 2312
f 154 2329 2318
f 592 2331 2329
f 591 2318 2331
f 2329 2331 2318
f 103 2315 2325
f 589 2332 2315
f 592 2325 2332
f 2315 2332 2325
f 591 2331 2330
f 592 2332 2331
f 589 2330 2332
f 2331 2332 2330
f 3 1397 1877
f 361 2333 1397
f 486 1877 2333
f 1397 2333 1877
f 98 2334 1401
f 594 2335 2334
f 361 1401 2335
f 2334 2335 1401
f 131 1881 2337
f 486 2336 1881
f 594 2337 2336
f 1881 2336 2337
f 361 2335 2333
f 594 2336 2335
f 486 2333 2336
f 2335 2336 2333
f 27 2338 1413
f 595 2339 2338
f 365 1413 2339
f 2338 2339 1413
f 155 2340 2342
f 596 2341 2340
f 595 2342 2341
f 2340 2341 2342
f 98 1418 2344
f 365 2343 1418
f 596 2344 2343
f 1418 2343 2344
f 595 2341 2339
f 596 2343 2341
f 365 2339 2343
f 2341 2343 2339
f 38 1886 2346
f 490 2345 1886
f 598 2346 2345
f 1886 2345 2346
f 131 2347 1890
f 597 2348 2347
f 490 1890 2348
f 2347 2348 1890
f 155 2349 2351
f 598 2350 2349
f 597 2351 2350
f 2349 2350 2351
f 490 2348 2345
f 597 2350 2348
f 598 2345 2350
f 2348 2350 2345
f 98 2344 2334
f 596 2352 2344
f 594 2334 2352
f 2344 2352 2334
f 155 2351 2340
f 597 2353 2351
f 596 2340 2353
f 2351 2353 2340
f 131 2337 2347
f 594 2354 2337
f 597 2347 2354
f 2337 2354 2347
f 596 2353 2352
f 597 2354 2353
f 594 2352 2354
f 2353 2354 2352
f 11 1444 1369
f 372 2355 1444
f 352 1369 2355
f 1444 2355 1369
f 100 2356 1447
f 599 2357 2356
f 372 1447 2357
f 2356 2357 1447
f 94 1373 2359
f 352 2358 1373
f 599 2359 2358
f 1373 2358 2359
f 372 2357 2355
f 599 2358 2357
f 352 2355 2358
f 2357 2358 2355
f 30 2360 1457
f 600 2361 2360
f 375 1457 2361
f 2360 2361 1457
f 156 2362 2364
f 601 2363 2362
f 600 2364 2363
f 2362 2363 2364
f 100 1462 2366
f 375 2365 1462
f 601 2366 2365
f 1462 2365 2366
f 600 2363 2361
f 601 2365 2363
f 375 2361 2365
f 2363 2365 2361
f 27 1378 2368
f 356 2367 1378
f 603 2368 2367
f 1378 2367 2368
f 94 2369 1382
f 602 2370 2369
f 356 1382 2370
f 2369 2370 1382
f 156 2371 2373
f 603 2372 2371
f 602 2373 2372
f 2371 2372 2373
f 356 2370 2367
f 602 2372 2370
f 603 2367 2372
f 2370 2372 2367
f 100 2366 2356
f 601 2374 2366
f 599 2356 2374
f 2366 2374 2356
f 156 2373 2362
f 602 2375 2373
f 601 2362 2375
f 2373 2375 2362
f 94 2359 2369
f 599 2376 2359
f 602 2369 2376
f 2359 2376 2369
f 601 2375 2374
f 602 2376 2375
f 599 2374 2376
f 2375 2376 2374
f 38 2346 2316
f 598 2377 2346
f 590 2316 2377
f 2346 2377 2316
f 155 2378 2349
f 604 2379 2378
f 598 2349 2379
f 2378 2379 2349
f 154 2320 2381
f 590 2380 2320
f 604 2381 2380
f 2320 2380 2381
f 598 2379 2377
f 604 2380 2379
f 590 2377 2380
f 2379 2380 2377
f 27 2368 2338
f 603 2382 2368
f 595 2338 2382
f 2368 2382 2338
f 156 2383 2371
f 605 2384 2383
f 603 2371 2384
f 2383 2384 2371
f 155 2342 2386
f 595 2385 2342
f 605 2386 2385
f 2342 2385 2386
f 603 2384 2382
f 605 2385 2384
f 595 2382 2385
f 2384 2385 2382
f 30 2324 2360
f 593 2387 2324
f 600 2360 2387
f 2324 2387 2360
f 154 2388 2327
f 606 2389 2388
f 593 2327 2389
f 2388 2389 2327
f 156 2364 2391
f 600 2390 2364
f 606 2391 2390
f 2364 2390 2391
f 593 2389 2387
f 606 2390 2389
f 600 2387 2390
f 2389 2390 2387
f 155 2386 2378
f 605 2392 2386
f 604 2378 2392
f 2386 2392 2378
f 156 2391 2383
f 606 2393 2391
f 605 2383 2393
f 2391 2393 2383
f 154 2381 2388
f 604 2394 2381
f 606 2388 2394
f 2381 2394 2388
f 605 2393 2392
f 606 2394 2393
f 604 2392 2394
f 2393 2394 2392
f 9 2005 1595
f 521 2395 2005
f 411 1595 2395
f 2005 2395 1595
f 142 2396 2009
f 607 2397 2396
f 521 2009 2397
f 2396 2397 2009
f 110 1600 2399
f 411 2398 1600
f 607 2399 2398
f 1600 2398 2399
f 521 2397 2395
f 607 2398 2397
f 411 2395 2398
f 2397 2398 2395
f 40 2400 2021
f 608 2401 2400
f 525 2021 2401
f 2400 2401 2021
f 157 2402 2404
f 609 2403 2402
f 608 2404 2403
f 2402 2403 2404
f 142 2026 2406
f 525 2405 2026
f 609 2406 2405
f 2026 2405 2406
f 608 2403 2401
f 609 2405 2403
f 525 2401 2405
f 2403 2405 2401
f 32 1606 2408
f 416 2407 1606
f 611 2408 2407
f 1606 2407 2408
f 110 2409 1610
f 610 2410 2409
f 416 1610 2410
f 2409 2410 1610
f 157 2411 2413
f 611 2412 2411
f 610 2413 2412
f 2411 2412 2413
f 416 2410 2407
f 610 2412 2410
f 611 2407 2412
f 2410 2412 2407
f 142 2406 2396
f 609 2414 2406
f 607 2396 2414
f 2406 2414 2396
f 157 2413 2402
f 610 2415 2413
f 609 2402 2415
f 2413 2415 2402
f 110 2399 2409
f 607 2416 2399
f 610 2409 2416
f 2399 2416 2409
f 609 2415 2414
f 610 2416 2415
f 607 2414 2416
f 2415 2416 2414
f 7 1497 1977
f 387 2417 1497
f 512 1977 2417
f 1497 2417 1977
f 105 2418 1501
f 612 2419 2418
f 387 1501 2419
f 2418 2419 1501
f 138 1981 2421
f 512 2420 1981
f 612 2421 2420
f 1981 2420 2421
f 387 2419 2417
f 612 2420 2419
f 512 2417 2420
f 2419 2420 2417
f 29 2422 1513
f 613 2423 2422
f 391 1513 2423
f 2422 2423 1513
f 158 2424 2426
f 614 2425 2424
f 613 2426 2425
f 2424 2425 2426
f 105 1518 2428
f 391 2427 1518
f 614 2428 2427
f 1518 2427 2428
f 613 2425 2423
f 614 2427 2425
f 391 2423 2427
f 2425 2427 2423
f 40 1986 2430
f 516 2429 1986
f 616 2430 2429
f 1986 2429 2430
f 138 2431 1990
f 615 2432 2431
f 516 1990 2432
f 2431 2432 1990
f 158 2433 2435
f 616 2434 2433
f 615 2435 2434
f 2433 2434 2435
f 516 2432 2429
f 615 2434 2432
f 616 2429 2434
f 2432 2434 2429
f 105 2428 2418
f 614 2436 2428
f 612 2418 2436
f 2428 2436 2418
f 158 2435 2424
f 615 2437 2435
f 614 2424 2437
f 2435 2437 2424
f 138 2421 2431
f 612 2438 2421
f 615 2431 2438
f 2421 2438 2431
f 614 2437 2436
f 615 2438 2437
f 612 2436 2438
f 2437 2438 2436
f 8 1544 1469
f 398 2439 1544
f 378 1469 2439
f 1544 2439 1469
f 107 2440 1547
f 617 2441 2440
f 398 1547 2441
f 2440 2441 1547
f 101 1473 2443
f 378 2442 1473
f 617 2443 2442
f 1473 2442 2443
f 398 2441 2439
f 617 2442 2441
f 378 2439 2442
f 2441 2442 2439
f 32 2444 1557
f 618 2445 2444
f 401 1557 2445
f 2444 2445 1557
f 159 2446 2448
f 619 2447 2446
f 618 2448 2447
f 2446 2447 2448
f 107 1562 2450
f 401 2449 1562
f 619 2450 2449
f 1562 2449 2450
f 618 2447 2445
f 619 2449 2447
f 401 2445 2449
f 2447 2449 2445
f 29 1478 2452
f 382 2451 1478
f 621 2452 2451
f 1478 2451 2452
f 101 2453 1482
f 620 2454 2453
f 382 1482 2454
f 2453 2454 1482
f 159 2455 2457
f 621 2456 2455
f 620 2457 2456
f 2455 2456 2457
f 382 2454 2451
f 620 2456 2454
f 621 2451 2456
f 2454 2456 2451
f 107 2450 2440
f 619 2458 2450
f 617 2440 2458
f 2450 2458 2440
f 159 2457 2446
f 620 2459 2457
f 619 2446 2459
f 2457 2459 2446
f 101 2443 2453
f 617 2460 2443
f 620 2453 2460
f 2443 2460 2453
f 619 2459 2458
f 620 2460 2459
f 617 2458 2460
f 2459 2460 2458
f 40 2430 2400
f 616 2461 2430
f 608 2400 2461
f 2430 2461 2400
f 158 2462 2433
f 622 2463 2462
f 616 2433 2463
f 2462 2463 2433
f 157 2404 2465
f 608 2464 2404
f 622 2465 2464
f 2404 2464 2465
f 616 2463 2461
f 622 2464 2463
f 608 2461 2464
f 2463 2464 2461
f 29 2452 2422
f 621 2466 2452
f 613 2422 2466
f 2452 2466 2422
f 159 2467 2455
f 623 2468 2467
f 621 2455 2468
f 2467 2468 2455
f 158 2426 2470
f 613 2469 2426
f 623 2470 2469
f 2426 2469 2470
f 621 2468 2466
f 623 2469 2468
f 613 2466 2469
f 2468 2469 2466
f 32 2408 2444
f 611 2471 2408
f 618 2444 2471
f 2408 2471 2444
f 157 2472 2411
f 624 2473 2472
f 611 2411 2473
f 2472 2473 2411
f 159 2448 2475
f 618 2474 2448
f 624 2475 2474
f 2448 2474 2475
f 611 2473 2471
f 624 2474 2473
f 618 2471 2474
f 2473 2474 2471
f 158 2470 2462
f 623 2476 2470
f 622 2462 2476
f 2470 2476 2462
f 159 2475 2467
f 624 2477 2475
f 623 2467 2477
f 2475 2477 2467
f 157 2465 2472
f 622 2478 2465
f 624 2472 2478
f 2465 2478 2472
f 623 2477 2476
f 624 2478 2477
f 622 2476 2478
f 2477 2478 2476
f 10 2100 1195
f 544 2479 2100
f 307 1195 2479
f 2100 2479 1195
f 147 2480 2103
f 625 2481 2480
f 544 2103 2481
f 2480 2481 2103
f 82 1200 2483
f 307 2482 1200
f 625 2483 2482
f 1200 2482 2483
f 544 2481 2479
f 625 2482 2481
f 307 2479 2482
f 2481 2482 2479
f 42 2484 2113
f 626 2485 2484
f 547 2113 2485
f 2484 2485 2113
f 160 2486 2488
f 627 2487 2486
f 626 2488 2487
f 2486 2487 2488
f 147 2118 2490
f 547 2489 2118
f 627 2490 2489
f 2118 2489 2490
f 626 2487 2485
f 627 2489 2487
f 547 2485 2489
f 2487 2489 2485
f 24 1206 2492
f 312 2491 1206
f 629 2492 2491
f 1206 2491 2492
f 82 2493 1210
f 628 2494 2493
f 312 1210 2494
f 2493 2494 1210
f 160 2495 2497
f 629 2496 2495
f 628 2497 2496
f 2495 2496 2497
f 312 2494 2491
f 628 2496 2494
f 629 2491 2496
f 2494 2496 2491
f 147 2490 2480
f 627 2498 2490
f 625 2480 2498
f 2490 2498 2480
f 160 2497 2486
f 628 2499 2497
f 627 2486 2499
f 2497 2499 2486
f 82 2483 2493
f 625 2500 2483
f 628 2493 2500
f 2483 2500 2493
f 627 2499 2498
f 628 2500 2499
f 625 2498 2500
f 2499 2500 2498
f 9 1597 2073
f 413 2501 1597
f 536 2073 2501
f 1597 2501 2073
f 112 2502 1601
f 630 2503 2502
f 413 1601 2503
f 2502 2503 1601
f 144 2077 2505
f 536 2504 2077
f 630 2505 2504
f 2077 2504 2505
f 413 2503 2501
f 630 2504 2503
f 536 2501 2504
f 2503 2504 2501
f 31 2506 1613
f 631 2507 2506
f 417 1613 2507
f 2506 2507 1613
f 161 2508 2510
f 632 2509 2508
f 631 2510 2509
f 2508 2509 2510
f 112 1618 2512
f 417 2511 1618
f 632 2512 2511
f 1618 2511 2512
f 631 2509 2507
f 632 2511 2509
f 417 2507 2511
f 2509 2511 2507
f 42 2082 2514
f 540 2513 2082
f 634 2514 2513
f 2082 2513 2514
f 144 2515 2086
f 633 2516 2515
f 540 2086 2516
f 2515 2516 2086
f 161 2517 2519
f 634 2518 2517
f 633 2519 2518
f 2517 2518 2519
f 540 2516 2513
f 633 2518 2516
f 634 2513 2518
f 2516 2518 2513
f 112 2512 2502
f 632 2520 2512
f 630 2502 2520
f 2512 2520 2502
f 161 2519 2508
f 633 2521 2519
f 632 2508 2521
f 2519 2521 2508
f 144 2505 2515
f 630 2522 2505
f 633 2515 2522
f 2505 2522 2515
f 632 2521 2520
f 633 2522 2521
f 630 2520 2522
f 2521 2522 2520
f 2 1144 1569
f 294 2523 1144
f 404 1569 2523
f 1144 2523 1569
f 79 2524 1147
f 635 2525 2524
f 294 1147 2525
f 2524 2525 1147
f 108 1573 2527
f 404 2526 1573
f 635 2527 2526
f 1573 2526 2527
f 294 2525 2523
f 635 2526 2525
f 404 2523 2526
f 2525 2526 2523
f 24 2528 1157
f 636 2529 2528
f 297 1157 2529
f 2528 2529 1157
f 162 2530 2532
f 637 2531 2530
f 636 2532 2531
f 2530 2531 2532
f 79 1162 2534
f 297 2533 1162
f 637 2534 2533
f 1162 2533 2534
f 636 2531 2529
f 637 2533 2531
f 297 2529 2533
f 2531 2533 2529
f 31 1578 2536
f 408 2535 1578
f 639 2536 2535
f 1578 2535 2536
f 108 2537 1582
f 638 2538 2537
f 408 1582 2538
f 2537 2538 1582
f 162 2539 2541
f 639 2540 2539
f 638 2541 2540
f 2539 2540 2541
f 408 2538 2535
f 638 2540 2538
f 639 2535 2540
f 2538 2540 2535
f 79 2534 2524
f 637 2542 2534
f 635 2524 2542
f 2534 2542 2524
f 162 2541 2530
f 638 2543 2541
f 637 2530 2543
f 2541 2543 2530
f 108 2527 2537
f 635 2544 2527
f 638 2537 2544
f 2527 2544 2537
f 637 2543 2542
f 638 2544 2543
f 635 2542 2544
f 2543 2544 2542
f 42 2514 2484
f 634 2545 2514
f 626 2484 2545
f 2514 2545 2484
f 161 2546 2517
f 640 2547 2546
f 634 2517 2547
f 2546 2547 2517
f 160 2488 2549
f 626 2548 2488
f 640 2549 2548
f 2488 2548 2549
f 634 2547 2545
f 640 2548 2547
f 626 2545 2548
f 2547 2548 2545
f 31 2536 2506
f 639 2550 2536
f 631 2506 2550
f 2536 2550 2506
f 162 2551 2539
f 641 2552 2551
f 639 2539 2552
f 2551 2552 2539
f 161 2510 2554
f 631 2553 2510
f 641 2554 2553
f 2510 2553 2554
f 639 2552 2550
f 641 2553 2552
f 631 2550 2553
f 2552 2553 2550
f 24 2492 2528
f 629 2555 2492
f 636 2528 2555
f 2492 2555 2528
f 160 2556 2495
f 642 2557 2556
f 629 2495 2557
f 2556 2557 2495
f 162 2532 2559
f 636 2558 2532
f 642 2559 2558
f 2532 2558 2559
f 629 2557 2555
f 642 2558 2557
f 636 2555 2558
f 2557 2558 2555
f 161 2554 2546
f 641 2560 2554
f 640 2546 2560
f 2554 2560 2546
f 162 2559 2551
f 642 2561 2559
f 641 2551 2561
f 2559 2561 2551
f 160 2549 2556
f 640 2562 2549
f 642 2556 2562
f 2549 2562 2556
f 641 2561 2560
f 642 2562 2561
f 640 2560 2562
f 2561 2562 2560
