# Pixel2Mesh output
v -0.199761 0.316504 0.242170
v 0.213544 0.311718 0.247125
v -0.340049 -0.208774 0.317041
v 0.173440 -0.020054 0.081072
v -0.025489 0.183109 0.322562
v 0.121968 1.027925 0.670138
v 0.274951 -0.116107 -0.481663
v -0.007745 0.051880 -0.138247
v 0.435801 0.100986 -0.193791
v 0.407263 0.166581 0.388136
v -0.433948 0.091825 -0.212229
v -0.433895 0.244791 0.400722
v -0.394759 0.394787 0.309038
v -0.431007 0.609807 0.490590
v -0.213642 0.628744 0.366388
v 0.263591 0.631884 0.358184
v 0.013487 0.341935 0.248862
v 0.111118 0.090821 0.098500
v -0.111665 0.063404 0.093580
v -0.231187 0.067137 -0.221281
v -0.313560 0.109531 0.099859
v -0.460119 0.079044 0.187236
v 0.408027 0.569990 0.469535
v 0.419001 0.357281 0.321871
v -0.256424 0.234038 0.368606
v -0.002831 0.464284 0.413535
v -0.341108 -0.092420 0.076873
v -0.385523 0.011410 0.344523
v 0.043408 0.096195 -0.438453
v -0.478200 0.036313 -0.589875
v 0.306350 0.110194 0.108563
v 0.222854 0.073299 -0.198310
v 0.304975 -0.005308 0.267036
v 0.195284 0.193345 0.342605
v 0.061554 0.020949 0.242486
v -0.193766 0.010838 0.270601
v -0.077196 -0.155033 0.171983
v -0.591549 -1.022182 0.612409
v 0.314075 -0.463053 -0.238131
v 0.464264 0.054497 -0.484902
v 0.391404 -0.023858 -0.152933
v 0.463782 0.031557 0.185356
v -0.293417 0.375358 0.273094
v -0.336972 0.536786 0.334097
v -0.200166 0.465622 0.298377
v -0.421180 0.406637 0.440375
v -0.452293 0.520739 0.401926
v -0.453432 0.343508 0.368621
v -0.223564 0.968907 0.518283
v -0.461782 0.775597 0.452587
v -0.390544 0.902193 0.616467
v -0.070170 0.482600 0.307702
v -0.097511 0.335213 0.245808
v 0.360643 0.935358 0.495851
v 0.031283 0.661920 0.388722
v 0.123982 0.334469 0.249927
v 0.099140 0.484119 0.307554
v 0.222771 0.455881 0.294062
v -0.049706 0.191445 0.187905
v -0.149513 0.170518 0.179738
v 0.158492 0.189547 0.191646
v 0.071705 0.203409 0.194300
v -0.065349 0.041150 -0.019194
v 0.004414 0.077658 0.091484
v 0.067483 0.051331 -0.021256
v -0.213689 0.078243 0.098413
v -0.252735 0.199876 0.196701
v -0.119973 0.054074 -0.178282
v -0.168532 0.042424 -0.048450
v -0.381576 0.105809 -0.052151
v -0.280840 0.067123 -0.070839
v -0.340410 0.099574 -0.257589
v -0.344997 0.247259 0.227829
v -0.462043 0.073325 -0.015294
v -0.414693 0.127560 0.112928
v -0.433622 0.224329 0.272601
v -0.456219 0.148111 0.325751
v 0.369507 0.510765 0.333463
v 0.313691 0.351753 0.278204
v 0.406282 0.832226 0.573759
v 0.470755 0.713518 0.435527
v 0.454677 0.286061 0.378535
v 0.454101 0.473381 0.404240
v 0.403228 0.352084 0.421015
v -0.206854 0.557265 0.463937
v 0.009047 0.668745 0.510198
v -0.359599 0.230080 0.403907
v -0.311853 0.397544 0.425869
v -0.012096 0.319542 0.361332
v -0.144812 0.363128 0.382930
v -0.140586 0.221736 0.338755
v -0.443381 0.031805 0.300923
v -0.411421 0.101036 0.373646
v -0.439663 0.004254 -0.183052
v -0.450062 0.001863 0.108609
v -0.362960 -0.082494 0.321106
v -0.416300 -0.065330 0.282815
v -0.415795 -0.213323 0.326472
v -0.316069 0.104012 -0.413849
v -0.446532 0.077127 -0.387620
v 0.004256 0.065533 -0.277380
v -0.136669 0.084118 -0.344216
v -0.162994 -0.017764 -0.539634
v -0.158947 0.092378 -0.522222
v 0.104251 0.061340 -0.569445
v 0.167668 0.055841 -0.046260
v 0.116229 0.055964 -0.172032
v 0.254797 0.194960 0.202755
v 0.202629 0.106234 0.104035
v 0.333888 0.103090 -0.224676
v 0.266461 0.079017 -0.053444
v 0.374827 0.097986 -0.035063
v 0.234564 0.005014 0.155742
v 0.186383 0.017560 0.243693
v 0.120125 0.000369 0.180233
v 0.310554 0.165524 0.369454
v 0.246954 0.054819 0.316188
v 0.361936 0.028878 0.340546
v 0.021028 0.076465 0.282051
v 0.133808 0.075495 0.298713
v 0.085704 0.208453 0.332956
v -0.008779 -0.024592 0.184188
v 0.100134 -0.074826 0.128036
v -0.110039 0.086288 0.292883
v -0.072036 0.016027 0.248099
v -0.250617 -0.234582 0.247961
v -0.168061 -0.063355 0.216363
v -0.266120 -0.080118 0.275066
v 0.369728 -0.070054 0.364591
v 0.176040 -0.122636 -0.045298
v -0.403042 -0.425315 0.393528
v -0.175858 -0.377833 0.290548
v 0.590836 -1.051266 -0.648041
v 0.616298 -1.011059 0.590225
v 0.112863 -0.237957 -0.070680
v 0.274975 -0.126447 -0.272274
v 0.252881 -0.018127 -0.042187
v 0.470578 -0.046201 -0.616505
v 0.490842 -0.256588 -0.502532
v 0.472148 0.034461 -0.203047
v 0.447247 -0.018076 -0.358257
v 0.435322 0.079417 -0.351626
v 0.348426 -0.018215 0.099054
v 0.467534 0.068604 -0.013385
v 0.454236 -0.010249 0.021103
v 0.417051 -0.015456 0.253190
v 0.449688 0.072203 0.326423
v 0.112822 0.351366 0.371375
v 0.283605 0.364763 0.400395
v 0.196638 0.547724 0.453383
v -0.295789 0.007623 0.314769
v -0.223423 0.107259 0.321496
v -0.328662 0.107631 0.365328
v -0.620740 -1.042142 -0.670518
v -0.428651 -0.440581 0.254146
v -0.369623 -0.231842 -0.414836
v 0.322493 0.105658 -0.373749
v 0.262289 0.092570 -0.500352
v 0.157813 0.082127 -0.327523
v 0.448380 0.172729 0.288694
v 0.421079 0.090701 0.127336
v 0.357623 0.214191 0.239091
v -0.243793 0.346583 0.259252
v -0.247116 0.424914 0.281961
v -0.197262 0.392674 0.270573
v -0.362986 0.467696 0.319252
v -0.305357 0.454741 0.299777
v -0.339860 0.385665 0.286990
v -0.199706 0.540048 0.330266
v -0.259841 0.500683 0.313385
v -0.286119 0.586020 0.346414
v -0.422736 0.323197 0.420973
v -0.442123 0.379077 0.406753
v -0.445303 0.293404 0.386981
v -0.462033 0.573222 0.450210
v -0.447269 0.468218 0.427043
v -0.419324 0.502622 0.461483
v -0.428977 0.377414 0.335420
v -0.446574 0.433402 0.385351
v -0.420738 0.461386 0.349188
v -0.042549 1.067794 0.622506
v -0.364137 1.033623 0.610177
v -0.168327 0.981585 0.655046
v -0.333386 0.698011 0.391824
v -0.408422 0.894828 0.487376
v -0.229074 0.744041 0.413245
v -0.430147 0.738678 0.537446
v -0.491522 0.903375 0.564326
v -0.481484 0.718596 0.493307
v -0.403941 0.538689 0.359018
v -0.451623 0.630952 0.417401
v -0.383910 0.631561 0.374930
v -0.145158 0.402872 0.270963
v -0.147490 0.327176 0.243683
v -0.127631 0.549448 0.336000
v -0.136869 0.473387 0.302007
v -0.042252 0.337417 0.246007
v -0.085796 0.409268 0.275727
v -0.025576 0.412684 0.278020
v 0.291586 1.058774 0.615623
v 0.114953 0.968385 0.519862
v 0.155867 0.649442 0.376142
v 0.151822 0.758492 0.423255
v 0.295227 0.730484 0.400807
v -0.048844 0.759956 0.428609
v -0.097938 0.640231 0.378460
v 0.169601 0.324545 0.248238
v 0.173194 0.394292 0.270485
v 0.214922 0.380347 0.271567
v 0.054139 0.411539 0.278198
v 0.113699 0.408717 0.276859
v 0.069294 0.338707 0.248421
v 0.230657 0.543352 0.325379
v 0.164256 0.472940 0.298812
v 0.164744 0.554244 0.331836
v -0.029028 0.564239 0.345955
v 0.067723 0.568848 0.347266
v 0.014777 0.481382 0.308299
v -0.125160 0.252923 0.214019
v -0.172301 0.245061 0.210325
v -0.019328 0.265166 0.217919
v -0.071007 0.259615 0.216189
v -0.129867 0.107445 0.141887
v -0.100462 0.176783 0.184723
v -0.079958 0.120271 0.148238
v 0.185444 0.250644 0.219447
v 0.141261 0.261123 0.222711
v 0.090085 0.141049 0.156087
v 0.114492 0.196959 0.193492
v 0.132492 0.134055 0.150832
v 0.096133 0.266889 0.222908
v 0.046062 0.270178 0.221537
v -0.036678 0.047196 -0.079208
v 0.000429 0.044657 -0.016735
v 0.031163 0.050635 -0.079671
v -0.052982 0.071769 0.093747
v -0.029656 0.052952 0.042605
v -0.088467 0.048021 0.044886
v 0.090929 0.067237 0.043330
v 0.035593 0.058758 0.041151
v 0.060102 0.084906 0.096654
v 0.013626 0.198849 0.190999
v 0.037189 0.136021 0.149117
v -0.021840 0.128456 0.147095
v -0.199757 0.181032 0.191133
v -0.224704 0.258977 0.220426
v -0.162296 0.067191 0.098050
v -0.179014 0.113758 0.146963
v -0.277599 0.145244 0.154759
v -0.229169 0.128450 0.152495
v -0.259462 0.091280 0.098606
v -0.064107 0.052236 -0.155721
v -0.089898 0.045739 -0.096164
v -0.198900 0.054476 -0.134356
v -0.143353 0.049737 -0.114250
v -0.174302 0.058159 -0.196755
v -0.115010 0.038037 -0.029182
v -0.137788 0.042521 0.032998
v -0.410369 0.105072 -0.138508
v -0.357483 0.100697 -0.152276
v -0.389647 0.103912 -0.243141
v -0.294312 0.081092 0.019704
v -0.327507 0.089070 -0.065532
v -0.346508 0.104289 0.028895
v -0.282005 0.083476 -0.242576
v -0.306506 0.082311 -0.162846
v -0.255967 0.067567 -0.146762
v -0.191811 0.053803 0.032428
v -0.225709 0.052494 -0.057825
v -0.243738 0.065073 0.022610
v -0.268978 0.289921 0.239294
v -0.325748 0.172831 0.170329
v -0.294680 0.225955 0.210453
v -0.315542 0.310305 0.252727
v -0.362515 0.320699 0.269204
v -0.449954 0.085321 -0.118387
v -0.427871 0.097338 -0.042195
v -0.442510 0.109849 0.141331
v -0.438963 0.098518 0.049368
v -0.459913 0.073099 0.089459
v -0.397736 0.112836 0.035130
v -0.362078 0.123080 0.103059
v -0.450708 0.244238 0.348856
v -0.446287 0.194839 0.364534
v -0.410923 0.311461 0.292977
v -0.441074 0.283558 0.320157
v -0.454699 0.106013 0.264560
v -0.447548 0.186874 0.298265
v -0.444600 0.145704 0.235698
v -0.376268 0.179851 0.178613
v -0.419773 0.170241 0.199195
v -0.389738 0.243435 0.243951
v 0.270724 0.408496 0.281951
v 0.260030 0.331866 0.261843
v 0.324721 0.573252 0.340577
v 0.291466 0.490725 0.309484
v 0.368943 0.361023 0.295481
v 0.334971 0.433753 0.303510
v 0.392364 0.436442 0.325473
v 0.319255 0.966503 0.641571
v 0.464652 0.960745 0.574113
v 0.460165 0.651108 0.471708
v 0.485048 0.794556 0.515964
v 0.407568 0.677793 0.509271
v 0.451254 0.827032 0.460124
v 0.379721 0.672105 0.380956
v 0.433985 0.224506 0.387372
v 0.437343 0.318030 0.403943
v 0.399217 0.257887 0.406592
v 0.438460 0.417187 0.359201
v 0.450461 0.381299 0.391800
v 0.446206 0.329637 0.348452
v 0.400437 0.459826 0.443658
v 0.439357 0.420339 0.419642
v 0.445908 0.527386 0.441964
v 0.410462 0.597981 0.374757
v 0.453413 0.584924 0.419623
v 0.426470 0.497436 0.362335
v -0.166281 0.757315 0.557064
v 0.063894 0.856495 0.614456
v -0.324174 0.582735 0.480087
v -0.280167 0.676938 0.517483
v -0.001420 0.552455 0.448636
v -0.120033 0.610264 0.479814
v -0.094126 0.509586 0.431882
v -0.397701 0.232832 0.408203
v -0.386343 0.316789 0.421570
v -0.278230 0.313262 0.394293
v -0.335965 0.312953 0.413146
v -0.306734 0.227499 0.384457
v -0.370808 0.398807 0.436537
v -0.357818 0.493400 0.456140
v -0.019744 0.253823 0.343306
v -0.076853 0.276235 0.346475
v -0.081894 0.206862 0.330216
v -0.077394 0.418957 0.394827
v -0.074920 0.345348 0.367811
v -0.007671 0.393590 0.383704
v -0.197482 0.232731 0.346213
v -0.137977 0.295860 0.357282
v -0.201449 0.303904 0.371234
v -0.260189 0.481512 0.439711
v -0.225872 0.379318 0.399492
v -0.166034 0.456112 0.418255
v -0.435863 0.119415 0.355201
v -0.421671 0.171519 0.386189
v -0.450127 0.053494 0.244681
v -0.447548 0.086407 0.314627
v -0.396690 0.054479 0.359421
v -0.427640 0.059581 0.345121
v -0.416012 0.013939 0.332065
v -0.454679 0.060895 -0.210227
v -0.459553 0.040737 -0.100089
v -0.410636 -0.037083 0.096686
v -0.440310 0.001485 -0.032814
v -0.365353 -0.034147 -0.068141
v -0.462110 0.040563 0.039337
v -0.457946 0.039849 0.144467
v -0.350898 -0.141936 0.319555
v -0.386164 -0.146559 0.323798
v -0.385601 -0.220514 0.334836
v -0.403018 -0.032951 0.320214
v -0.392858 -0.080683 0.313890
v -0.371826 -0.030974 0.330791
v -0.396384 -0.164150 0.235516
v -0.406437 -0.126007 0.295289
v -0.405579 -0.086289 0.207419
v -0.447375 0.008064 0.212940
v -0.429532 -0.033695 0.202992
v -0.428096 -0.015782 0.289928
v -0.391691 0.100965 -0.333869
v -0.429085 0.084060 -0.295797
v -0.265275 0.085387 -0.316345
v -0.327728 0.103128 -0.337504
v -0.467536 0.064218 -0.490866
v -0.391206 0.104658 -0.413827
v -0.380902 0.097494 -0.504773
v -0.001595 0.057152 -0.204570
v -0.059157 0.062100 -0.230144
v -0.055711 0.089421 -0.390839
v -0.062611 0.073178 -0.309736
v 0.016343 0.076034 -0.356984
v -0.125302 0.065752 -0.258346
v -0.185882 0.074401 -0.280400
v 0.057434 -0.036721 -0.460501
v -0.021516 0.025727 -0.569706
v 0.184678 -0.011258 -0.562102
v -0.308785 0.083348 -0.557362
v -0.178586 0.056369 -0.578739
v -0.352172 -0.014140 -0.611033
v 0.077927 0.094890 -0.515115
v -0.030188 0.079118 -0.546586
v -0.044690 0.096196 -0.477958
v -0.218514 0.093159 -0.374547
v -0.141613 0.094837 -0.436676
v -0.245720 0.099549 -0.468531
v 0.088945 0.051950 -0.094757
v 0.054930 0.053452 -0.153464
v 0.136864 0.066135 0.032436
v 0.117025 0.052652 -0.031495
v 0.172139 0.061504 -0.181553
v 0.142477 0.054677 -0.108158
v 0.193274 0.061954 -0.120942
v 0.234557 0.255051 0.226550
v 0.203863 0.192709 0.198201
v 0.249307 0.109473 0.106058
v 0.222839 0.143808 0.160622
v 0.274058 0.142751 0.163346
v 0.178218 0.140084 0.156871
v 0.157614 0.097350 0.102574
v 0.387441 0.109690 -0.216498
v 0.351244 0.099841 -0.130572
v 0.409910 0.107273 -0.122025
v 0.244745 0.075686 -0.125117
v 0.296549 0.086541 -0.136380
v 0.274786 0.088169 -0.212296
v 0.338541 0.098016 0.040109
v 0.317448 0.090022 -0.046781
v 0.283048 0.090843 0.032466
v 0.185241 0.076155 0.034139
v 0.233015 0.085961 0.032891
v 0.216977 0.067461 -0.049698
v 0.198365 0.000256 0.113215
v 0.176790 0.004012 0.167976
v 0.150712 -0.010387 0.131890
v 0.242643 0.008406 0.254107
v 0.211578 0.009039 0.204724
v 0.270147 0.000409 0.211125
v 0.089595 0.011287 0.211448
v 0.151105 0.013150 0.209110
v 0.123706 0.023527 0.238365
v 0.361506 0.162169 0.382961
v 0.333769 0.091355 0.357020
v 0.385966 0.089915 0.366103
v 0.220913 0.116966 0.330935
v 0.274952 0.103194 0.343480
v 0.253234 0.177022 0.353963
v 0.335752 0.002921 0.309376
v 0.302718 0.040153 0.328794
v 0.276655 0.018215 0.297637
v -0.000523 0.128437 0.301918
v 0.052938 0.139541 0.309319
v 0.029574 0.200955 0.325142
v 0.097739 0.044680 0.273215
v 0.074055 0.080741 0.286120
v 0.039315 0.042060 0.264881
v 0.136850 0.203986 0.334284
v 0.109198 0.138052 0.316338
v 0.162242 0.131730 0.322508
v 0.216535 0.030958 0.284104
v 0.189269 0.066615 0.304318
v 0.161591 0.039077 0.275362
v 0.102994 -0.027291 0.143758
v 0.133644 -0.042542 0.100452
v 0.024545 0.004779 0.210868
v 0.058679 -0.008722 0.180611
v 0.026931 -0.102573 0.154559
v 0.044614 -0.048470 0.152812
v -0.043383 -0.073765 0.169049
v -0.067028 0.134304 0.306952
v -0.044186 0.083012 0.287549
v -0.132250 0.016334 0.257521
v -0.089495 0.046953 0.273870
v -0.150861 0.048642 0.279011
v -0.023897 0.043557 0.267947
v -0.008421 0.021178 0.243411
v -0.292796 -0.221279 0.288358
v -0.256226 -0.145283 0.255622
v -0.299531 -0.142453 0.291910
v -0.134314 -0.109451 0.186642
v -0.207527 -0.138979 0.217877
v -0.174226 -0.206310 0.199928
v -0.231675 -0.026364 0.270613
v -0.217583 -0.072533 0.242549
v -0.181242 -0.020608 0.247122
v -0.045413 -0.003318 0.216046
v -0.121234 -0.012093 0.229276
v -0.091365 -0.041984 0.196630
v 0.161246 -0.098988 0.056900
v 0.172760 -0.059168 0.013816
v 0.101955 -0.133637 0.225300
v 0.172072 -0.122886 0.181950
v 0.220710 -0.257112 -0.142057
v 0.233524 -0.169678 0.122562
v 0.362198 -0.310216 0.224332
v -0.360573 -0.301844 0.341526
v -0.316800 -0.329449 0.306170
v -0.344982 -0.591226 0.420079
v -0.319400 -0.440932 0.343252
v -0.478845 -0.590116 0.478812
v -0.236356 -0.318859 0.257515
v -0.119573 -0.250422 0.217571
v 0.385107 -0.462017 -0.513890
v 0.323139 -0.535559 -0.286405
v 0.215621 -0.195212 -0.306037
v 0.451204 -0.527260 0.308913
v 0.500190 -0.750928 0.235419
v 0.463699 -0.710924 -0.410327
v -0.213798 -0.555881 0.248665
v 0.383756 -0.594533 0.318145
v -0.300613 -0.702066 0.443074
v 0.170212 -0.139096 0.346980
v 0.276410 -0.400870 0.379421
v 0.527868 -0.229473 0.477240
v 0.199814 -0.056092 -0.058631
v 0.207439 -0.016924 0.021655
v 0.275328 -0.294465 -0.303135
v 0.204462 -0.133477 -0.165612
v 0.313636 -0.016325 -0.098785
v 0.253103 -0.057153 -0.156829
v 0.324235 -0.046460 -0.217623
v 0.375069 -0.107709 -0.589695
v 0.548291 -0.427579 -0.638978
v 0.510357 -0.043656 -0.502241
v 0.536756 -0.151664 -0.583132
v 0.485426 0.017358 -0.558228
v 0.554544 -0.578130 -0.566215
v 0.392232 -0.436476 -0.410494
v 0.463617 0.073221 -0.204876
v 0.458072 0.062340 -0.285819
v 0.427095 0.094309 -0.273178
v 0.405412 -0.020186 -0.257243
v 0.454365 0.015387 -0.285618
v 0.442541 -0.002720 -0.177003
v 0.443381 0.068194 -0.415878
v 0.458167 0.035875 -0.365384
v 0.471250 0.019074 -0.424270
v 0.357386 -0.206061 -0.377640
v 0.455623 -0.079809 -0.420086
v 0.362229 -0.066700 -0.316009
v 0.242246 -0.004289 0.059632
v 0.365813 -0.018006 -0.027456
v 0.296391 -0.009351 0.021001
v 0.286313 -0.004643 0.129544
v 0.327320 -0.016424 0.192880
v 0.455384 0.091284 -0.111080
v 0.473370 0.055740 -0.112444
v 0.459589 0.004769 0.107452
v 0.469661 0.028349 0.001765
v 0.465036 0.047363 0.088444
v 0.465539 0.015024 -0.094658
v 0.429178 -0.014678 -0.071105
v 0.411410 0.043595 0.339959
v 0.431489 0.116402 0.360573
v 0.362963 -0.014299 0.266121
v 0.391137 -0.002925 0.308542
v 0.453776 0.041446 0.266793
v 0.430353 0.016663 0.298293
v 0.444341 0.001701 0.221547
v 0.406025 -0.018936 0.061488
v 0.432379 -0.019025 0.143182
v 0.387033 -0.022000 0.179831
v 0.035292 0.270699 0.344432
v 0.152830 0.276420 0.353429
v 0.095553 0.282617 0.350173
v 0.047811 0.340241 0.363561
v 0.062982 0.415038 0.388086
v 0.353558 0.258991 0.392898
v 0.339688 0.462313 0.433399
v 0.348343 0.356389 0.411106
v 0.297882 0.265994 0.382957
v 0.231774 0.278313 0.367263
v 0.203365 0.749149 0.548741
v 0.085751 0.505351 0.426671
v 0.120182 0.602249 0.472569
v 0.278137 0.655043 0.501999
v 0.313669 0.563712 0.464233
v 0.193752 0.359119 0.381898
v 0.244385 0.460140 0.422710
v 0.143929 0.446055 0.407451
v -0.311167 -0.081733 0.298551
v -0.245060 0.010230 0.289972
v -0.278890 -0.029263 0.295480
v -0.325998 -0.032677 0.315904
v -0.337973 0.008139 0.330869
v -0.122584 0.151641 0.317074
v -0.237394 0.169585 0.344327
v -0.181787 0.163591 0.327596
v -0.167963 0.098924 0.302452
v -0.206180 0.058924 0.296754
v -0.384454 0.161300 0.390231
v -0.355303 0.057331 0.357770
v -0.369552 0.099725 0.372578
v -0.341509 0.165975 0.382684
v -0.293343 0.167903 0.364754
v -0.259388 0.055620 0.316848
v -0.274591 0.104938 0.340881
v -0.308913 0.056996 0.340518
v -0.048020 -0.055391 -0.318130
v -0.441916 -0.768452 -0.255094
v -0.176840 -0.389831 -0.268396
v -0.344009 -0.274255 -0.493283
v -0.567423 -0.329512 -0.633833
v -0.413309 -0.313047 0.370517
v -0.312816 -0.240426 0.097466
v -0.425034 -0.323297 0.319246
v -0.463642 -0.445000 0.400047
v -0.531579 -0.664437 0.423075
v -0.445568 0.045698 -0.292590
v -0.532604 -0.107003 -0.540603
v -0.463486 -0.022374 -0.422382
v -0.362221 -0.072480 -0.302801
v -0.263312 -0.163519 -0.212826
v -0.407357 -0.618427 -0.355250
v -0.307175 -0.376692 -0.298032
v -0.523245 -0.588768 -0.542921
v 0.382308 0.105039 -0.301742
v 0.389546 0.095511 -0.441459
v 0.386949 0.099532 -0.370085
v 0.323651 0.105331 -0.298449
v 0.262528 0.087378 -0.285422
v 0.267333 0.026742 -0.579691
v 0.154087 0.095960 -0.470231
v 0.196885 0.078259 -0.537215
v 0.356570 0.056316 -0.562286
v 0.368656 0.083453 -0.500843
v 0.063486 0.062630 -0.224875
v 0.192231 0.076182 -0.261500
v 0.134310 0.066242 -0.247480
v 0.078276 0.072832 -0.300949
v 0.107249 0.089630 -0.382575
v 0.298734 0.101324 -0.439025
v 0.205935 0.094907 -0.421500
v 0.240161 0.093510 -0.350653
v 0.448734 0.174931 0.356848
v 0.453143 0.091188 0.248622
v 0.455904 0.122934 0.309772
v 0.452066 0.228139 0.336342
v 0.431239 0.266665 0.308160
v 0.425420 0.089850 -0.028166
v 0.362799 0.104722 0.112303
v 0.396562 0.091147 0.047939
v 0.443492 0.076192 0.062685
v 0.449318 0.068943 0.151692
v 0.281139 0.271844 0.243072
v 0.386225 0.287659 0.281808
v 0.334970 0.283290 0.260105
v 0.303722 0.205638 0.218633
v 0.326070 0.150980 0.181170
v 0.430903 0.122080 0.215906
v 0.382785 0.142728 0.191025
v 0.408378 0.201284 0.259076
v -0.222184 0.330876 0.250473
v -0.220778 0.369651 0.264931
v -0.198750 0.354474 0.256339
v -0.270265 0.400470 0.277655
v -0.245573 0.386299 0.270801
v -0.268734 0.361353 0.266300
v -0.198741 0.429567 0.284635
v -0.222086 0.409342 0.276439
v -0.223717 0.445818 0.290345
v -0.378821 0.431336 0.314184
v -0.350445 0.425956 0.302835
v -0.366719 0.389715 0.297812
v -0.320085 0.494944 0.316627
v -0.333517 0.460639 0.309286
v -0.349588 0.502555 0.326799
v -0.316250 0.380570 0.280065
v -0.322612 0.420363 0.293450
v -0.299236 0.415253 0.286519
v -0.206312 0.583492 0.347969
v -0.242164 0.562589 0.338137
v -0.250345 0.607279 0.356339
v -0.229725 0.483340 0.305922
v -0.229865 0.520450 0.321824
v -0.199536 0.503025 0.314382
v -0.311515 0.562251 0.340557
v -0.272000 0.542176 0.329411
v -0.297692 0.518443 0.323639
v -0.275944 0.440145 0.290991
v -0.282441 0.478330 0.306824
v -0.253163 0.462821 0.297694
v -0.428265 0.284017 0.410849
v -0.435217 0.310618 0.405353
v -0.439839 0.269507 0.394125
v -0.433757 0.394850 0.424973
v -0.433344 0.352870 0.414907
v -0.421333 0.364386 0.430243
v -0.450546 0.320355 0.379013
v -0.443464 0.336244 0.396791
v -0.449288 0.363313 0.388996
v -0.451824 0.595460 0.473288
v -0.444336 0.540195 0.457409
v -0.422235 0.552940 0.473511
v -0.454129 0.497838 0.416551
v -0.452651 0.519174 0.437097
v -0.460940 0.549425 0.427596
v -0.418467 0.453517 0.449901
v -0.436444 0.488055 0.445874
v -0.436185 0.439413 0.435107
v -0.412605 0.387080 0.322578
v -0.424473 0.419380 0.342196
v -0.406361 0.427122 0.328567
v -0.449663 0.388189 0.376776
v -0.437625 0.405097 0.360222
v -0.442838 0.362839 0.353456
v -0.435057 0.489975 0.374806
v -0.435834 0.449250 0.368501
v -0.448030 0.476142 0.392847
v -0.443470 0.423179 0.416333
v -0.449553 0.452910 0.407703
v -0.446719 0.408494 0.397611
v 0.043729 1.056961 0.655037
v -0.105166 1.037624 0.649814
v -0.018115 1.013021 0.670330
v -0.303225 1.034195 0.579401
v -0.205153 1.054001 0.618921
v -0.133231 1.052691 0.588728
v -0.288944 0.952871 0.643719
v -0.269614 1.019900 0.642953
v -0.386595 0.988691 0.626820
v -0.272434 0.662328 0.378734
v -0.282431 0.723379 0.403041
v -0.220428 0.682892 0.388584
v -0.440482 0.839390 0.472087
v -0.363517 0.781009 0.432580
v -0.402173 0.739226 0.421424
v -0.227581 0.840005 0.458635
v -0.323606 0.817393 0.447365
v -0.327536 0.943358 0.506493
v -0.426370 0.668249 0.510121
v -0.466474 0.742148 0.522506
v -0.460626 0.667155 0.494363
v -0.452040 0.924308 0.602651
v -0.473085 0.835855 0.560269
v -0.414489 0.821934 0.577736
v -0.481492 0.759356 0.479472
v -0.484943 0.806170 0.525674
v -0.486478 0.847775 0.512474
v -0.403724 0.994277 0.564075
v -0.465269 0.925588 0.540352
v -0.437743 0.982388 0.595463
v -0.391918 0.464743 0.334157
v -0.431178 0.531513 0.381588
v -0.411387 0.498888 0.353487
v -0.381746 0.501188 0.338226
v -0.371010 0.538126 0.346609
v -0.466743 0.639447 0.467306
v -0.452827 0.697108 0.431962
v -0.470493 0.675724 0.456268
v -0.463895 0.606931 0.437078
v -0.450331 0.574191 0.408521
v -0.307935 0.638887 0.367902
v -0.358319 0.582841 0.353898
v -0.335555 0.610567 0.361254
v -0.359597 0.665989 0.383817
v -0.416343 0.692845 0.408690
v -0.427286 0.582624 0.387324
v -0.424260 0.636275 0.397616
v -0.393273 0.584242 0.366609
v -0.172676 0.359650 0.257036
v -0.173672 0.321996 0.242989
v -0.172918 0.434165 0.284648
v -0.171364 0.397782 0.270779
v -0.122533 0.331132 0.244722
v -0.146368 0.365052 0.257334
v -0.121423 0.368869 0.258322
v -0.170753 0.588117 0.350822
v -0.163654 0.544830 0.333163
v -0.103447 0.478092 0.304890
v -0.131910 0.512185 0.319285
v -0.098870 0.516160 0.321902
v -0.168156 0.506898 0.316203
v -0.168780 0.469186 0.300080
v -0.014314 0.339808 0.247483
v -0.033883 0.375102 0.262032
v -0.006019 0.377372 0.263465
v -0.091661 0.372243 0.260769
v -0.064059 0.373241 0.260831
v -0.069903 0.336198 0.245864
v -0.047867 0.447638 0.292860
v -0.055699 0.410865 0.276833
v -0.077826 0.446263 0.291834
v -0.140988 0.438232 0.286523
v -0.111410 0.441211 0.288826
v -0.115509 0.405973 0.273309
v 0.207644 1.050210 0.649569
v 0.129104 1.070515 0.625613
v 0.246072 0.955558 0.508946
v 0.220773 1.040676 0.580766
v 0.354089 1.026331 0.567888
v 0.047288 1.046415 0.586655
v -0.052511 0.979149 0.524612
v 0.210080 0.641334 0.367413
v 0.223091 0.688325 0.388693
v 0.276963 0.679996 0.379784
v 0.087521 0.705329 0.404369
v 0.151144 0.700529 0.398614
v 0.093295 0.655013 0.382193
v 0.323205 0.821837 0.441995
v 0.227347 0.747330 0.412299
v 0.251499 0.835344 0.454298
v -0.162593 0.689548 0.394974
v -0.155943 0.633984 0.372239
v -0.132535 0.846713 0.466921
v -0.140315 0.751202 0.420524
v -0.033351 0.650613 0.383425
v -0.074137 0.696955 0.402404
v -0.009655 0.707173 0.407311
v 0.129142 0.850185 0.465649
v 0.051018 0.759691 0.426297
v 0.024242 0.855377 0.470841
v 0.191595 0.318290 0.247741
v 0.192189 0.352073 0.259762
v 0.214282 0.346059 0.259354
v 0.148456 0.363981 0.260059
v 0.171254 0.358936 0.259183
v 0.146703 0.329310 0.249010
v 0.218699 0.417880 0.282734
v 0.193992 0.387152 0.270963
v 0.197989 0.425147 0.282298
v 0.033951 0.377053 0.263646
v 0.061796 0.375344 0.263391
v 0.041362 0.340257 0.248618
v 0.106395 0.446372 0.292190
v 0.083897 0.410079 0.277511
v 0.076527 0.447632 0.292808
v 0.096583 0.336433 0.249117
v 0.091608 0.373940 0.262723
v 0.118738 0.371293 0.263282
v 0.245198 0.585386 0.341035
v 0.197507 0.548532 0.328484
v 0.212190 0.590906 0.344297
v 0.193673 0.464697 0.296537
v 0.196955 0.507295 0.311799
v 0.226422 0.499106 0.309542
v 0.131734 0.518750 0.319542
v 0.164276 0.513293 0.315224
v 0.131824 0.478770 0.303268
v 0.143449 0.401496 0.273668
v 0.139033 0.440994 0.287899
v 0.168884 0.434024 0.284798
v -0.113148 0.593830 0.356864
v 0.000724 0.612459 0.367140
v -0.063722 0.601604 0.361978
v -0.078476 0.556348 0.340795
v -0.049650 0.523534 0.326879
v 0.159617 0.600883 0.353659
v 0.083529 0.526931 0.327581
v 0.116265 0.561578 0.339561
v 0.110647 0.607781 0.361247
v 0.049433 0.615364 0.368006
v 0.014302 0.412145 0.278121
v -0.027843 0.481615 0.307864
v -0.005357 0.447144 0.293202
v 0.034497 0.446582 0.293294
v 0.056883 0.482523 0.307842
v 0.019414 0.566741 0.346685
v 0.041110 0.524981 0.327742
v -0.007099 0.522950 0.327181
v -0.159953 0.286135 0.227011
v -0.186121 0.280924 0.226306
v -0.111303 0.294238 0.229976
v -0.136419 0.289847 0.228777
v -0.160927 0.207703 0.194999
v -0.148760 0.248928 0.212149
v -0.137437 0.211596 0.196835
v -0.002919 0.303530 0.233383
v -0.030718 0.301447 0.232020
v -0.060357 0.225362 0.201983
v -0.045145 0.262408 0.217060
v -0.034555 0.228113 0.202839
v -0.056569 0.298718 0.231172
v -0.084299 0.297279 0.230950
v -0.120877 0.085118 0.117621
v -0.105009 0.113620 0.144976
v -0.095758 0.091981 0.120963
v -0.124994 0.173528 0.182184
v -0.115400 0.141553 0.163101
v -0.139685 0.138687 0.160700
v -0.065089 0.155363 0.167894
v -0.090137 0.148539 0.166483
v -0.075129 0.183939 0.186248
v -0.098088 0.256231 0.215090
v -0.085732 0.218339 0.200509
v -0.112758 0.214842 0.199366
v 0.199734 0.281841 0.233529
v 0.177632 0.287908 0.233957
v 0.149912 0.225531 0.207252
v 0.163361 0.255953 0.221105
v 0.171995 0.220195 0.205584
v 0.155503 0.292933 0.235509
v 0.132747 0.298109 0.236433
v 0.100583 0.115859 0.127266
v 0.111264 0.137570 0.153467
v 0.121591 0.111878 0.124460
v 0.093108 0.200356 0.193962
v 0.102415 0.169430 0.174948
v 0.080861 0.172525 0.175310
v 0.145440 0.161621 0.171172
v 0.123405 0.165374 0.172114
v 0.136511 0.193323 0.192595
v 0.057581 0.304090 0.234849
v 0.029642 0.305595 0.235029
v 0.110053 0.300578 0.236379
v 0.082684 0.302646 0.235608
v 0.058958 0.236970 0.207983
v 0.071095 0.268593 0.222245
v 0.083947 0.235206 0.208625
v 0.127916 0.229130 0.208134
v 0.105331 0.232018 0.208236
v 0.118697 0.264002 0.222808
v -0.022182 0.049785 -0.108630
v -0.002824 0.048804 -0.079484
v 0.011663 0.051179 -0.108991
v -0.032592 0.042481 -0.018127
v -0.018087 0.045815 -0.048020
v -0.050989 0.044205 -0.049189
v 0.049465 0.051361 -0.050302
v 0.015854 0.047877 -0.048110
v 0.033918 0.048115 -0.018944
v -0.082383 0.067585 0.093667
v -0.070661 0.060011 0.069359
v -0.099958 0.056077 0.069368
v -0.012491 0.065703 0.067191
v -0.041180 0.062775 0.068329
v -0.024372 0.074578 0.092567
v -0.076922 0.044525 0.012816
v -0.059093 0.050454 0.043735
v -0.047507 0.046788 0.011600
v 0.101184 0.079491 0.071085
v 0.075644 0.076396 0.070111
v 0.085586 0.087986 0.097625
v 0.051525 0.054917 0.009870
v 0.063270 0.063187 0.042313
v 0.079241 0.059401 0.011061
v 0.032217 0.081346 0.094095
v 0.047990 0.072185 0.069031
v 0.020138 0.068528 0.066434
v -0.014677 0.048504 0.012808
v 0.002974 0.056020 0.041941
v 0.018075 0.051778 0.012225
v 0.013274 0.267330 0.219602
v 0.042677 0.201226 0.192686
v 0.029819 0.234409 0.206228
v -0.002933 0.231627 0.204316
v -0.018088 0.195073 0.189425
v 0.074767 0.112085 0.126043
v 0.020578 0.106334 0.120117
v 0.048447 0.109978 0.122709
v 0.063615 0.138581 0.152621
v 0.054463 0.169995 0.171816
v -0.066714 0.095547 0.120824
v -0.035732 0.160072 0.167545
v -0.050901 0.124408 0.147684
v -0.037478 0.099923 0.120352
v -0.008965 0.102519 0.119095
v 0.025305 0.167478 0.170081
v 0.007810 0.132643 0.148255
v -0.004153 0.163738 0.169082
v -0.198681 0.251604 0.215225
v -0.212329 0.287781 0.231319
v -0.174615 0.175746 0.185424
v -0.186102 0.212928 0.200687
v -0.238635 0.229658 0.208648
v -0.212407 0.219750 0.205691
v -0.226336 0.190095 0.193784
v -0.136939 0.065377 0.095843
v -0.146098 0.087163 0.119909
v -0.196366 0.095759 0.122596
v -0.170641 0.090302 0.122440
v -0.187947 0.072673 0.098212
v -0.154460 0.110451 0.144368
v -0.164359 0.141866 0.163251
v -0.295539 0.127071 0.127185
v -0.268717 0.117609 0.126442
v -0.286556 0.100055 0.099100
v -0.241208 0.163477 0.174349
v -0.253480 0.136531 0.153511
v -0.265090 0.172416 0.175670
v -0.236558 0.084621 0.098454
v -0.244245 0.109897 0.125560
v -0.221495 0.102867 0.125274
v -0.189435 0.147051 0.168920
v -0.204113 0.120921 0.149660
v -0.214482 0.154582 0.171754
v -0.035947 0.052053 -0.146986
v -0.050332 0.049830 -0.117425
v -0.104956 0.050047 -0.137164
v -0.077019 0.048970 -0.125948
v -0.092100 0.053160 -0.166997
v -0.063322 0.046313 -0.087746
v -0.077521 0.043547 -0.057645
v -0.214978 0.060421 -0.178039
v -0.186622 0.056445 -0.165491
v -0.202517 0.062386 -0.209228
v -0.156022 0.046180 -0.081306
v -0.170985 0.052355 -0.124213
v -0.183666 0.048796 -0.091266
v -0.147072 0.056081 -0.187583
v -0.158868 0.053978 -0.155536
v -0.131752 0.052045 -0.146204
v -0.113232 0.044907 0.038803
v -0.124653 0.052998 0.063296
v -0.090205 0.039572 -0.024197
v -0.101621 0.042973 0.007823
v -0.152992 0.042613 -0.007687
v -0.126402 0.040292 0.001911
v -0.141687 0.040311 -0.038789
v -0.116693 0.047707 -0.105216
v -0.129132 0.044078 -0.071642
v -0.102424 0.042122 -0.062578
v -0.423664 0.100165 -0.174657
v -0.399860 0.104174 -0.190976
v -0.413464 0.099472 -0.227074
v -0.369528 0.103101 -0.102272
v -0.385275 0.104928 -0.144470
v -0.396939 0.107257 -0.094570
v -0.366753 0.103807 -0.249551
v -0.374937 0.104305 -0.196878
v -0.348941 0.100069 -0.204964
v -0.304068 0.094547 0.059493
v -0.320619 0.092047 0.024063
v -0.329885 0.106255 0.064115
v -0.304185 0.077739 -0.068327
v -0.311014 0.085040 -0.022922
v -0.287544 0.074111 -0.025573
v -0.364468 0.105648 -0.011368
v -0.336863 0.096372 -0.018444
v -0.355034 0.097802 -0.058669
v -0.256480 0.075055 -0.232113
v -0.268854 0.074736 -0.195053
v -0.243685 0.067271 -0.184031
v -0.323987 0.091590 -0.209964
v -0.294223 0.082817 -0.202776
v -0.312280 0.092680 -0.249583
v -0.268324 0.067566 -0.108752
v -0.281040 0.074418 -0.155063
v -0.293820 0.074564 -0.116898
v -0.343126 0.096030 -0.108448
v -0.317032 0.085938 -0.114096
v -0.332428 0.092198 -0.157282
v -0.150068 0.054855 0.065522
v -0.180063 0.048340 -0.007935
v -0.164690 0.048298 0.032761
v -0.176958 0.060517 0.065239
v -0.202713 0.065934 0.065379
v -0.226951 0.060879 -0.140680
v -0.253125 0.059633 -0.064411
v -0.240782 0.060061 -0.102319
v -0.212313 0.053700 -0.096001
v -0.196995 0.047778 -0.053015
v -0.276951 0.085772 0.058998
v -0.228627 0.071624 0.060495
v -0.251607 0.077830 0.060475
v -0.268997 0.072886 0.021077
v -0.262186 0.066145 -0.024098
v -0.208600 0.053334 -0.012641
v -0.234606 0.058865 -0.017586
v -0.217648 0.059564 0.027564
v -0.234582 0.303200 0.240018
v -0.261099 0.245466 0.218220
v -0.246883 0.274557 0.229893
v -0.256482 0.318731 0.249449
v -0.281617 0.333447 0.256487
v -0.319789 0.140477 0.134832
v -0.301710 0.158864 0.162481
v -0.319834 0.236694 0.219172
v -0.310041 0.199181 0.190297
v -0.335564 0.210058 0.199041
v -0.286378 0.185653 0.182636
v -0.273663 0.213077 0.203633
v -0.351163 0.353142 0.278076
v -0.377864 0.357129 0.288879
v -0.304608 0.343038 0.262987
v -0.327662 0.348492 0.270068
v -0.353949 0.285129 0.248972
v -0.338683 0.315293 0.260878
v -0.330007 0.279321 0.240496
v -0.281855 0.258407 0.225051
v -0.305721 0.269681 0.232165
v -0.292223 0.300340 0.246092
v -0.442924 0.089886 -0.164721
v -0.431622 0.096837 -0.127663
v -0.446333 0.086582 -0.028097
v -0.440206 0.092676 -0.079576
v -0.455959 0.079289 -0.066864
v -0.419291 0.101470 -0.090235
v -0.406101 0.104107 -0.046039
v -0.451921 0.095378 0.164747
v -0.452061 0.092201 0.115810
v -0.459724 0.075648 0.138100
v -0.427260 0.113675 0.081423
v -0.440745 0.104002 0.095278
v -0.429598 0.120531 0.127984
v -0.461169 0.073446 0.037197
v -0.450921 0.087687 0.070370
v -0.451327 0.086896 0.017523
v -0.354341 0.113016 0.065722
v -0.338215 0.116135 0.101417
v -0.389486 0.109032 -0.008629
v -0.372653 0.109008 0.032215
v -0.388823 0.126480 0.108470
v -0.380037 0.118013 0.069126
v -0.406263 0.120173 0.074022
v -0.433598 0.098038 0.003634
v -0.419547 0.108037 0.043318
v -0.413992 0.106831 -0.002715
v -0.445798 0.244256 0.375819
v -0.440437 0.220698 0.383166
v -0.452196 0.294541 0.359077
v -0.448755 0.270486 0.368929
v -0.452014 0.172697 0.345932
v -0.449058 0.220710 0.357421
v -0.453523 0.196076 0.337277
v -0.402840 0.353476 0.301154
v -0.418934 0.343899 0.313951
v -0.436634 0.253629 0.296230
v -0.426737 0.298536 0.306997
v -0.422979 0.269670 0.283533
v -0.435345 0.331682 0.328391
v -0.447213 0.313849 0.344501
v -0.456956 0.091855 0.225491
v -0.449854 0.125883 0.250171
v -0.452415 0.111762 0.211201
v -0.452271 0.167759 0.312271
v -0.451138 0.145577 0.281025
v -0.455391 0.126501 0.294884
v -0.439222 0.184689 0.253976
v -0.445600 0.165401 0.266515
v -0.441266 0.206520 0.285885
v -0.446731 0.265154 0.335296
v -0.444623 0.236037 0.309652
v -0.449060 0.215619 0.323561
v -0.343842 0.147661 0.136580
v -0.395551 0.153107 0.145542
v -0.369258 0.151282 0.140767
v -0.351200 0.177063 0.174760
v -0.360324 0.213168 0.203072
v -0.443183 0.127317 0.188271
v -0.426211 0.196946 0.235768
v -0.432913 0.159477 0.218121
v -0.431505 0.139966 0.170248
v -0.416989 0.148347 0.155834
v -0.386537 0.316145 0.281122
v -0.367461 0.246012 0.236148
v -0.376751 0.283181 0.257018
v -0.399881 0.277902 0.268650
v -0.412740 0.235497 0.258901
v -0.398652 0.176929 0.189652
v -0.405091 0.207551 0.221828
v -0.383504 0.212384 0.211547
v 0.237538 0.356250 0.266755
v 0.236794 0.321651 0.254429
v 0.246631 0.431771 0.287848
v 0.242804 0.394388 0.276748
v 0.286726 0.341547 0.269929
v 0.265325 0.370047 0.271848
v 0.292278 0.380201 0.280102
v 0.294947 0.603388 0.349550
v 0.275840 0.556050 0.332286
v 0.329583 0.499817 0.321210
v 0.305742 0.529676 0.324255
v 0.347940 0.542838 0.337075
v 0.261130 0.517063 0.317422
v 0.256702 0.472695 0.301564
v 0.394379 0.359726 0.308960
v 0.379243 0.397340 0.309749
v 0.405532 0.396805 0.323645
v 0.323932 0.392277 0.290695
v 0.352064 0.397356 0.299494
v 0.341152 0.356083 0.286748
v 0.380710 0.473448 0.329446
v 0.363606 0.435091 0.314511
v 0.349871 0.469840 0.317518
v 0.280599 0.448764 0.295418
v 0.313521 0.462677 0.306649
v 0.302479 0.420575 0.292537
v 0.221833 1.002266 0.660613
v 0.316592 1.029233 0.641054
v 0.452282 0.915967 0.584457
v 0.407278 0.982156 0.620113
v 0.375412 0.908247 0.611475
v 0.396194 1.027053 0.603643
v 0.436274 0.973627 0.545219
v 0.435670 0.613331 0.472423
v 0.440321 0.671429 0.493761
v 0.406796 0.623324 0.489209
v 0.484452 0.757425 0.476326
v 0.467719 0.718424 0.492613
v 0.473388 0.690124 0.456069
v 0.402915 0.750858 0.539514
v 0.453242 0.744110 0.517327
v 0.460854 0.828169 0.552154
v 0.340762 0.703550 0.390294
v 0.323390 0.654784 0.370383
v 0.414343 0.884926 0.478125
v 0.382091 0.785036 0.429286
v 0.434820 0.702440 0.407930
v 0.413824 0.747942 0.419363
v 0.464122 0.771974 0.448092
v 0.480995 0.878572 0.543982
v 0.485707 0.825639 0.493273
v 0.471301 0.899776 0.517554
v 0.420649 0.195293 0.387736
v 0.417674 0.242014 0.397615
v 0.402778 0.212034 0.397146
v 0.446888 0.302875 0.391776
v 0.435924 0.271513 0.395801
v 0.445017 0.255712 0.383314
v 0.400835 0.304919 0.413613
v 0.418995 0.288648 0.405716
v 0.421331 0.336244 0.413135
v 0.427947 0.386558 0.340085
v 0.441954 0.373097 0.353616
v 0.434018 0.345159 0.336071
v 0.450763 0.426270 0.397287
v 0.446064 0.401425 0.376562
v 0.446599 0.445526 0.381930
v 0.451721 0.309248 0.364312
v 0.448768 0.355877 0.370388
v 0.452120 0.333466 0.384931
v 0.403147 0.514291 0.456156
v 0.424587 0.495529 0.443861
v 0.429778 0.551364 0.457223
v 0.421778 0.386813 0.420664
v 0.421225 0.441867 0.432527
v 0.400453 0.405025 0.431604
v 0.452479 0.502629 0.424133
v 0.441268 0.473143 0.430237
v 0.448913 0.449636 0.413307
v 0.444957 0.351020 0.398616
v 0.445918 0.402226 0.406456
v 0.437182 0.368539 0.411226
v 0.349783 0.621068 0.360741
v 0.441682 0.656523 0.404777
v 0.396429 0.636005 0.377512
v 0.370917 0.589537 0.357520
v 0.387624 0.552740 0.353734
v 0.450122 0.587183 0.456187
v 0.452351 0.528637 0.412007
v 0.453628 0.560274 0.432411
v 0.459863 0.620032 0.446110
v 0.461157 0.648420 0.427405
v 0.416859 0.428067 0.342690
v 0.400611 0.506645 0.347550
v 0.407749 0.465775 0.343437
v 0.431171 0.456422 0.360390
v 0.443958 0.489344 0.383730
v 0.438466 0.597892 0.396589
v 0.440954 0.542191 0.391428
v 0.417659 0.546798 0.368367
v -0.049652 0.926821 0.640899
v 0.099939 0.963120 0.656617
v -0.282874 0.838870 0.592609
v -0.178450 0.886789 0.618071
v 0.031507 0.753528 0.557338
v -0.055071 0.804006 0.582951
v -0.078040 0.711391 0.532627
v -0.380727 0.598096 0.486528
v -0.373254 0.653119 0.504577
v -0.240334 0.611970 0.487511
v -0.302470 0.628212 0.498029
v -0.265259 0.569310 0.471708
v -0.358903 0.710932 0.529931
v -0.336014 0.783153 0.563755
v -0.001987 0.508426 0.431104
v -0.047872 0.530420 0.440033
v -0.048346 0.487041 0.422743
v -0.056328 0.637670 0.494358
v -0.060889 0.579776 0.463631
v 0.002681 0.606887 0.477922
v -0.150137 0.532624 0.447596
v -0.106808 0.558192 0.455171
v -0.163723 0.583236 0.471659
v -0.226137 0.717674 0.538585
v -0.199273 0.642329 0.497521
v -0.141970 0.677657 0.515074
v -0.416424 0.239804 0.405097
v -0.409371 0.277373 0.414056
v -0.372209 0.272363 0.412151
v -0.391953 0.274973 0.414934
v -0.378762 0.232210 0.406420
v -0.405560 0.321463 0.422179
v -0.403398 0.361621 0.430790
v -0.267108 0.273362 0.381323
v -0.292265 0.270350 0.389346
v -0.281252 0.230656 0.376463
v -0.323602 0.355021 0.419397
v -0.306689 0.312440 0.403428
v -0.294488 0.354579 0.409731
v -0.332981 0.228201 0.393902
v -0.320971 0.269512 0.398496
v -0.347453 0.271110 0.408315
v -0.390321 0.498855 0.459466
v -0.392010 0.548219 0.471262
v -0.397052 0.404012 0.439287
v -0.393519 0.449845 0.448227
v -0.333201 0.443608 0.439955
v -0.363579 0.445336 0.445814
v -0.340840 0.397417 0.430732
v -0.360975 0.314430 0.417125
v -0.352390 0.354751 0.424199
v -0.378003 0.357406 0.428690
v -0.022632 0.218427 0.332918
v -0.050893 0.230267 0.336735
v -0.053846 0.194772 0.326315
v -0.044509 0.297922 0.353916
v -0.048416 0.265099 0.344922
v -0.015856 0.286947 0.352416
v -0.111509 0.213925 0.334356
v -0.079425 0.241670 0.338394
v -0.108838 0.248804 0.342551
v -0.040137 0.441676 0.404203
v -0.042641 0.406053 0.389185
v -0.005081 0.429382 0.398784
v -0.109998 0.353937 0.375262
v -0.076186 0.382059 0.381285
v -0.111223 0.390935 0.388843
v -0.009918 0.356507 0.372496
v -0.041381 0.369361 0.375718
v -0.043684 0.332242 0.364501
v -0.226736 0.233358 0.357384
v -0.199440 0.268447 0.358772
v -0.228782 0.269027 0.369929
v -0.139360 0.258883 0.348055
v -0.167729 0.264327 0.351760
v -0.169175 0.227179 0.342470
v -0.173140 0.333480 0.377068
v -0.169824 0.299533 0.364130
v -0.141442 0.329243 0.370012
v -0.075952 0.310704 0.357111
v -0.106579 0.320381 0.362467
v -0.107687 0.285664 0.351744
v -0.340303 0.536617 0.467451
v -0.285610 0.439528 0.432762
v -0.308584 0.486874 0.447586
v -0.289586 0.529427 0.458497
v -0.233316 0.519116 0.451724
v -0.239471 0.308419 0.382677
v -0.185122 0.371289 0.391226
v -0.213389 0.341427 0.385278
v -0.251960 0.346383 0.396923
v -0.268484 0.387993 0.412488
v -0.085530 0.464623 0.413480
v -0.185115 0.505814 0.440706
v -0.130189 0.482837 0.425070
v -0.121664 0.437488 0.406521
v -0.155176 0.409472 0.400523
v -0.242229 0.429646 0.419262
v -0.195749 0.418089 0.409004
v -0.212572 0.468798 0.428948
v -0.434513 0.184372 0.376083
v -0.427442 0.207902 0.393236
v -0.446675 0.134753 0.341138
v -0.440845 0.156722 0.359628
v -0.416140 0.135658 0.379523
v -0.429418 0.146662 0.371437
v -0.424217 0.111288 0.365095
v -0.454797 0.066135 0.215858
v -0.452567 0.079209 0.254368
v -0.445478 0.058631 0.307517
v -0.448701 0.069273 0.279307
v -0.446836 0.042568 0.272787
v -0.451125 0.096046 0.289532
v -0.452002 0.116893 0.320049
v -0.391248 0.033026 0.352040
v -0.407032 0.034793 0.346188
v -0.401214 0.013562 0.338824
v -0.420156 0.081391 0.360054
v -0.412473 0.057675 0.352668
v -0.403816 0.077352 0.366276
v -0.430077 0.023356 0.316793
v -0.421845 0.036359 0.338373
v -0.436204 0.046031 0.323306
v -0.442557 0.103835 0.335573
v -0.437982 0.073763 0.330367
v -0.431713 0.089179 0.349978
v -0.446639 0.078019 -0.210945
v -0.453493 0.073547 -0.164045
v -0.453181 0.023506 -0.141469
v -0.457242 0.050933 -0.155144
v -0.452519 0.033880 -0.197515
v -0.456490 0.063652 -0.109005
v -0.461339 0.056784 -0.057676
v -0.375874 -0.064307 0.086299
v -0.387958 -0.035579 0.013655
v -0.344893 -0.060219 0.001848
v -0.445454 0.001515 0.037968
v -0.424084 -0.017140 0.031566
v -0.432261 -0.017412 0.103702
v -0.402495 -0.012600 -0.124413
v -0.406717 -0.015254 -0.049245
v -0.439090 0.002971 -0.107842
v -0.459198 0.056524 0.117006
v -0.459445 0.059149 0.165767
v -0.462857 0.057041 0.012109
v -0.461937 0.057101 0.064732
v -0.454551 0.021200 0.126776
v -0.460077 0.040565 0.092110
v -0.456334 0.021221 0.074012
v -0.451957 0.021375 -0.066479
v -0.453753 0.021424 0.003269
v -0.460669 0.040424 -0.030434
v -0.345725 -0.175153 0.318564
v -0.368452 -0.180481 0.327772
v -0.363020 -0.214224 0.326529
v -0.374313 -0.114336 0.322362
v -0.368829 -0.143510 0.322344
v -0.356929 -0.111692 0.320604
v -0.401957 -0.216530 0.332176
v -0.386302 -0.182752 0.330211
v -0.401322 -0.179772 0.325453
v -0.394632 -0.010645 0.332525
v -0.387647 -0.031523 0.325818
v -0.378845 -0.009823 0.337665
v -0.404898 -0.072558 0.298749
v -0.397946 -0.056702 0.317135
v -0.409957 -0.048902 0.301736
v -0.367478 -0.056531 0.326076
v -0.382469 -0.055589 0.322557
v -0.378099 -0.081037 0.317910
v -0.365035 -0.124177 0.156428
v -0.399858 -0.123733 0.221672
v -0.376612 -0.087754 0.143686
v -0.410997 -0.169209 0.310949
v -0.404554 -0.145495 0.266293
v -0.409587 -0.189151 0.281870
v -0.412943 -0.076599 0.245431
v -0.407221 -0.106263 0.251854
v -0.411351 -0.095113 0.289365
v -0.389458 -0.113256 0.319015
v -0.400005 -0.102924 0.304969
v -0.396955 -0.135772 0.310252
v -0.453683 0.046428 0.194452
v -0.449234 0.005609 0.161208
v -0.452257 0.024158 0.178741
v -0.449024 0.030476 0.228681
v -0.445214 0.019720 0.256780
v -0.405657 -0.059379 0.152218
v -0.423204 -0.049535 0.243059
v -0.417841 -0.059907 0.205262
v -0.421129 -0.034259 0.151205
v -0.438811 -0.014922 0.156096
v -0.409496 -0.009382 0.326182
v -0.435719 0.007696 0.295272
v -0.422423 -0.000778 0.311110
v -0.415793 -0.024124 0.305312
v -0.422105 -0.040537 0.286364
v -0.438711 -0.012630 0.208113
v -0.429249 -0.024879 0.246535
v -0.437809 -0.003557 0.251593
v -0.411077 0.095115 -0.269129
v -0.430987 0.086983 -0.254224
v -0.368242 0.103246 -0.295140
v -0.390399 0.101874 -0.288718
v -0.436867 0.079871 -0.341452
v -0.412364 0.094219 -0.314525
v -0.421069 0.092075 -0.360796
v -0.248302 0.075453 -0.269238
v -0.273606 0.084304 -0.279528
v -0.321940 0.103929 -0.375494
v -0.297231 0.095322 -0.326657
v -0.291471 0.096261 -0.364707
v -0.305375 0.093753 -0.289881
v -0.334007 0.101353 -0.297559
v -0.477389 0.053779 -0.540314
v -0.428338 0.086930 -0.500363
v -0.430314 0.077043 -0.548160
v -0.422227 0.094570 -0.402055
v -0.429380 0.090251 -0.452949
v -0.456448 0.071902 -0.438619
v -0.348788 0.104173 -0.459866
v -0.387446 0.102903 -0.459283
v -0.354921 0.105912 -0.413511
v -0.361898 0.104947 -0.335142
v -0.361130 0.106006 -0.375537
v -0.391066 0.102568 -0.373793
v -0.004574 0.054683 -0.171344
v -0.032909 0.054677 -0.180149
v -0.027507 0.063917 -0.253721
v -0.030428 0.059801 -0.217286
v 0.001315 0.061237 -0.241020
v -0.061643 0.057355 -0.192859
v -0.089656 0.058127 -0.204196
v -0.006084 0.093066 -0.414572
v -0.020049 0.081974 -0.374228
v 0.029679 0.085747 -0.397810
v -0.099661 0.077946 -0.327288
v -0.059779 0.079651 -0.351055
v -0.096574 0.086123 -0.367823
v 0.010184 0.070318 -0.317405
v -0.023296 0.074369 -0.333471
v -0.029211 0.069359 -0.293559
v -0.179882 0.065747 -0.238880
v -0.208543 0.070788 -0.250811
v -0.122470 0.059810 -0.218386
v -0.149832 0.062005 -0.227513
v -0.161376 0.079028 -0.312414
v -0.155399 0.069521 -0.269698
v -0.130763 0.073884 -0.301781
v -0.060734 0.067458 -0.270034
v -0.094056 0.069329 -0.284096
v -0.092119 0.063807 -0.244326
v 0.165887 -0.061439 -0.457696
v 0.121443 -0.029466 -0.514039
v 0.231126 -0.059253 -0.516533
v -0.091366 0.002226 -0.557222
v 0.018849 -0.017731 -0.525755
v -0.053514 -0.022312 -0.490363
v 0.144107 0.022299 -0.572275
v 0.081962 0.006886 -0.564934
v 0.041159 0.045025 -0.571619
v -0.395606 0.068586 -0.576248
v -0.335682 0.048486 -0.588101
v -0.420564 0.011846 -0.603716
v -0.169751 0.079455 -0.554025
v -0.245240 0.070950 -0.568469
v -0.233851 0.089534 -0.542605
v -0.254792 -0.021600 -0.582264
v -0.266119 0.030740 -0.597042
v -0.173766 0.014607 -0.572393
v 0.062308 0.099272 -0.478232
v 0.017072 0.096323 -0.496471
v -0.000529 0.096488 -0.458012
v 0.036843 0.069927 -0.558532
v 0.024850 0.087770 -0.531361
v 0.091936 0.081563 -0.545848
v -0.100125 0.096520 -0.500525
v -0.035341 0.093021 -0.514802
v -0.094183 0.086876 -0.534385
v -0.099726 0.040930 -0.575457
v -0.104206 0.070350 -0.565538
v -0.027944 0.054625 -0.563959
v -0.225320 0.079446 -0.298642
v -0.177753 0.088162 -0.359542
v -0.202523 0.082898 -0.327895
v -0.242223 0.088963 -0.345597
v -0.267051 0.099211 -0.393984
v -0.049863 0.094105 -0.434760
v -0.148539 0.098727 -0.481110
v -0.092855 0.096192 -0.456939
v -0.098661 0.092345 -0.413713
v -0.139491 0.088854 -0.390626
v -0.346389 0.091747 -0.531393
v -0.281192 0.101916 -0.441179
v -0.314432 0.100541 -0.488350
v -0.276822 0.095261 -0.514599
v -0.202351 0.096205 -0.495284
v -0.180115 0.093780 -0.405705
v -0.192635 0.099134 -0.452003
v -0.231888 0.099676 -0.422039
v 0.043068 0.052125 -0.116534
v 0.023559 0.052621 -0.145873
v 0.078383 0.052141 -0.057798
v 0.060070 0.051477 -0.087135
v 0.085599 0.054776 -0.162720
v 0.071893 0.052565 -0.124164
v 0.102547 0.053858 -0.133436
v 0.124065 0.078598 0.065511
v 0.113904 0.066730 0.037900
v 0.142362 0.054354 -0.038839
v 0.126939 0.059400 0.000451
v 0.152368 0.061077 -0.006889
v 0.104017 0.060036 0.005927
v 0.092322 0.052214 -0.026282
v 0.197446 0.067237 -0.189995
v 0.182719 0.061791 -0.151226
v 0.208031 0.067512 -0.159669
v 0.129337 0.055305 -0.140101
v 0.157334 0.058136 -0.144841
v 0.144214 0.058816 -0.176763
v 0.180624 0.059256 -0.083465
v 0.167965 0.058505 -0.114484
v 0.155170 0.055589 -0.077079
v 0.103128 0.052708 -0.062958
v 0.129935 0.054170 -0.069621
v 0.115742 0.053419 -0.101415
v 0.224131 0.283608 0.236920
v 0.210048 0.253016 0.223060
v 0.229318 0.193793 0.200461
v 0.219314 0.224194 0.212492
v 0.244748 0.225188 0.214718
v 0.194754 0.222014 0.208948
v 0.181191 0.191184 0.194944
v 0.277835 0.109952 0.107355
v 0.261689 0.126120 0.134705
v 0.290048 0.126107 0.135820
v 0.212751 0.125094 0.132357
v 0.236027 0.126553 0.133310
v 0.225973 0.107886 0.105058
v 0.264242 0.168401 0.182883
v 0.248402 0.143121 0.161925
v 0.238626 0.169000 0.181530
v 0.145052 0.115684 0.126696
v 0.134416 0.094234 0.100592
v 0.168313 0.164701 0.174216
v 0.155314 0.136920 0.153795
v 0.180117 0.101791 0.103304
v 0.167837 0.118479 0.129635
v 0.190448 0.123221 0.130477
v 0.213283 0.168103 0.179355
v 0.200564 0.142032 0.158777
v 0.191012 0.166329 0.177512
v 0.413590 0.106949 -0.205825
v 0.398767 0.108678 -0.169177
v 0.424887 0.106110 -0.158345
v 0.342378 0.100984 -0.177814
v 0.369969 0.105381 -0.173829
v 0.361401 0.106933 -0.221220
v 0.392250 0.102288 -0.078668
v 0.381019 0.103847 -0.126649
v 0.362997 0.098815 -0.082853
v 0.233810 0.074533 -0.161698
v 0.259433 0.081456 -0.168870
v 0.248605 0.080389 -0.205427
v 0.281374 0.082641 -0.094957
v 0.270544 0.080800 -0.130864
v 0.255704 0.077619 -0.089183
v 0.304356 0.095454 -0.218600
v 0.285659 0.087380 -0.174332
v 0.314791 0.093898 -0.180882
v 0.322182 0.104025 0.074275
v 0.310748 0.094285 0.036234
v 0.294647 0.100268 0.070420
v 0.345970 0.093661 -0.041045
v 0.328009 0.094080 -0.003313
v 0.356490 0.097721 0.002426
v 0.274796 0.085029 -0.010453
v 0.300184 0.090336 -0.007192
v 0.291947 0.084577 -0.050090
v 0.323697 0.092786 -0.133623
v 0.307020 0.088265 -0.091588
v 0.334070 0.094407 -0.088866
v 0.147297 0.081866 0.067551
v 0.193912 0.091126 0.069062
v 0.171454 0.086788 0.068370
v 0.161045 0.071116 0.033276
v 0.176392 0.065618 -0.006221
v 0.266159 0.100234 0.069292
v 0.249637 0.082458 -0.010283
v 0.258026 0.088356 0.032661
v 0.241227 0.097892 0.069538
v 0.217856 0.096188 0.068497
v 0.218986 0.068700 -0.123076
v 0.192301 0.061527 -0.048031
v 0.205200 0.064965 -0.085222
v 0.230886 0.071652 -0.087378
v 0.241727 0.073178 -0.051594
v 0.209172 0.081143 0.033546
v 0.224972 0.076573 -0.008455
v 0.201151 0.071949 -0.007726
v 0.185810 -0.009420 0.096921
v 0.174612 -0.005105 0.122401
v 0.162177 -0.014947 0.106119
v 0.205638 0.004600 0.161784
v 0.187568 0.002047 0.140484
v 0.216402 0.002764 0.134423
v 0.135504 -0.005069 0.155970
v 0.163730 -0.003367 0.149726
v 0.148487 0.002049 0.174089
v 0.273687 0.001747 0.260669
v 0.256411 0.005123 0.232872
v 0.287590 -0.001925 0.239231
v 0.199053 0.013971 0.224450
v 0.227190 0.009206 0.229590
v 0.214475 0.013110 0.248984
v 0.252418 0.002477 0.183407
v 0.240764 0.004957 0.207955
v 0.223066 0.007259 0.180270
v 0.075598 0.016762 0.227169
v 0.106715 0.017834 0.225127
v 0.092545 0.022061 0.240395
v 0.135519 0.006703 0.194648
v 0.120226 0.012561 0.210341
v 0.104711 0.006685 0.195974
v 0.155098 0.020917 0.241166
v 0.137420 0.019569 0.224154
v 0.168726 0.016159 0.226647
v 0.194154 0.006704 0.186403
v 0.181253 0.011108 0.206885
v 0.163860 0.008427 0.188510
v 0.384786 0.164637 0.385784
v 0.373352 0.125983 0.374367
v 0.396563 0.128483 0.377123
v 0.321675 0.128182 0.362990
v 0.347107 0.126318 0.369683
v 0.336024 0.163726 0.376191
v 0.373662 0.059204 0.353171
v 0.359935 0.090534 0.361563
v 0.347928 0.060209 0.348834
v 0.207983 0.155048 0.336661
v 0.236974 0.146809 0.342348
v 0.224269 0.185185 0.348286
v 0.260718 0.079048 0.329764
v 0.248010 0.110281 0.337290
v 0.233932 0.085977 0.323582
v 0.281979 0.171446 0.361775
v 0.263971 0.140023 0.348627
v 0.292542 0.134165 0.356332
v 0.320485 -0.001336 0.288175
v 0.306234 0.010772 0.303587
v 0.290885 0.006467 0.282445
v 0.332480 0.034615 0.334754
v 0.319298 0.021325 0.319044
v 0.348736 0.015892 0.324920
v 0.261894 0.036520 0.306926
v 0.289673 0.029059 0.313176
v 0.274880 0.047493 0.322513
v 0.304411 0.097400 0.350303
v 0.288812 0.071704 0.336142
v 0.318128 0.066035 0.342930
v -0.012986 0.155686 0.312206
v 0.014478 0.164551 0.313476
v 0.001967 0.192034 0.323857
v 0.036993 0.107985 0.295678
v 0.026246 0.134306 0.305739
v 0.010184 0.102203 0.291893
v 0.057524 0.204612 0.329019
v 0.041179 0.170042 0.317154
v 0.069276 0.173914 0.321107
v 0.079825 0.032245 0.257605
v 0.068514 0.043334 0.269031
v 0.050524 0.030634 0.253307
v 0.103898 0.077986 0.292375
v 0.085895 0.062684 0.279588
v 0.115750 0.059923 0.285881
v 0.030212 0.059336 0.273431
v 0.056729 0.061368 0.275485
v 0.047520 0.078572 0.284089
v 0.166029 0.198557 0.338386
v 0.149423 0.167731 0.328287
v 0.178676 0.162311 0.332458
v 0.097447 0.173156 0.324627
v 0.123038 0.171087 0.325331
v 0.111294 0.206324 0.333659
v 0.147936 0.103337 0.310493
v 0.135639 0.134597 0.319323
v 0.121309 0.106411 0.307320
v 0.063493 0.110014 0.297686
v 0.091501 0.108970 0.301072
v 0.081040 0.138812 0.312852
v 0.259680 0.012890 0.275687
v 0.231714 0.042662 0.300063
v 0.246699 0.024649 0.290926
v 0.229599 0.019375 0.269012
v 0.201472 0.023962 0.263751
v 0.191605 0.124526 0.326784
v 0.161565 0.071003 0.301507
v 0.175751 0.099160 0.313382
v 0.205068 0.091909 0.317682
v 0.218205 0.060933 0.310376
v 0.110671 0.033677 0.255538
v 0.173986 0.028282 0.259497
v 0.142653 0.030886 0.256711
v 0.129694 0.041555 0.274200
v 0.147668 0.056856 0.286850
v 0.202831 0.048705 0.294170
v 0.175486 0.052621 0.289820
v 0.189205 0.035248 0.279857
v 0.142229 -0.026206 0.115647
v 0.153481 -0.030796 0.090601
v 0.111444 -0.013142 0.161745
v 0.127039 -0.018689 0.137721
v 0.116837 -0.058393 0.114000
v 0.118639 -0.034905 0.121986
v 0.100755 -0.051627 0.134801
v 0.043136 0.013450 0.226948
v 0.056964 0.008066 0.211149
v 0.024922 -0.016269 0.182437
v 0.041445 -0.001437 0.195658
v 0.007597 -0.008788 0.197550
v 0.073978 0.002422 0.196240
v 0.089445 -0.004074 0.180409
v -0.024719 -0.125968 0.163859
v -0.009623 -0.089296 0.160134
v -0.061012 -0.114247 0.170063
v 0.071628 -0.061862 0.139978
v 0.035050 -0.075625 0.152053
v 0.065133 -0.087161 0.142073
v -0.026386 -0.047748 0.176342
v 0.000547 -0.059745 0.160958
v 0.017731 -0.036627 0.168105
v 0.080860 -0.018196 0.162069
v 0.051527 -0.028481 0.166146
v 0.074142 -0.037772 0.148276
v -0.046198 0.158807 0.314793
v -0.033878 0.131163 0.304360
v -0.077173 0.084588 0.290196
v -0.055626 0.108394 0.297149
v -0.088646 0.109751 0.299713
v -0.022432 0.105381 0.294605
v -0.011539 0.079898 0.284860
v -0.162989 0.013730 0.264143
v -0.141621 0.032332 0.268240
v -0.172370 0.030291 0.275036
v -0.080599 0.030981 0.260865
v -0.110858 0.031611 0.265714
v -0.102123 0.016141 0.252825
v -0.130450 0.067160 0.285828
v -0.120204 0.047814 0.276449
v -0.099857 0.066216 0.283226
v 0.015678 0.030937 0.253908
v 0.026551 0.021020 0.242897
v -0.001486 0.059610 0.274851
v 0.007694 0.042830 0.266423
v -0.040236 0.018579 0.245742
v -0.015941 0.031672 0.255427
v -0.047787 0.029363 0.257883
v -0.066852 0.064770 0.280630
v -0.056725 0.045138 0.270886
v -0.033967 0.063212 0.277736
v -0.315835 -0.214141 0.303114
v -0.296193 -0.181857 0.290115
v -0.319414 -0.175452 0.304364
v -0.253279 -0.188912 0.252152
v -0.274695 -0.184538 0.271252
v -0.271506 -0.228152 0.268464
v -0.282804 -0.111901 0.283105
v -0.277898 -0.144430 0.273659
v -0.261231 -0.112293 0.265637
v -0.106526 -0.134127 0.178145
v -0.154517 -0.157941 0.193039
v -0.126118 -0.182705 0.184653
v -0.187781 -0.100782 0.217137
v -0.171133 -0.125283 0.201871
v -0.151302 -0.086187 0.201302
v -0.213325 -0.222071 0.222754
v -0.191256 -0.173315 0.208445
v -0.229391 -0.187222 0.232393
v -0.212736 -0.006791 0.271081
v -0.206446 -0.023734 0.258815
v -0.187292 -0.003821 0.259524
v -0.241958 -0.076731 0.258696
v -0.224612 -0.049007 0.256910
v -0.249078 -0.053269 0.272815
v -0.174764 -0.041671 0.231870
v -0.199569 -0.046476 0.244873
v -0.192843 -0.068235 0.229304
v -0.232054 -0.142492 0.236430
v -0.212467 -0.104932 0.230464
v -0.237150 -0.109061 0.248827
v 0.008052 0.013721 0.227358
v -0.058693 0.007099 0.232373
v -0.026802 0.009821 0.230086
v -0.010568 0.000912 0.213442
v -0.027424 -0.013187 0.200055
v -0.156720 -0.000965 0.252966
v -0.144879 -0.037220 0.222805
v -0.151257 -0.016498 0.238133
v -0.126605 0.002842 0.243949
v -0.096620 0.003301 0.239296
v -0.089175 -0.091653 0.177480
v -0.050222 -0.032655 0.190503
v -0.067598 -0.057660 0.182439
v -0.113225 -0.074430 0.191413
v -0.129880 -0.052952 0.206286
v -0.083432 -0.007448 0.222657
v -0.106492 -0.027006 0.212777
v -0.068712 -0.020955 0.206415
v 0.153945 -0.050012 0.056845
v 0.173443 -0.038292 0.047115
v 0.132587 -0.085563 0.093089
v 0.146740 -0.070129 0.077365
v 0.174278 -0.088205 -0.015553
v 0.164844 -0.079104 0.034551
v 0.170420 -0.109356 0.007110
v 0.004792 -0.162550 0.187770
v 0.059415 -0.130984 0.181923
v 0.259846 -0.110065 0.265925
v 0.142834 -0.116247 0.211928
v 0.230565 -0.086520 0.308730
v 0.097563 -0.115506 0.166875
v 0.132459 -0.107979 0.149422
v 0.265382 -0.358818 -0.188322
v 0.276153 -0.296810 0.040275
v 0.311966 -0.398932 -0.005610
v 0.199280 -0.156961 0.033568
v 0.229954 -0.210394 0.000633
v 0.198467 -0.187156 -0.092541
v 0.402592 -0.162886 0.313070
v 0.310537 -0.224805 0.189735
v 0.301226 -0.133160 0.234777
v 0.166733 -0.116962 0.116274
v 0.210461 -0.137104 0.158535
v 0.194379 -0.142046 0.085601
v -0.350342 -0.255145 0.329598
v -0.326002 -0.262078 0.314311
v -0.357913 -0.378355 0.348443
v -0.337573 -0.314081 0.325271
v -0.381403 -0.363277 0.367354
v -0.304140 -0.274312 0.297804
v -0.283842 -0.283832 0.276002
v -0.446984 -0.740869 0.510617
v -0.412607 -0.598292 0.451977
v -0.530951 -0.749294 0.546276
v -0.250053 -0.417252 0.312772
v -0.330111 -0.514835 0.378557
v -0.253223 -0.477748 0.349611
v -0.439956 -0.505192 0.436513
v -0.396615 -0.513882 0.411609
v -0.360180 -0.431223 0.368970
v -0.148850 -0.234617 0.205802
v -0.098870 -0.203536 0.195581
v -0.244201 -0.277174 0.252448
v -0.205413 -0.263174 0.228206
v -0.142636 -0.309309 0.253800
v -0.180884 -0.290572 0.233678
v -0.208891 -0.354427 0.271784
v -0.318511 -0.385535 0.323786
v -0.277339 -0.381033 0.297605
v -0.277472 -0.326126 0.280769
v 0.329420 -0.256129 -0.474505
v 0.297981 -0.320244 -0.404083
v 0.245893 -0.156526 -0.395858
v 0.419046 -0.763656 -0.452472
v 0.354252 -0.563600 -0.429331
v 0.473336 -0.718154 -0.571844
v 0.169014 -0.217711 -0.187434
v 0.268966 -0.367054 -0.296077
v 0.231261 -0.339759 -0.141562
v 0.362435 -0.493088 0.044995
v 0.421264 -0.628523 -0.090016
v 0.383839 -0.581933 -0.320474
v 0.546048 -0.832914 0.385240
v 0.489461 -0.652275 0.283249
v 0.570167 -0.722809 0.476752
v 0.534468 -0.860122 -0.519950
v 0.480595 -0.764059 -0.195958
v 0.521581 -0.914843 -0.314884
v -0.407125 -0.807019 0.396582
v -0.258870 -0.649905 0.347910
v -0.433005 -0.832570 0.506664
v 0.278259 -0.401489 0.161311
v 0.237799 -0.500405 0.304462
v -0.001195 -0.330219 0.100084
v 0.341291 -0.770532 0.500695
v 0.291981 -0.668671 0.411353
v 0.475381 -0.799868 0.428362
v 0.415957 -0.655097 0.110403
v 0.447903 -0.699563 0.313890
v 0.370212 -0.535841 0.176952
v -0.005969 -0.190875 0.218711
v -0.016032 -0.292387 0.289610
v 0.001730 -0.231538 0.260645
v 0.130708 -0.127233 0.297326
v 0.275148 -0.052688 0.396761
v -0.328755 -0.652728 0.442205
v 0.412616 -0.567451 0.465849
v 0.206345 -0.548038 0.426595
v -0.085254 -0.508206 0.387031
v 0.039519 -0.380180 0.326312
v 0.406901 -0.412198 0.277145
v 0.463989 -0.103169 0.448485
v 0.474829 -0.241180 0.374884
v 0.515239 -0.398773 0.408759
v 0.550113 -0.529213 0.500857
v 0.241141 -0.229110 0.373873
v 0.415388 -0.290071 0.455751
v 0.368444 -0.113545 0.456696
v 0.189738 -0.036790 0.017264
v 0.190700 -0.018032 0.051065
v 0.185869 -0.088190 -0.053497
v 0.186477 -0.056820 -0.022654
v 0.230018 -0.016928 -0.010439
v 0.203702 -0.033316 -0.019157
v 0.225573 -0.034424 -0.051688
v 0.292294 -0.388383 -0.277108
v 0.244619 -0.283423 -0.229122
v 0.238548 -0.131625 -0.219906
v 0.237951 -0.212632 -0.235971
v 0.273063 -0.206938 -0.289339
v 0.209985 -0.201725 -0.160231
v 0.188192 -0.127255 -0.106060
v 0.352246 -0.019101 -0.125929
v 0.318830 -0.030082 -0.159159
v 0.357831 -0.032085 -0.185908
v 0.252276 -0.034728 -0.100901
v 0.282671 -0.033112 -0.129172
v 0.282980 -0.016309 -0.070781
v 0.296281 -0.078950 -0.246430
v 0.287438 -0.051174 -0.187433
v 0.261473 -0.086982 -0.215239
v 0.199406 -0.087757 -0.113031
v 0.225701 -0.089466 -0.162659
v 0.225452 -0.056193 -0.108112
v 0.319943 -0.116723 -0.537940
v 0.381210 -0.268262 -0.547901
v 0.521007 -0.222926 -0.629626
v 0.461873 -0.257644 -0.617188
v 0.426851 -0.083237 -0.612345
v 0.469008 -0.475405 -0.597117
v 0.572569 -0.709754 -0.641555
v 0.494992 0.008834 -0.497642
v 0.507061 -0.010987 -0.535804
v 0.478392 0.038757 -0.523358
v 0.524143 -0.200144 -0.547899
v 0.528717 -0.093588 -0.544289
v 0.512486 -0.142217 -0.505438
v 0.485345 -0.011920 -0.591605
v 0.521632 -0.062378 -0.575516
v 0.516166 -0.097105 -0.607246
v 0.425034 -0.570198 -0.409504
v 0.347090 -0.460377 -0.333291
v 0.576798 -0.769319 -0.594420
v 0.505337 -0.656891 -0.488103
v 0.441548 -0.347968 -0.457678
v 0.472283 -0.502024 -0.483684
v 0.526398 -0.414839 -0.536755
v 0.553965 -0.278450 -0.612567
v 0.556326 -0.359796 -0.580600
v 0.569956 -0.499309 -0.610255
v 0.451663 0.088105 -0.200342
v 0.447308 0.084955 -0.239960
v 0.431150 0.097357 -0.233549
v 0.465916 0.048522 -0.244704
v 0.460928 0.067520 -0.245478
v 0.469920 0.054381 -0.205160
v 0.431002 0.086597 -0.312493
v 0.444999 0.080564 -0.280367
v 0.448523 0.072210 -0.319771
v 0.397792 -0.022141 -0.204704
v 0.425823 -0.011185 -0.217326
v 0.417543 -0.013684 -0.164771
v 0.451236 -0.001683 -0.322630
v 0.431406 -0.003293 -0.271584
v 0.423984 -0.020497 -0.307559
v 0.458367 0.015952 -0.190299
v 0.447710 0.005867 -0.231219
v 0.464185 0.024984 -0.244699
v 0.452210 0.061204 -0.449268
v 0.460990 0.047214 -0.422303
v 0.472957 0.040146 -0.457706
v 0.450011 0.060547 -0.360303
v 0.454011 0.055072 -0.392289
v 0.438731 0.073058 -0.383640
v 0.459297 -0.000105 -0.391413
v 0.463431 0.026369 -0.394679
v 0.456222 0.011081 -0.363591
v 0.457967 0.039832 -0.286619
v 0.456264 0.025247 -0.325716
v 0.457780 0.048567 -0.325810
v 0.331668 -0.368880 -0.358101
v 0.424148 -0.233706 -0.438764
v 0.375435 -0.325121 -0.394963
v 0.315049 -0.253159 -0.342038
v 0.313456 -0.168083 -0.326478
v 0.490374 -0.009204 -0.461393
v 0.452152 -0.046764 -0.389535
v 0.469164 -0.024116 -0.423064
v 0.486180 -0.058169 -0.461297
v 0.474059 -0.163489 -0.458850
v 0.364736 -0.031613 -0.237520
v 0.317109 -0.096151 -0.293287
v 0.341839 -0.056264 -0.266388
v 0.383817 -0.040505 -0.286213
v 0.406880 -0.041671 -0.337531
v 0.405396 -0.139866 -0.398863
v 0.405189 -0.076474 -0.366712
v 0.356598 -0.130288 -0.347375
v 0.203123 -0.007650 0.067036
v 0.247814 -0.010403 0.008389
v 0.224746 -0.009999 0.040237
v 0.220212 -0.001496 0.086201
v 0.238547 0.000325 0.107501
v 0.378815 -0.020788 -0.090423
v 0.340153 -0.016728 -0.063702
v 0.322457 -0.013504 0.059819
v 0.330679 -0.012645 -0.003388
v 0.356997 -0.017661 0.035875
v 0.305521 -0.011918 -0.039507
v 0.274839 -0.012865 -0.011230
v 0.298641 -0.007552 0.202063
v 0.316196 -0.010641 0.230102
v 0.260391 0.000454 0.142612
v 0.278318 -0.002207 0.170331
v 0.337923 -0.017117 0.146026
v 0.306883 -0.010342 0.161283
v 0.317120 -0.010976 0.114274
v 0.269192 -0.006294 0.040118
v 0.291543 -0.006646 0.075112
v 0.264279 -0.004386 0.094423
v 0.446745 0.096658 -0.152616
v 0.461073 0.082927 -0.158593
v 0.471487 0.062652 -0.063020
v 0.466391 0.074412 -0.112533
v 0.462156 0.080321 -0.062091
v 0.469827 0.065054 -0.158965
v 0.473931 0.045355 -0.158004
v 0.461698 0.017901 0.146317
v 0.462699 0.026082 0.098010
v 0.464009 0.039230 0.136720
v 0.461892 0.008715 0.011297
v 0.464397 0.016440 0.054579
v 0.456740 -0.003040 0.064163
v 0.466433 0.057932 0.037544
v 0.467544 0.037797 0.045114
v 0.469790 0.049249 -0.006150
v 0.436333 -0.008591 -0.124180
v 0.411549 -0.018968 -0.112031
v 0.470023 0.025132 -0.149165
v 0.454915 0.006556 -0.135932
v 0.442511 -0.012325 -0.024984
v 0.447651 -0.000196 -0.082765
v 0.459997 0.002535 -0.036722
v 0.472317 0.042348 -0.055374
v 0.468213 0.021855 -0.046602
v 0.470337 0.035394 -0.103969
v 0.409032 0.103269 0.363488
v 0.419719 0.141704 0.374535
v 0.387054 0.036267 0.340384
v 0.398833 0.066862 0.353109
v 0.440922 0.094399 0.343658
v 0.420874 0.079780 0.350008
v 0.430766 0.057879 0.333281
v 0.334152 -0.009282 0.266925
v 0.349698 -0.005523 0.288001
v 0.404703 -0.009359 0.281004
v 0.377091 -0.008808 0.287283
v 0.390288 -0.014896 0.259762
v 0.363889 0.000296 0.309180
v 0.377362 0.013119 0.324844
v 0.458750 0.036364 0.226039
v 0.449140 0.021249 0.244113
v 0.454142 0.016552 0.203446
v 0.439642 0.044154 0.312153
v 0.442263 0.028982 0.282610
v 0.452055 0.056829 0.296743
v 0.430804 -0.007186 0.237304
v 0.437362 0.009229 0.259928
v 0.423927 0.000217 0.275666
v 0.401055 0.019998 0.324073
v 0.410953 0.006686 0.303429
v 0.421158 0.030087 0.319233
v 0.397556 -0.016397 -0.049128
v 0.430286 -0.015249 0.041230
v 0.417637 -0.016779 -0.004834
v 0.386746 -0.017621 0.017092
v 0.377481 -0.017550 0.080365
v 0.451734 0.003042 0.164376
v 0.424826 -0.017244 0.198235
v 0.438289 -0.008787 0.182288
v 0.445855 -0.007451 0.125188
v 0.443008 -0.014849 0.082064
v 0.345291 -0.015282 0.229627
v 0.367791 -0.019706 0.139691
v 0.357173 -0.018561 0.186503
v 0.375217 -0.018069 0.223180
v 0.402279 -0.019106 0.216475
v 0.419720 -0.019409 0.102392
v 0.410066 -0.020697 0.161569
v 0.396632 -0.020291 0.120700
v 0.004826 0.227366 0.334219
v 0.060407 0.239481 0.338661
v 0.032383 0.235781 0.334771
v 0.007696 0.262246 0.343865
v 0.011607 0.295424 0.352997
v 0.174022 0.234555 0.347934
v 0.144826 0.240139 0.343831
v 0.104131 0.316801 0.360704
v 0.124157 0.279394 0.351755
v 0.132920 0.314205 0.362516
v 0.116180 0.243238 0.342204
v 0.090644 0.245647 0.341606
v 0.027798 0.404666 0.386022
v 0.029882 0.439312 0.400682
v 0.017787 0.329780 0.362405
v 0.020068 0.367009 0.373666
v 0.087931 0.383555 0.379862
v 0.055532 0.378035 0.375970
v 0.080373 0.345933 0.367516
v 0.065398 0.276708 0.347322
v 0.071625 0.311394 0.356855
v 0.041528 0.305537 0.354022
v 0.380178 0.209821 0.394657
v 0.378155 0.305564 0.406868
v 0.376953 0.258729 0.400076
v 0.357158 0.210438 0.387721
v 0.331630 0.211808 0.380905
v 0.373410 0.516246 0.451461
v 0.371034 0.461984 0.438956
v 0.316124 0.360813 0.405878
v 0.343422 0.408620 0.421909
v 0.310108 0.412283 0.416150
v 0.373440 0.407103 0.426821
v 0.376087 0.354567 0.416281
v 0.242701 0.228029 0.360758
v 0.213495 0.235699 0.354846
v 0.304218 0.216032 0.376287
v 0.275577 0.221491 0.368415
v 0.257593 0.321622 0.383802
v 0.265044 0.272512 0.375278
v 0.290915 0.315681 0.391803
v 0.350977 0.307835 0.402030
v 0.322610 0.311005 0.396805
v 0.325677 0.262593 0.387975
v 0.192441 0.916278 0.631515
v 0.102411 0.703748 0.527145
v 0.133680 0.801270 0.579380
v 0.268217 0.865053 0.599451
v 0.311839 0.799743 0.566843
v 0.041406 0.484568 0.420013
v 0.042251 0.529044 0.437704
v 0.158655 0.575578 0.463192
v 0.102465 0.552627 0.449200
v 0.140937 0.525828 0.439770
v 0.058835 0.575636 0.459972
v 0.064137 0.633153 0.490554
v 0.357659 0.619568 0.486350
v 0.362804 0.568908 0.467903
v 0.334673 0.734994 0.533878
v 0.346786 0.672040 0.508822
v 0.255540 0.556724 0.459204
v 0.295779 0.609160 0.483001
v 0.234214 0.599486 0.476489
v 0.156047 0.668074 0.506953
v 0.198428 0.628056 0.487093
v 0.239665 0.699527 0.524119
v 0.192261 0.277061 0.360238
v 0.238795 0.362161 0.391231
v 0.212757 0.318596 0.374548
v 0.173203 0.317362 0.367511
v 0.153216 0.354894 0.376506
v 0.326830 0.513306 0.448939
v 0.220911 0.504900 0.438400
v 0.277294 0.511364 0.442931
v 0.292213 0.461439 0.428155
v 0.264028 0.412493 0.411574
v 0.074269 0.459865 0.407259
v 0.128293 0.398434 0.389313
v 0.103342 0.430112 0.397608
v 0.114868 0.476068 0.417198
v 0.169873 0.496068 0.430124
v 0.218964 0.409505 0.402231
v 0.194237 0.453214 0.415121
v 0.168855 0.402685 0.394709
v -0.325014 -0.141971 0.305830
v -0.288413 -0.081335 0.286665
v -0.305348 -0.111736 0.295479
v -0.330939 -0.111987 0.308931
v -0.336993 -0.082063 0.309837
v -0.219410 0.010357 0.280213
v -0.238284 -0.007155 0.280778
v -0.287510 -0.010158 0.305450
v -0.262213 -0.008858 0.293012
v -0.270262 0.008702 0.302268
v -0.255213 -0.027965 0.283002
v -0.272440 -0.053967 0.285690
v -0.355359 -0.011272 0.330971
v -0.361868 0.009717 0.337709
v -0.344327 -0.057699 0.318411
v -0.348946 -0.031925 0.323319
v -0.316792 0.007852 0.322775
v -0.332295 -0.012097 0.323557
v -0.311082 -0.012156 0.315558
v -0.295159 -0.055798 0.296873
v -0.302400 -0.031069 0.305605
v -0.318569 -0.056847 0.307439
v -0.074508 0.170350 0.318496
v -0.131574 0.186855 0.327978
v -0.102357 0.178929 0.323527
v -0.094892 0.142789 0.311947
v -0.116458 0.118351 0.304748
v -0.246910 0.201544 0.356359
v -0.217237 0.201119 0.345245
v -0.202513 0.135241 0.324469
v -0.209363 0.167068 0.336136
v -0.230433 0.138273 0.332855
v -0.189676 0.198102 0.336884
v -0.161096 0.192797 0.333222
v -0.178584 0.053850 0.287917
v -0.200128 0.035154 0.283803
v -0.139098 0.092543 0.297649
v -0.159423 0.073669 0.290689
v -0.214920 0.082593 0.308939
v -0.186874 0.079006 0.299623
v -0.195778 0.103047 0.311963
v -0.152504 0.157326 0.322243
v -0.174962 0.130606 0.314776
v -0.145295 0.124888 0.309612
v -0.409450 0.201812 0.396980
v -0.398180 0.131663 0.382218
v -0.403355 0.166976 0.388570
v -0.390404 0.196171 0.398649
v -0.372269 0.196137 0.397335
v -0.371110 0.034989 0.351587
v -0.376109 0.056095 0.358710
v -0.349101 0.103940 0.369070
v -0.362316 0.078218 0.365006
v -0.342276 0.083267 0.361943
v -0.383396 0.077505 0.366268
v -0.390476 0.100393 0.373127
v -0.299862 0.197388 0.374468
v -0.274642 0.200604 0.366522
v -0.350085 0.197115 0.392852
v -0.323979 0.196390 0.383393
v -0.310920 0.137081 0.364761
v -0.317230 0.166699 0.373587
v -0.334785 0.136136 0.373696
v -0.376561 0.129689 0.380932
v -0.355608 0.133004 0.377719
v -0.363059 0.163807 0.386553
v -0.225686 0.034914 0.293509
v -0.241378 0.081149 0.319050
v -0.232762 0.057218 0.306774
v -0.252400 0.033078 0.303493
v -0.277749 0.031760 0.315880
v -0.265212 0.168517 0.354440
v -0.301418 0.106094 0.353011
v -0.283955 0.136219 0.352737
v -0.255804 0.136932 0.342465
v -0.248968 0.105898 0.331105
v -0.346940 0.032974 0.344492
v -0.302505 0.032344 0.327672
v -0.323907 0.033092 0.336036
v -0.332231 0.057277 0.349193
v -0.318790 0.082233 0.352882
v -0.267023 0.079993 0.328750
v -0.291736 0.080841 0.340643
v -0.284107 0.056035 0.328564
v 0.136864 -0.084498 -0.360024
v 0.034355 -0.121543 -0.176862
v 0.085359 -0.084668 -0.287154
v 0.002975 -0.044357 -0.384900
v -0.104758 -0.041770 -0.427493
v -0.528952 -0.857776 0.356890
v -0.341023 -0.649967 0.213799
v -0.347133 -0.667769 -0.451276
v -0.286841 -0.593688 -0.286139
v -0.479728 -0.856240 -0.449438
v -0.163099 -0.396773 0.014627
v -0.043418 -0.240069 -0.117412
v -0.455364 -0.134887 -0.616003
v -0.521910 -0.104596 -0.606043
v -0.256569 -0.109816 -0.487672
v -0.357888 -0.137047 -0.563185
v -0.595742 -0.644609 -0.665113
v -0.473382 -0.349363 -0.606271
v -0.452532 -0.596456 -0.572268
v -0.123690 -0.166716 -0.244111
v -0.268613 -0.386380 -0.391445
v -0.192517 -0.134510 -0.380176
v -0.373839 -0.258907 0.340784
v -0.415063 -0.262199 0.349661
v -0.399628 -0.266833 0.352864
v -0.387242 -0.306160 0.357321
v -0.408720 -0.366541 0.384636
v -0.317142 -0.161208 0.085155
v -0.352535 -0.196992 0.168096
v -0.426993 -0.378585 0.290520
v -0.369836 -0.278497 0.210836
v -0.362038 -0.336462 0.173857
v -0.408492 -0.243183 0.276865
v -0.423543 -0.267346 0.326187
v -0.518990 -0.616749 0.472689
v -0.570786 -0.849556 0.524303
v -0.435888 -0.431954 0.401745
v -0.471924 -0.514266 0.442216
v -0.481112 -0.546196 0.338681
v -0.502746 -0.541608 0.422254
v -0.457927 -0.442258 0.336775
v -0.424696 -0.316372 0.351199
v -0.446796 -0.383327 0.362059
v -0.439676 -0.377312 0.387848
v -0.444157 0.074938 -0.252853
v -0.449179 0.063946 -0.340816
v -0.441946 0.069333 -0.295084
v -0.452230 0.054052 -0.251477
v -0.441948 0.024375 -0.237435
v -0.515060 -0.022077 -0.567467
v -0.505690 0.005543 -0.516935
v -0.419467 -0.119918 -0.415928
v -0.497272 -0.055511 -0.478762
v -0.466585 -0.180404 -0.477673
v -0.477729 0.028714 -0.459712
v -0.461086 0.037303 -0.406612
v -0.304228 -0.093398 -0.141916
v -0.288319 -0.119636 -0.069617
v -0.400298 -0.030736 -0.241362
v -0.355456 -0.051005 -0.188142
v -0.301843 -0.198596 -0.320431
v -0.306178 -0.117652 -0.259022
v -0.354531 -0.140763 -0.357399
v -0.451521 0.013120 -0.357184
v -0.409741 -0.052371 -0.360675
v -0.411029 -0.011426 -0.297575
v -0.523147 -0.745124 0.321183
v -0.408759 -0.514957 0.041953
v -0.479183 -0.636285 0.214965
v -0.436055 -0.706633 -0.311780
v -0.487375 -0.768140 -0.487378
v -0.272428 -0.198589 -0.062256
v -0.325745 -0.306691 -0.362994
v -0.274686 -0.267611 -0.260419
v -0.292315 -0.299513 -0.103125
v -0.338047 -0.389884 -0.014277
v -0.557193 -0.211531 -0.586460
v -0.590270 -0.810656 -0.617981
v -0.585365 -0.488595 -0.619134
v -0.542301 -0.337085 -0.553314
v -0.427545 -0.377959 -0.465387
v -0.352094 -0.493652 -0.326304
v -0.379223 -0.467771 -0.417037
v -0.436503 -0.596043 -0.448362
v 0.409242 0.103916 -0.245701
v 0.411710 0.095345 -0.328190
v 0.406604 0.101496 -0.288265
v 0.384727 0.107284 -0.259163
v 0.359345 0.105176 -0.263996
v 0.428264 0.077894 -0.464481
v 0.419469 0.084958 -0.430756
v 0.356558 0.104789 -0.372887
v 0.388201 0.097321 -0.405764
v 0.357982 0.102862 -0.410003
v 0.417342 0.086066 -0.394766
v 0.413676 0.092058 -0.362313
v 0.268564 0.087547 -0.248948
v 0.242088 0.079298 -0.242250
v 0.328657 0.104074 -0.261585
v 0.298599 0.095820 -0.255705
v 0.292388 0.096148 -0.329785
v 0.293110 0.096192 -0.292285
v 0.323160 0.105522 -0.336094
v 0.384563 0.102214 -0.335941
v 0.357187 0.104795 -0.335351
v 0.354456 0.106756 -0.300699
v 0.280696 -0.050553 -0.568013
v 0.183650 0.043498 -0.576126
v 0.223721 0.004969 -0.574274
v 0.327800 -0.032874 -0.585939
v 0.369745 -0.004951 -0.597153
v 0.099062 0.096774 -0.454094
v 0.116702 0.096428 -0.492781
v 0.231131 0.086980 -0.520460
v 0.177953 0.091574 -0.506419
v 0.208535 0.094744 -0.485953
v 0.137707 0.086857 -0.527430
v 0.151338 0.069808 -0.553880
v 0.430771 0.053574 -0.532601
v 0.420860 0.071030 -0.496516
v 0.417747 0.010545 -0.590346
v 0.425714 0.038383 -0.564111
v 0.316873 0.089985 -0.502797
v 0.365503 0.071593 -0.533810
v 0.310066 0.077279 -0.532737
v 0.233586 0.054536 -0.561365
v 0.275448 0.067724 -0.550068
v 0.315348 0.042733 -0.573364
v 0.026606 0.055227 -0.179046
v 0.089869 0.059297 -0.198459
v 0.059227 0.058122 -0.189141
v 0.030946 0.060020 -0.214672
v 0.033817 0.064075 -0.251131
v 0.207521 0.074686 -0.229925
v 0.182085 0.068538 -0.221639
v 0.145868 0.073419 -0.287802
v 0.163171 0.070913 -0.254608
v 0.174846 0.078725 -0.294685
v 0.153184 0.063723 -0.214578
v 0.125309 0.061119 -0.209755
v 0.061541 0.082349 -0.369973
v 0.075456 0.093197 -0.410423
v 0.041301 0.069293 -0.289119
v 0.047163 0.074219 -0.329070
v 0.132140 0.085161 -0.355390
v 0.092108 0.079859 -0.342405
v 0.117980 0.077122 -0.314379
v 0.098980 0.064734 -0.236062
v 0.106328 0.069596 -0.274200
v 0.070944 0.067626 -0.262960
v 0.379851 0.090864 -0.472134
v 0.281506 0.098115 -0.470153
v 0.334927 0.095331 -0.471659
v 0.345436 0.099842 -0.441465
v 0.310873 0.103741 -0.406269
v 0.131345 0.094062 -0.426797
v 0.181485 0.087952 -0.374778
v 0.156898 0.092737 -0.402061
v 0.180414 0.096071 -0.445609
v 0.235728 0.096424 -0.463364
v 0.226872 0.080862 -0.273810
v 0.281951 0.100139 -0.362749
v 0.251075 0.089907 -0.318278
v 0.215445 0.083332 -0.306691
v 0.198609 0.087027 -0.339421
v 0.252586 0.098484 -0.430102
v 0.223068 0.094040 -0.386483
v 0.270463 0.099015 -0.395888
v 0.432814 0.170367 0.373995
v 0.448889 0.123374 0.341483
v 0.440367 0.145810 0.358850
v 0.442063 0.200189 0.372491
v 0.451762 0.230530 0.367713
v 0.458384 0.061278 0.216938
v 0.453937 0.066497 0.257926
v 0.453098 0.148740 0.299775
v 0.454643 0.106987 0.279238
v 0.450283 0.131802 0.268443
v 0.454864 0.081998 0.288267
v 0.452987 0.097531 0.318175
v 0.439198 0.298678 0.328602
v 0.425751 0.312658 0.315419
v 0.453984 0.257514 0.357762
v 0.449751 0.279423 0.342757
v 0.440008 0.220052 0.298559
v 0.443093 0.248724 0.323094
v 0.450451 0.200666 0.312647
v 0.452706 0.149078 0.333498
v 0.454479 0.175765 0.323298
v 0.451058 0.201939 0.346942
v 0.434236 0.100632 -0.116891
v 0.400600 0.094357 -0.031822
v 0.417902 0.098744 -0.075108
v 0.441668 0.091417 -0.070008
v 0.447940 0.080478 -0.021144
v 0.334454 0.107213 0.110347
v 0.350592 0.101316 0.076190
v 0.408496 0.090879 0.087513
v 0.379469 0.097711 0.079999
v 0.392145 0.098048 0.119955
v 0.367468 0.094499 0.043998
v 0.385610 0.094443 0.006395
v 0.457273 0.058063 0.120061
v 0.457428 0.050856 0.168935
v 0.455474 0.072187 0.024583
v 0.455726 0.063189 0.075744
v 0.436186 0.080826 0.140052
v 0.446560 0.072757 0.107268
v 0.432051 0.083344 0.094891
v 0.410795 0.090057 0.009750
v 0.420724 0.084398 0.055599
v 0.434493 0.082680 0.017228
v 0.247408 0.293645 0.244261
v 0.297310 0.311430 0.260499
v 0.270686 0.302057 0.252528
v 0.257964 0.263651 0.234884
v 0.268179 0.233862 0.223080
v 0.402877 0.322960 0.302045
v 0.378385 0.325494 0.289159
v 0.346472 0.249081 0.249721
v 0.360700 0.285586 0.271090
v 0.372113 0.251211 0.260588
v 0.352262 0.322646 0.277983
v 0.324532 0.317853 0.269272
v 0.299966 0.146577 0.172151
v 0.315760 0.130140 0.144649
v 0.279255 0.200229 0.210667
v 0.288602 0.173623 0.190754
v 0.341221 0.181888 0.209799
v 0.314630 0.177858 0.199740
v 0.330606 0.209629 0.228754
v 0.307751 0.276893 0.251342
v 0.319320 0.244331 0.239319
v 0.292443 0.238760 0.230858
v 0.450964 0.079950 0.200031
v 0.425316 0.106055 0.171304
v 0.439824 0.095350 0.183658
v 0.442953 0.107528 0.232778
v 0.439261 0.147241 0.252125
v 0.343959 0.127532 0.146535
v 0.369509 0.177968 0.214684
v 0.354484 0.147079 0.186185
v 0.372418 0.123321 0.151429
v 0.401192 0.116297 0.158811
v 0.409600 0.278001 0.295520
v 0.429064 0.187762 0.274307
v 0.420090 0.234191 0.283799
v 0.397882 0.245256 0.270819
v 0.383559 0.208672 0.249471
v 0.407232 0.132899 0.203696
v 0.395305 0.171522 0.224852
v 0.419040 0.161283 0.237164
f 1 643 645
f 163 644 643
f 165 645 644
f 643 644 645
f 43 646 648
f 164 647 646
f 163 648 647
f 646 647 648
f 45 649 651
f 165 650 649
f 164 651 650
f 649 650 651
f 163 647 644
f 164 650 647
f 165 644 650
f 647 650 644
f 13 652 654
f 166 653 652
f 168 654 653
f 652 653 654
f 44 655 657
f 167 656 655
f 166 657 656
f 655 656 657
f 43 658 660
f 168 659 658
f 167 660 659
f 658 659 660
f 166 656 653
f 167 659 656
f 168 653 659
f 656 659 653
f 15 661 663
f 169 662 661
f 171 663 662
f 661 662 663
f 45 664 666
f 170 665 664
f 169 666 665
f 664 665 666
f 44 667 669
f 171 668 667
f 170 669 668
f 667 668 669
f 169 665 662
f 170 668 665
f 171 662 668
f 665 668 662
f 43 660 646
f 167 670 660
f 164 646 670
f 660 670 646
f 44 669 655
f 170 671 669
f 167 655 671
f 669 671 655
f 45 651 664
f 164 672 651
f 170 664 672
f 651 672 664
f 167 671 670
f 170 672 671
f 164 670 672
f 671 672 670
f 12 673 675
f 172 674 673
f 174 675 674
f 673 674 675
f 46 676 678
f 173 677 676
f 172 678 677
f 676 677 678
f 48 679 681
f 174 680 679
f 173 681 680
f 679 680 681
f 172 677 674
f 173 680 677
f 174 674 680
f 677 680 674
f 14 682 684
f 175 683 682
f 177 684 683
f 682 683 684
f 47 685 687
f 176 686 685
f 175 687 686
f 685 686 687
f 46 688 690
f 177 689 688
f 176 690 689
f 688 689 690
f 175 686 683
f 176 689 686
f 177 683 689
f 686 689 683
f 13 691 693
f 178 692 691
f 180 693 692
f 691 692 693
f 48 694 696
f 179 695 694
f 178 696 695
f 694 695 696
f 47 697 699
f 180 698 697
f 179 699 698
f 697 698 699
f 178 695 692
f 179 698 695
f 180 692 698
f 695 698 692
f 46 690 676
f 176 700 690
f 173 676 700
f 690 700 676
f 47 699 685
f 179 701 699
f 176 685 701
f 699 701 685
f 48 681 694
f 173 702 681
f 179 694 702
f 681 702 694
f 176 701 700
f 179 702 701
f 173 700 702
f 701 702 700
f 6 703 705
f 181 704 703
f 183 705 704
f 703 704 705
f 49 706 708
f 182 707 706
f 181 708 707
f 706 707 708
f 51 709 711
f 183 710 709
f 182 711 710
f 709 710 711
f 181 707 704
f 182 710 707
f 183 704 710
f 707 710 704
f 15 712 714
f 184 713 712
f 186 714 713
f 712 713 714
f 50 715 717
f 185 716 715
f 184 717 716
f 715 716 717
f 49 718 720
f 186 719 718
f 185 720 719
f 718 719 720
f 184 716 713
f 185 719 716
f 186 713 719
f 716 719 713
f 14 721 723
f 187 722 721
f 189 723 722
f 721 722 723
f 51 724 726
f 188 725 724
f 187 726 725
f 724 725 726
f 50 727 729
f 189 728 727
f 188 729 728
f 727 728 729
f 187 725 722
f 188 728 725
f 189 722 728
f 725 728 722
f 49 720 706
f 185 730 720
f 182 706 730
f 720 730 706
f 50 729 715
f 188 731 729
f 185 715 731
f 729 731 715
f 51 711 724
f 182 732 711
f 188 724 732
f 711 732 724
f 185 731 730
f 188 732 731
f 182 730 732
f 731 732 730
f 13 693 652
f 180 733 693
f 166 652 733
f 693 733 652
f 47 734 697
f 190 735 734
f 180 697 735
f 734 735 697
f 44 657 737
f 166 736 657
f 190 737 736
f 657 736 737
f 180 735 733
f 190 736 735
f 166 733 736
f 735 736 733
f 14 723 682
f 189 738 723
f 175 682 738
f 723 738 682
f 50 739 727
f 191 740 739
f 189 727 740
f 739 740 727
f 47 687 742
f 175 741 687
f 191 742 741
f 687 741 742
f 189 740 738
f 191 741 740
f 175 738 741
f 740 741 738
f 15 663 712
f 171 743 663
f 184 712 743
f 663 743 712
f 44 744 667
f 192 745 744
f 171 667 745
f 744 745 667
f 50 717 747
f 184 746 717
f 192 747 746
f 717 746 747
f 171 745 743
f 192 746 745
f 184 743 746
f 745 746 743
f 47 742 734
f 191 748 742
f 190 734 748
f 742 748 734
f 50 747 739
f 192 749 747
f 191 739 749
f 747 749 739
f 44 737 744
f 190 750 737
f 192 744 750
f 737 750 744
f 191 749 748
f 192 750 749
f 190 748 750
f 749 750 748
f 1 645 752
f 165 751 645
f 194 752 751
f 645 751 752
f 45 753 649
f 193 754 753
f 165 649 754
f 753 754 649
f 53 755 757
f 194 756 755
f 193 757 756
f 755 756 757
f 165 754 751
f 193 756 754
f 194 751 756
f 754 756 751
f 15 758 661
f 195 759 758
f 169 661 759
f 758 759 661
f 52 760 762
f 196 761 760
f 195 762 761
f 760 761 762
f 45 666 764
f 169 763 666
f 196 764 763
f 666 763 764
f 195 761 759
f 196 763 761
f 169 759 763
f 761 763 759
f 17 765 767
f 197 766 765
f 199 767 766
f 765 766 767
f 53 768 770
f 198 769 768
f 197 770 769
f 768 769 770
f 52 771 773
f 199 772 771
f 198 773 772
f 771 772 773
f 197 769 766
f 198 772 769
f 199 766 772
f 769 772 766
f 45 764 753
f 196 774 764
f 193 753 774
f 764 774 753
f 52 773 760
f 198 775 773
f 196 760 775
f 773 775 760
f 53 757 768
f 193 776 757
f 198 768 776
f 757 776 768
f 196 775 774
f 198 776 775
f 193 774 776
f 775 776 774
f 6 777 703
f 200 778 777
f 181 703 778
f 777 778 703
f 54 779 781
f 201 780 779
f 200 781 780
f 779 780 781
f 49 708 783
f 181 782 708
f 201 783 782
f 708 782 783
f 200 780 778
f 201 782 780
f 181 778 782
f 780 782 778
f 16 784 786
f 202 785 784
f 204 786 785
f 784 785 786
f 55 787 789
f 203 788 787
f 202 789 788
f 787 788 789
f 54 790 792
f 204 791 790
f 203 792 791
f 790 791 792
f 202 788 785
f 203 791 788
f 204 785 791
f 788 791 785
f 15 714 794
f 186 793 714
f 206 794 793
f 714 793 794
f 49 795 718
f 205 796 795
f 186 718 796
f 795 796 718
f 55 797 799
f 206 798 797
f 205 799 798
f 797 798 799
f 186 796 793
f 205 798 796
f 206 793 798
f 796 798 793
f 54 792 779
f 203 800 792
f 201 779 800
f 792 800 779
f 55 799 787
f 205 801 799
f 203 787 801
f 799 801 787
f 49 783 795
f 201 802 783
f 205 795 802
f 783 802 795
f 203 801 800
f 205 802 801
f 201 800 802
f 801 802 800
f 2 803 805
f 207 804 803
f 209 805 804
f 803 804 805
f 56 806 808
f 208 807 806
f 207 808 807
f 806 807 808
f 58 809 811
f 209 810 809
f 208 811 810
f 809 810 811
f 207 807 804
f 208 810 807
f 209 804 810
f 807 810 804
f 17 812 814
f 210 813 812
f 212 814 813
f 812 813 814
f 57 815 817
f 211 816 815
f 210 817 816
f 815 816 817
f 56 818 820
f 212 819 818
f 211 820 819
f 818 819 820
f 210 816 813
f 211 819 816
f 212 813 819
f 816 819 813
f 16 821 823
f 213 822 821
f 215 823 822
f 821 822 823
f 58 824 826
f 214 825 824
f 213 826 825
f 824 825 826
f 57 827 829
f 215 828 827
f 214 829 828
f 827 828 829
f 213 825 822
f 214 828 825
f 215 822 828
f 825 828 822
f 56 820 806
f 211 830 820
f 208 806 830
f 820 830 806
f 57 829 815
f 214 831 829
f 211 815 831
f 829 831 815
f 58 811 824
f 208 832 811
f 214 824 832
f 811 832 824
f 211 831 830
f 214 832 831
f 208 830 832
f 831 832 830
f 15 794 758
f 206 833 794
f 195 758 833
f 794 833 758
f 55 834 797
f 216 835 834
f 206 797 835
f 834 835 797
f 52 762 837
f 195 836 762
f 216 837 836
f 762 836 837
f 206 835 833
f 216 836 835
f 195 833 836
f 835 836 833
f 16 823 784
f 215 838 823
f 202 784 838
f 823 838 784
f 57 839 827
f 217 840 839
f 215 827 840
f 839 840 827
f 55 789 842
f 202 841 789
f 217 842 841
f 789 841 842
f 215 840 838
f 217 841 840
f 202 838 841
f 840 841 838
f 17 767 812
f 199 843 767
f 210 812 843
f 767 843 812
f 52 844 771
f 218 845 844
f 199 771 845
f 844 845 771
f 57 817 847
f 210 846 817
f 218 847 846
f 817 846 847
f 199 845 843
f 218 846 845
f 210 843 846
f 845 846 843
f 55 842 834
f 217 848 842
f 216 834 848
f 842 848 834
f 57 847 839
f 218 849 847
f 217 839 849
f 847 849 839
f 52 837 844
f 216 850 837
f 218 844 850
f 837 850 844
f 217 849 848
f 218 850 849
f 216 848 850
f 849 850 848
f 1 752 852
f 194 851 752
f 220 852 851
f 752 851 852
f 53 853 755
f 219 854 853
f 194 755 854
f 853 854 755
f 60 855 857
f 220 856 855
f 219 857 856
f 855 856 857
f 194 854 851
f 219 856 854
f 220 851 856
f 854 856 851
f 17 858 765
f 221 859 858
f 197 765 859
f 858 859 765
f 59 860 862
f 222 861 860
f 221 862 861
f 860 861 862
f 53 770 864
f 197 863 770
f 222 864 863
f 770 863 864
f 221 861 859
f 222 863 861
f 197 859 863
f 861 863 859
f 19 865 867
f 223 866 865
f 225 867 866
f 865 866 867
f 60 868 870
f 224 869 868
f 223 870 869
f 868 869 870
f 59 871 873
f 225 872 871
f 224 873 872
f 871 872 873
f 223 869 866
f 224 872 869
f 225 866 872
f 869 872 866
f 53 864 853
f 222 874 864
f 219 853 874
f 864 874 853
f 59 873 860
f 224 875 873
f 222 860 875
f 873 875 860
f 60 857 868
f 219 876 857
f 224 868 876
f 857 876 868
f 222 875 874
f 224 876 875
f 219 874 876
f 875 876 874
f 2 877 803
f 226 878 877
f 207 803 878
f 877 878 803
f 61 879 881
f 227 880 879
f 226 881 880
f 879 880 881
f 56 808 883
f 207 882 808
f 227 883 882
f 808 882 883
f 226 880 878
f 227 882 880
f 207 878 882
f 880 882 878
f 18 884 886
f 228 885 884
f 230 886 885
f 884 885 886
f 62 887 889
f 229 888 887
f 228 889 888
f 887 888 889
f 61 890 892
f 230 891 890
f 229 892 891
f 890 891 892
f 228 888 885
f 229 891 888
f 230 885 891
f 888 891 885
f 17 814 894
f 212 893 814
f 232 894 893
f 814 893 894
f 56 895 818
f 231 896 895
f 212 818 896
f 895 896 818
f 62 897 899
f 232 898 897
f 231 899 898
f 897 898 899
f 212 896 893
f 231 898 896
f 232 893 898
f 896 898 893
f 61 892 879
f 229 900 892
f 227 879 900
f 892 900 879
f 62 899 887
f 231 901 899
f 229 887 901
f 899 901 887
f 56 883 895
f 227 902 883
f 231 895 902
f 883 902 895
f 229 901 900
f 231 902 901
f 227 900 902
f 901 902 900
f 8 903 905
f 233 904 903
f 235 905 904
f 903 904 905
f 63 906 908
f 234 907 906
f 233 908 907
f 906 907 908
f 65 909 911
f 235 910 909
f 234 911 910
f 909 910 911
f 233 907 904
f 234 910 907
f 235 904 910
f 907 910 904
f 19 912 914
f 236 913 912
f 238 914 913
f 912 913 914
f 64 915 917
f 237 916 915
f 236 917 916
f 915 916 917
f 63 918 920
f 238 919 918
f 237 920 919
f 918 919 920
f 236 916 913
f 237 919 916
f 238 913 919
f 916 919 913
f 18 921 923
f 239 922 921
f 241 923 922
f 921 922 923
f 65 924 926
f 240 925 924
f 239 926 925
f 924 925 926
f 64 927 929
f 241 928 927
f 240 929 928
f 927 928 929
f 239 925 922
f 240 928 925
f 241 922 928
f 925 928 922
f 63 920 906
f 237 930 920
f 234 906 930
f 920 930 906
f 64 929 915
f 240 931 929
f 237 915 931
f 929 931 915
f 65 911 924
f 234 932 911
f 240 924 932
f 911 932 924
f 237 931 930
f 240 932 931
f 234 930 932
f 931 932 930
f 17 894 858
f 232 933 894
f 221 858 933
f 894 933 858
f 62 934 897
f 242 935 934
f 232 897 935
f 934 935 897
f 59 862 937
f 221 936 862
f 242 937 936
f 862 936 937
f 232 935 933
f 242 936 935
f 221 933 936
f 935 936 933
f 18 923 884
f 241 938 923
f 228 884 938
f 923 938 884
f 64 939 927
f 243 940 939
f 241 927 940
f 939 940 927
f 62 889 942
f 228 941 889
f 243 942 941
f 889 941 942
f 241 940 938
f 243 941 940
f 228 938 941
f 940 941 938
f 19 867 912
f 225 943 867
f 236 912 943
f 867 943 912
f 59 944 871
f 244 945 944
f 225 871 945
f 944 945 871
f 64 917 947
f 236 946 917
f 244 947 946
f 917 946 947
f 225 945 943
f 244 946 945
f 236 943 946
f 945 946 943
f 62 942 934
f 243 948 942
f 242 934 948
f 942 948 934
f 64 947 939
f 244 949 947
f 243 939 949
f 947 949 939
f 59 937 944
f 242 950 937
f 244 944 950
f 937 950 944
f 243 949 948
f 244 950 949
f 242 948 950
f 949 950 948
f 1 852 952
f 220 951 852
f 246 952 951
f 852 951 952
f 60 953 855
f 245 954 953
f 220 855 954
f 953 954 855
f 67 955 957
f 246 956 955
f 245 957 956
f 955 956 957
f 220 954 951
f 245 956 954
f 246 951 956
f 954 956 951
f 19 958 865
f 247 959 958
f 223 865 959
f 958 959 865
f 66 960 962
f 248 961 960
f 247 962 961
f 960 961 962
f 60 870 964
f 223 963 870
f 248 964 963
f 870 963 964
f 247 961 959
f 248 963 961
f 223 959 963
f 961 963 959
f 21 965 967
f 249 966 965
f 251 967 966
f 965 966 967
f 67 968 970
f 250 969 968
f 249 970 969
f 968 969 970
f 66 971 973
f 251 972 971
f 250 973 972
f 971 972 973
f 249 969 966
f 250 972 969
f 251 966 972
f 969 972 966
f 60 964 953
f 248 974 964
f 245 953 974
f 964 974 953
f 66 973 960
f 250 975 973
f 248 960 975
f 973 975 960
f 67 957 968
f 245 976 957
f 250 968 976
f 957 976 968
f 248 975 974
f 250 976 975
f 245 974 976
f 975 976 974
f 8 977 903
f 252 978 977
f 233 903 978
f 977 978 903
f 68 979 981
f 253 980 979
f 252 981 980
f 979 980 981
f 63 908 983
f 233 982 908
f 253 983 982
f 908 982 983
f 252 980 978
f 253 982 980
f 233 978 982
f 980 982 978
f 20 984 986
f 254 985 984
f 256 986 985
f 984 985 986
f 69 987 989
f 255 988 987
f 254 989 988
f 987 988 989
f 68 990 992
f 256 991 990
f 255 992 991
f 990 991 992
f 254 988 985
f 255 991 988
f 256 985 991
f 988 991 985
f 19 914 994
f 238 993 914
f 258 994 993
f 914 993 994
f 63 995 918
f 257 996 995
f 238 918 996
f 995 996 918
f 69 997 999
f 258 998 997
f 257 999 998
f 997 998 999
f 238 996 993
f 257 998 996
f 258 993 998
f 996 998 993
f 68 992 979
f 255 1000 992
f 253 979 1000
f 992 1000 979
f 69 999 987
f 257 1001 999
f 255 987 1001
f 999 1001 987
f 63 983 995
f 253 1002 983
f 257 995 1002
f 983 1002 995
f 255 1001 1000
f 257 1002 1001
f 253 1000 1002
f 1001 1002 1000
f 11 1003 1005
f 259 1004 1003
f 261 1005 1004
f 1003 1004 1005
f 70 1006 1008
f 260 1007 1006
f 259 1008 1007
f 1006 1007 1008
f 72 1009 1011
f 261 1010 1009
f 260 1011 1010
f 1009 1010 1011
f 259 1007 1004
f 260 1010 1007
f 261 1004 1010
f 1007 1010 1004
f 21 1012 1014
f 262 1013 1012
f 264 1014 1013
f 1012 1013 1014
f 71 1015 1017
f 263 1016 1015
f 262 1017 1016
f 1015 1016 1017
f 70 1018 1020
f 264 1019 1018
f 263 1020 1019
f 1018 1019 1020
f 262 1016 1013
f 263 1019 1016
f 264 1013 1019
f 1016 1019 1013
f 20 1021 1023
f 265 1022 1021
f 267 1023 1022
f 1021 1022 1023
f 72 1024 1026
f 266 1025 1024
f 265 1026 1025
f 1024 1025 1026
f 71 1027 1029
f 267 1028 1027
f 266 1029 1028
f 1027 1028 1029
f 265 1025 1022
f 266 1028 1025
f 267 1022 1028
f 1025 1028 1022
f 70 1020 1006
f 263 1030 1020
f 260 1006 1030
f 1020 1030 1006
f 71 1029 1015
f 266 1031 1029
f 263 1015 1031
f 1029 1031 1015
f 72 1011 1024
f 260 1032 1011
f 266 1024 1032
f 1011 1032 1024
f 263 1031 1030
f 266 1032 1031
f 260 1030 1032
f 1031 1032 1030
f 19 994 958
f 258 1033 994
f 247 958 1033
f 994 1033 958
f 69 1034 997
f 268 1035 1034
f 258 997 1035
f 1034 1035 997
f 66 962 1037
f 247 1036 962
f 268 1037 1036
f 962 1036 1037
f 258 1035 1033
f 268 1036 1035
f 247 1033 1036
f 1035 1036 1033
f 20 1023 984
f 267 1038 1023
f 254 984 1038
f 1023 1038 984
f 71 1039 1027
f 269 1040 1039
f 267 1027 1040
f 1039 1040 1027
f 69 989 1042
f 254 1041 989
f 269 1042 1041
f 989 1041 1042
f 267 1040 1038
f 269 1041 1040
f 254 1038 1041
f 1040 1041 1038
f 21 967 1012
f 251 1043 967
f 262 1012 1043
f 967 1043 1012
f 66 1044 971
f 270 1045 1044
f 251 971 1045
f 1044 1045 971
f 71 1017 1047
f 262 1046 1017
f 270 1047 1046
f 1017 1046 1047
f 251 1045 1043
f 270 1046 1045
f 262 1043 1046
f 1045 1046 1043
f 69 1042 1034
f 269 1048 1042
f 268 1034 1048
f 1042 1048 1034
f 71 1047 1039
f 270 1049 1047
f 269 1039 1049
f 1047 1049 1039
f 66 1037 1044
f 268 1050 1037
f 270 1044 1050
f 1037 1050 1044
f 269 1049 1048
f 270 1050 1049
f 268 1048 1050
f 1049 1050 1048
f 1 952 643
f 246 1051 952
f 163 643 1051
f 952 1051 643
f 67 1052 955
f 271 1053 1052
f 246 955 1053
f 1052 1053 955
f 43 648 1055
f 163 1054 648
f 271 1055 1054
f 648 1054 1055
f 246 1053 1051
f 271 1054 1053
f 163 1051 1054
f 1053 1054 1051
f 21 1056 965
f 272 1057 1056
f 249 965 1057
f 1056 1057 965
f 73 1058 1060
f 273 1059 1058
f 272 1060 1059
f 1058 1059 1060
f 67 970 1062
f 249 1061 970
f 273 1062 1061
f 970 1061 1062
f 272 1059 1057
f 273 1061 1059
f 249 1057 1061
f 1059 1061 1057
f 13 654 1064
f 168 1063 654
f 275 1064 1063
f 654 1063 1064
f 43 1065 658
f 274 1066 1065
f 168 658 1066
f 1065 1066 658
f 73 1067 1069
f 275 1068 1067
f 274 1069 1068
f 1067 1068 1069
f 168 1066 1063
f 274 1068 1066
f 275 1063 1068
f 1066 1068 1063
f 67 1062 1052
f 273 1070 1062
f 271 1052 1070
f 1062 1070 1052
f 73 1069 1058
f 274 1071 1069
f 273 1058 1071
f 1069 1071 1058
f 43 1055 1065
f 271 1072 1055
f 274 1065 1072
f 1055 1072 1065
f 273 1071 1070
f 274 1072 1071
f 271 1070 1072
f 1071 1072 1070
f 11 1073 1003
f 276 1074 1073
f 259 1003 1074
f 1073 1074 1003
f 74 1075 1077
f 277 1076 1075
f 276 1077 1076
f 1075 1076 1077
f 70 1008 1079
f 259 1078 1008
f 277 1079 1078
f 1008 1078 1079
f 276 1076 1074
f 277 1078 1076
f 259 1074 1078
f 1076 1078 1074
f 22 1080 1082
f 278 1081 1080
f 280 1082 1081
f 1080 1081 1082
f 75 1083 1085
f 279 1084 1083
f 278 1085 1084
f 1083 1084 1085
f 74 1086 1088
f 280 1087 1086
f 279 1088 1087
f 1086 1087 1088
f 278 1084 1081
f 279 1087 1084
f 280 1081 1087
f 1084 1087 1081
f 21 1014 1090
f 264 1089 1014
f 282 1090 1089
f 1014 1089 1090
f 70 1091 1018
f 281 1092 1091
f 264 1018 1092
f 1091 1092 1018
f 75 1093 1095
f 282 1094 1093
f 281 1095 1094
f 1093 1094 1095
f 264 1092 1089
f 281 1094 1092
f 282 1089 1094
f 1092 1094 1089
f 74 1088 1075
f 279 1096 1088
f 277 1075 1096
f 1088 1096 1075
f 75 1095 1083
f 281 1097 1095
f 279 1083 1097
f 1095 1097 1083
f 70 1079 1091
f 277 1098 1079
f 281 1091 1098
f 1079 1098 1091
f 279 1097 1096
f 281 1098 1097
f 277 1096 1098
f 1097 1098 1096
f 12 675 1100
f 174 1099 675
f 284 1100 1099
f 675 1099 1100
f 48 1101 679
f 283 1102 1101
f 174 679 1102
f 1101 1102 679
f 77 1103 1105
f 284 1104 1103
f 283 1105 1104
f 1103 1104 1105
f 174 1102 1099
f 283 1104 1102
f 284 1099 1104
f 1102 1104 1099
f 13 1106 691
f 285 1107 1106
f 178 691 1107
f 1106 1107 691
f 76 1108 1110
f 286 1109 1108
f 285 1110 1109
f 1108 1109 1110
f 48 696 1112
f 178 1111 696
f 286 1112 1111
f 696 1111 1112
f 285 1109 1107
f 286 1111 1109
f 178 1107 1111
f 1109 1111 1107
f 22 1113 1115
f 287 1114 1113
f 289 1115 1114
f 1113 1114 1115
f 77 1116 1118
f 288 1117 1116
f 287 1118 1117
f 1116 1117 1118
f 76 1119 1121
f 289 1120 1119
f 288 1121 1120
f 1119 1120 1121
f 287 1117 1114
f 288 1120 1117
f 289 1114 1120
f 1117 1120 1114
f 48 1112 1101
f 286 1122 1112
f 283 1101 1122
f 1112 1122 1101
f 76 1121 1108
f 288 1123 1121
f 286 1108 1123
f 1121 1123 1108
f 77 1105 1116
f 283 1124 1105
f 288 1116 1124
f 1105 1124 1116
f 286 1123 1122
f 288 1124 1123
f 283 1122 1124
f 1123 1124 1122
f 21 1090 1056
f 282 1125 1090
f 272 1056 1125
f 1090 1125 1056
f 75 1126 1093
f 290 1127 1126
f 282 1093 1127
f 1126 1127 1093
f 73 1060 1129
f 272 1128 1060
f 290 1129 1128
f 1060 1128 1129
f 282 1127 1125
f 290 1128 1127
f 272 1125 1128
f 1127 1128 1125
f 22 1115 1080
f 289 1130 1115
f 278 1080 1130
f 1115 1130 1080
f 76 1131 1119
f 291 1132 1131
f 289 1119 1132
f 1131 1132 1119
f 75 1085 1134
f 278 1133 1085
f 291 1134 1133
f 1085 1133 1134
f 289 1132 1130
f 291 1133 1132
f 278 1130 1133
f 1132 1133 1130
f 13 1064 1106
f 275 1135 1064
f 285 1106 1135
f 1064 1135 1106
f 73 1136 1067
f 292 1137 1136
f 275 1067 1137
f 1136 1137 1067
f 76 1110 1139
f 285 1138 1110
f 292 1139 1138
f 1110 1138 1139
f 275 1137 1135
f 292 1138 1137
f 285 1135 1138
f 1137 1138 1135
f 75 1134 1126
f 291 1140 1134
f 290 1126 1140
f 1134 1140 1126
f 76 1139 1131
f 292 1141 1139
f 291 1131 1141
f 1139 1141 1131
f 73 1129 1136
f 290 1142 1129
f 292 1136 1142
f 1129 1142 1136
f 291 1141 1140
f 292 1142 1141
f 290 1140 1142
f 1141 1142 1140
f 2 805 1144
f 209 1143 805
f 294 1144 1143
f 805 1143 1144
f 58 1145 809
f 293 1146 1145
f 209 809 1146
f 1145 1146 809
f 79 1147 1149
f 294 1148 1147
f 293 1149 1148
f 1147 1148 1149
f 209 1146 1143
f 293 1148 1146
f 294 1143 1148
f 1146 1148 1143
f 16 1150 821
f 295 1151 1150
f 213 821 1151
f 1150 1151 821
f 78 1152 1154
f 296 1153 1152
f 295 1154 1153
f 1152 1153 1154
f 58 826 1156
f 213 1155 826
f 296 1156 1155
f 826 1155 1156
f 295 1153 1151
f 296 1155 1153
f 213 1151 1155
f 1153 1155 1151
f 24 1157 1159
f 297 1158 1157
f 299 1159 1158
f 1157 1158 1159
f 79 1160 1162
f 298 1161 1160
f 297 1162 1161
f 1160 1161 1162
f 78 1163 1165
f 299 1164 1163
f 298 1165 1164
f 1163 1164 1165
f 297 1161 1158
f 298 1164 1161
f 299 1158 1164
f 1161 1164 1158
f 58 1156 1145
f 296 1166 1156
f 293 1145 1166
f 1156 1166 1145
f 78 1165 1152
f 298 1167 1165
f 296 1152 1167
f 1165 1167 1152
f 79 1149 1160
f 293 1168 1149
f 298 1160 1168
f 1149 1168 1160
f 296 1167 1166
f 298 1168 1167
f 293 1166 1168
f 1167 1168 1166
f 6 1169 777
f 300 1170 1169
f 200 777 1170
f 1169 1170 777
f 80 1171 1173
f 301 1172 1171
f 300 1173 1172
f 1171 1172 1173
f 54 781 1175
f 200 1174 781
f 301 1175 1174
f 781 1174 1175
f 300 1172 1170
f 301 1174 1172
f 200 1170 1174
f 1172 1174 1170
f 23 1176 1178
f 302 1177 1176
f 304 1178 1177
f 1176 1177 1178
f 81 1179 1181
f 303 1180 1179
f 302 1181 1180
f 1179 1180 1181
f 80 1182 1184
f 304 1183 1182
f 303 1184 1183
f 1182 1183 1184
f 302 1180 1177
f 303 1183 1180
f 304 1177 1183
f 1180 1183 1177
f 16 786 1186
f 204 1185 786
f 306 1186 1185
f 786 1185 1186
f 54 1187 790
f 305 1188 1187
f 204 790 1188
f 1187 1188 790
f 81 1189 1191
f 306 1190 1189
f 305 1191 1190
f 1189 1190 1191
f 204 1188 1185
f 305 1190 1188
f 306 1185 1190
f 1188 1190 1185
f 80 1184 1171
f 303 1192 1184
f 301 1171 1192
f 1184 1192 1171
f 81 1191 1179
f 305 1193 1191
f 303 1179 1193
f 1191 1193 1179
f 54 1175 1187
f 301 1194 1175
f 305 1187 1194
f 1175 1194 1187
f 303 1193 1192
f 305 1194 1193
f 301 1192 1194
f 1193 1194 1192
f 10 1195 1197
f 307 1196 1195
f 309 1197 1196
f 1195 1196 1197
f 82 1198 1200
f 308 1199 1198
f 307 1200 1199
f 1198 1199 1200
f 84 1201 1203
f 309 1202 1201
f 308 1203 1202
f 1201 1202 1203
f 307 1199 1196
f 308 1202 1199
f 309 1196 1202
f 1199 1202 1196
f 24 1204 1206
f 310 1205 1204
f 312 1206 1205
f 1204 1205 1206
f 83 1207 1209
f 311 1208 1207
f 310 1209 1208
f 1207 1208 1209
f 82 1210 1212
f 312 1211 1210
f 311 1212 1211
f 1210 1211 1212
f 310 1208 1205
f 311 1211 1208
f 312 1205 1211
f 1208 1211 1205
f 23 1213 1215
f 313 1214 1213
f 315 1215 1214
f 1213 1214 1215
f 84 1216 1218
f 314 1217 1216
f 313 1218 1217
f 1216 1217 1218
f 83 1219 1221
f 315 1220 1219
f 314 1221 1220
f 1219 1220 1221
f 313 1217 1214
f 314 1220 1217
f 315 1214 1220
f 1217 1220 1214
f 82 1212 1198
f 311 1222 1212
f 308 1198 1222
f 1212 1222 1198
f 83 1221 1207
f 314 1223 1221
f 311 1207 1223
f 1221 1223 1207
f 84 1203 1216
f 308 1224 1203
f 314 1216 1224
f 1203 1224 1216
f 311 1223 1222
f 314 1224 1223
f 308 1222 1224
f 1223 1224 1222
f 16 1186 1150
f 306 1225 1186
f 295 1150 1225
f 1186 1225 1150
f 81 1226 1189
f 316 1227 1226
f 306 1189 1227
f 1226 1227 1189
f 78 1154 1229
f 295 1228 1154
f 316 1229 1228
f 1154 1228 1229
f 306 1227 1225
f 316 1228 1227
f 295 1225 1228
f 1227 1228 1225
f 23 1215 1176
f 315 1230 1215
f 302 1176 1230
f 1215 1230 1176
f 83 1231 1219
f 317 1232 1231
f 315 1219 1232
f 1231 1232 1219
f 81 1181 1234
f 302 1233 1181
f 317 1234 1233
f 1181 1233 1234
f 315 1232 1230
f 317 1233 1232
f 302 1230 1233
f 1232 1233 1230
f 24 1159 1204
f 299 1235 1159
f 310 1204 1235
f 1159 1235 1204
f 78 1236 1163
f 318 1237 1236
f 299 1163 1237
f 1236 1237 1163
f 83 1209 1239
f 310 1238 1209
f 318 1239 1238
f 1209 1238 1239
f 299 1237 1235
f 318 1238 1237
f 310 1235 1238
f 1237 1238 1235
f 81 1234 1226
f 317 1240 1234
f 316 1226 1240
f 1234 1240 1226
f 83 1239 1231
f 318 1241 1239
f 317 1231 1241
f 1239 1241 1231
f 78 1229 1236
f 316 1242 1229
f 318 1236 1242
f 1229 1242 1236
f 317 1241 1240
f 318 1242 1241
f 316 1240 1242
f 1241 1242 1240
f 6 705 1244
f 183 1243 705
f 320 1244 1243
f 705 1243 1244
f 51 1245 709
f 319 1246 1245
f 183 709 1246
f 1245 1246 709
f 86 1247 1249
f 320 1248 1247
f 319 1249 1248
f 1247 1248 1249
f 183 1246 1243
f 319 1248 1246
f 320 1243 1248
f 1246 1248 1243
f 14 1250 721
f 321 1251 1250
f 187 721 1251
f 1250 1251 721
f 85 1252 1254
f 322 1253 1252
f 321 1254 1253
f 1252 1253 1254
f 51 726 1256
f 187 1255 726
f 322 1256 1255
f 726 1255 1256
f 321 1253 1251
f 322 1255 1253
f 187 1251 1255
f 1253 1255 1251
f 26 1257 1259
f 323 1258 1257
f 325 1259 1258
f 1257 1258 1259
f 86 1260 1262
f 324 1261 1260
f 323 1262 1261
f 1260 1261 1262
f 85 1263 1265
f 325 1264 1263
f 324 1265 1264
f 1263 1264 1265
f 323 1261 1258
f 324 1264 1261
f 325 1258 1264
f 1261 1264 1258
f 51 1256 1245
f 322 1266 1256
f 319 1245 1266
f 1256 1266 1245
f 85 1265 1252
f 324 1267 1265
f 322 1252 1267
f 1265 1267 1252
f 86 1249 1260
f 319 1268 1249
f 324 1260 1268
f 1249 1268 1260
f 322 1267 1266
f 324 1268 1267
f 319 1266 1268
f 1267 1268 1266
f 12 1269 673
f 326 1270 1269
f 172 673 1270
f 1269 1270 673
f 87 1271 1273
f 327 1272 1271
f 326 1273 1272
f 1271 1272 1273
f 46 678 1275
f 172 1274 678
f 327 1275 1274
f 678 1274 1275
f 326 1272 1270
f 327 1274 1272
f 172 1270 1274
f 1272 1274 1270
f 25 1276 1278
f 328 1277 1276
f 330 1278 1277
f 1276 1277 1278
f 88 1279 1281
f 329 1280 1279
f 328 1281 1280
f 1279 1280 1281
f 87 1282 1284
f 330 1283 1282
f 329 1284 1283
f 1282 1283 1284
f 328 1280 1277
f 329 1283 1280
f 330 1277 1283
f 1280 1283 1277
f 14 684 1286
f 177 1285 684
f 332 1286 1285
f 684 1285 1286
f 46 1287 688
f 331 1288 1287
f 177 688 1288
f 1287 1288 688
f 88 1289 1291
f 332 1290 1289
f 331 1291 1290
f 1289 1290 1291
f 177 1288 1285
f 331 1290 1288
f 332 1285 1290
f 1288 1290 1285
f 87 1284 1271
f 329 1292 1284
f 327 1271 1292
f 1284 1292 1271
f 88 1291 1279
f 331 1293 1291
f 329 1279 1293
f 1291 1293 1279
f 46 1275 1287
f 327 1294 1275
f 331 1287 1294
f 1275 1294 1287
f 329 1293 1292
f 331 1294 1293
f 327 1292 1294
f 1293 1294 1292
f 5 1295 1297
f 333 1296 1295
f 335 1297 1296
f 1295 1296 1297
f 89 1298 1300
f 334 1299 1298
f 333 1300 1299
f 1298 1299 1300
f 91 1301 1303
f 335 1302 1301
f 334 1303 1302
f 1301 1302 1303
f 333 1299 1296
f 334 1302 1299
f 335 1296 1302
f 1299 1302 1296
f 26 1304 1306
f 336 1305 1304
f 338 1306 1305
f 1304 1305 1306
f 90 1307 1309
f 337 1308 1307
f 336 1309 1308
f 1307 1308 1309
f 89 1310 1312
f 338 1311 1310
f 337 1312 1311
f 1310 1311 1312
f 336 1308 1305
f 337 1311 1308
f 338 1305 1311
f 1308 1311 1305
f 25 1313 1315
f 339 1314 1313
f 341 1315 1314
f 1313 1314 1315
f 91 1316 1318
f 340 1317 1316
f 339 1318 1317
f 1316 1317 1318
f 90 1319 1321
f 341 1320 1319
f 340 1321 1320
f 1319 1320 1321
f 339 1317 1314
f 340 1320 1317
f 341 1314 1320
f 1317 1320 1314
f 89 1312 1298
f 337 1322 1312
f 334 1298 1322
f 1312 1322 1298
f 90 1321 1307
f 340 1323 1321
f 337 1307 1323
f 1321 1323 1307
f 91 1303 1316
f 334 1324 1303
f 340 1316 1324
f 1303 1324 1316
f 337 1323 1322
f 340 1324 1323
f 334 1322 1324
f 1323 1324 1322
f 14 1286 1250
f 332 1325 1286
f 321 1250 1325
f 1286 1325 1250
f 88 1326 1289
f 342 1327 1326
f 332 1289 1327
f 1326 1327 1289
f 85 1254 1329
f 321 1328 1254
f 342 1329 1328
f 1254 1328 1329
f 332 1327 1325
f 342 1328 1327
f 321 1325 1328
f 1327 1328 1325
f 25 1315 1276
f 341 1330 1315
f 328 1276 1330
f 1315 1330 1276
f 90 1331 1319
f 343 1332 1331
f 341 1319 1332
f 1331 1332 1319
f 88 1281 1334
f 328 1333 1281
f 343 1334 1333
f 1281 1333 1334
f 341 1332 1330
f 343 1333 1332
f 328 1330 1333
f 1332 1333 1330
f 26 1259 1304
f 325 1335 1259
f 336 1304 1335
f 1259 1335 1304
f 85 1336 1263
f 344 1337 1336
f 325 1263 1337
f 1336 1337 1263
f 90 1309 1339
f 336 1338 1309
f 344 1339 1338
f 1309 1338 1339
f 325 1337 1335
f 344 1338 1337
f 336 1335 1338
f 1337 1338 1335
f 88 1334 1326
f 343 1340 1334
f 342 1326 1340
f 1334 1340 1326
f 90 1339 1331
f 344 1341 1339
f 343 1331 1341
f 1339 1341 1331
f 85 1329 1336
f 342 1342 1329
f 344 1336 1342
f 1329 1342 1336
f 343 1341 1340
f 344 1342 1341
f 342 1340 1342
f 1341 1342 1340
f 12 1100 1344
f 284 1343 1100
f 346 1344 1343
f 1100 1343 1344
f 77 1345 1103
f 345 1346 1345
f 284 1103 1346
f 1345 1346 1103
f 93 1347 1349
f 346 1348 1347
f 345 1349 1348
f 1347 1348 1349
f 284 1346 1343
f 345 1348 1346
f 346 1343 1348
f 1346 1348 1343
f 22 1350 1113
f 347 1351 1350
f 287 1113 1351
f 1350 1351 1113
f 92 1352 1354
f 348 1353 1352
f 347 1354 1353
f 1352 1353 1354
f 77 1118 1356
f 287 1355 1118
f 348 1356 1355
f 1118 1355 1356
f 347 1353 1351
f 348 1355 1353
f 287 1351 1355
f 1353 1355 1351
f 28 1357 1359
f 349 1358 1357
f 351 1359 1358
f 1357 1358 1359
f 93 1360 1362
f 350 1361 1360
f 349 1362 1361
f 1360 1361 1362
f 92 1363 1365
f 351 1364 1363
f 350 1365 1364
f 1363 1364 1365
f 349 1361 1358
f 350 1364 1361
f 351 1358 1364
f 1361 1364 1358
f 77 1356 1345
f 348 1366 1356
f 345 1345 1366
f 1356 1366 1345
f 92 1365 1352
f 350 1367 1365
f 348 1352 1367
f 1365 1367 1352
f 93 1349 1360
f 345 1368 1349
f 350 1360 1368
f 1349 1368 1360
f 348 1367 1366
f 350 1368 1367
f 345 1366 1368
f 1367 1368 1366
f 11 1369 1073
f 352 1370 1369
f 276 1073 1370
f 1369 1370 1073
f 94 1371 1373
f 353 1372 1371
f 352 1373 1372
f 1371 1372 1373
f 74 1077 1375
f 276 1374 1077
f 353 1375 1374
f 1077 1374 1375
f 352 1372 1370
f 353 1374 1372
f 276 1370 1374
f 1372 1374 1370
f 27 1376 1378
f 354 1377 1376
f 356 1378 1377
f 1376 1377 1378
f 95 1379 1381
f 355 1380 1379
f 354 1381 1380
f 1379 1380 1381
f 94 1382 1384
f 356 1383 1382
f 355 1384 1383
f 1382 1383 1384
f 354 1380 1377
f 355 1383 1380
f 356 1377 1383
f 1380 1383 1377
f 22 1082 1386
f 280 1385 1082
f 358 1386 1385
f 1082 1385 1386
f 74 1387 1086
f 357 1388 1387
f 280 1086 1388
f 1387 1388 1086
f 95 1389 1391
f 358 1390 1389
f 357 1391 1390
f 1389 1390 1391
f 280 1388 1385
f 357 1390 1388
f 358 1385 1390
f 1388 1390 1385
f 94 1384 1371
f 355 1392 1384
f 353 1371 1392
f 1384 1392 1371
f 95 1391 1379
f 357 1393 1391
f 355 1379 1393
f 1391 1393 1379
f 74 1375 1387
f 353 1394 1375
f 357 1387 1394
f 1375 1394 1387
f 355 1393 1392
f 357 1394 1393
f 353 1392 1394
f 1393 1394 1392
f 3 1395 1397
f 359 1396 1395
f 361 1397 1396
f 1395 1396 1397
f 96 1398 1400
f 360 1399 1398
f 359 1400 1399
f 1398 1399 1400
f 98 1401 1403
f 361 1402 1401
f 360 1403 1402
f 1401 1402 1403
f 359 1399 1396
f 360 1402 1399
f 361 1396 1402
f 1399 1402 1396
f 28 1404 1406
f 362 1405 1404
f 364 1406 1405
f 1404 1405 1406
f 97 1407 1409
f 363 1408 1407
f 362 1409 1408
f 1407 1408 1409
f 96 1410 1412
f 364 1411 1410
f 363 1412 1411
f 1410 1411 1412
f 362 1408 1405
f 363 1411 1408
f 364 1405 1411
f 1408 1411 1405
f 27 1413 1415
f 365 1414 1413
f 367 1415 1414
f 1413 1414 1415
f 98 1416 1418
f 366 1417 1416
f 365 1418 1417
f 1416 1417 1418
f 97 1419 1421
f 367 1420 1419
f 366 1421 1420
f 1419 1420 1421
f 365 1417 1414
f 366 1420 1417
f 367 1414 1420
f 1417 1420 1414
f 96 1412 1398
f 363 1422 1412
f 360 1398 1422
f 1412 1422 1398
f 97 1421 1407
f 366 1423 1421
f 363 1407 1423
f 1421 1423 1407
f 98 1403 1416
f 360 1424 1403
f 366 1416 1424
f 1403 1424 1416
f 363 1423 1422
f 366 1424 1423
f 360 1422 1424
f 1423 1424 1422
f 22 1386 1350
f 358 1425 1386
f 347 1350 1425
f 1386 1425 1350
f 95 1426 1389
f 368 1427 1426
f 358 1389 1427
f 1426 1427 1389
f 92 1354 1429
f 347 1428 1354
f 368 1429 1428
f 1354 1428 1429
f 358 1427 1425
f 368 1428 1427
f 347 1425 1428
f 1427 1428 1425
f 27 1415 1376
f 367 1430 1415
f 354 1376 1430
f 1415 1430 1376
f 97 1431 1419
f 369 1432 1431
f 367 1419 1432
f 1431 1432 1419
f 95 1381 1434
f 354 1433 1381
f 369 1434 1433
f 1381 1433 1434
f 367 1432 1430
f 369 1433 1432
f 354 1430 1433
f 1432 1433 1430
f 28 1359 1404
f 351 1435 1359
f 362 1404 1435
f 1359 1435 1404
f 92 1436 1363
f 370 1437 1436
f 351 1363 1437
f 1436 1437 1363
f 97 1409 1439
f 362 1438 1409
f 370 1439 1438
f 1409 1438 1439
f 351 1437 1435
f 370 1438 1437
f 362 1435 1438
f 1437 1438 1435
f 95 1434 1426
f 369 1440 1434
f 368 1426 1440
f 1434 1440 1426
f 97 1439 1431
f 370 1441 1439
f 369 1431 1441
f 1439 1441 1431
f 92 1429 1436
f 368 1442 1429
f 370 1436 1442
f 1429 1442 1436
f 369 1441 1440
f 370 1442 1441
f 368 1440 1442
f 1441 1442 1440
f 11 1005 1444
f 261 1443 1005
f 372 1444 1443
f 1005 1443 1444
f 72 1445 1009
f 371 1446 1445
f 261 1009 1446
f 1445 1446 1009
f 100 1447 1449
f 372 1448 1447
f 371 1449 1448
f 1447 1448 1449
f 261 1446 1443
f 371 1448 1446
f 372 1443 1448
f 1446 1448 1443
f 20 1450 1021
f 373 1451 1450
f 265 1021 1451
f 1450 1451 1021
f 99 1452 1454
f 374 1453 1452
f 373 1454 1453
f 1452 1453 1454
f 72 1026 1456
f 265 1455 1026
f 374 1456 1455
f 1026 1455 1456
f 373 1453 1451
f 374 1455 1453
f 265 1451 1455
f 1453 1455 1451
f 30 1457 1459
f 375 1458 1457
f 377 1459 1458
f 1457 1458 1459
f 100 1460 1462
f 376 1461 1460
f 375 1462 1461
f 1460 1461 1462
f 99 1463 1465
f 377 1464 1463
f 376 1465 1464
f 1463 1464 1465
f 375 1461 1458
f 376 1464 1461
f 377 1458 1464
f 1461 1464 1458
f 72 1456 1445
f 374 1466 1456
f 371 1445 1466
f 1456 1466 1445
f 99 1465 1452
f 376 1467 1465
f 374 1452 1467
f 1465 1467 1452
f 100 1449 1460
f 371 1468 1449
f 376 1460 1468
f 1449 1468 1460
f 374 1467 1466
f 376 1468 1467
f 371 1466 1468
f 1467 1468 1466
f 8 1469 977
f 378 1470 1469
f 252 977 1470
f 1469 1470 977
f 101 1471 1473
f 379 1472 1471
f 378 1473 1472
f 1471 1472 1473
f 68 981 1475
f 252 1474 981
f 379 1475 1474
f 981 1474 1475
f 378 1472 1470
f 379 1474 1472
f 252 1470 1474
f 1472 1474 1470
f 29 1476 1478
f 380 1477 1476
f 382 1478 1477
f 1476 1477 1478
f 102 1479 1481
f 381 1480 1479
f 380 1481 1480
f 1479 1480 1481
f 101 1482 1484
f 382 1483 1482
f 381 1484 1483
f 1482 1483 1484
f 380 1480 1477
f 381 1483 1480
f 382 1477 1483
f 1480 1483 1477
f 20 986 1486
f 256 1485 986
f 384 1486 1485
f 986 1485 1486
f 68 1487 990
f 383 1488 1487
f 256 990 1488
f 1487 1488 990
f 102 1489 1491
f 384 1490 1489
f 383 1491 1490
f 1489 1490 1491
f 256 1488 1485
f 383 1490 1488
f 384 1485 1490
f 1488 1490 1485
f 101 1484 1471
f 381 1492 1484
f 379 1471 1492
f 1484 1492 1471
f 102 1491 1479
f 383 1493 1491
f 381 1479 1493
f 1491 1493 1479
f 68 1475 1487
f 379 1494 1475
f 383 1487 1494
f 1475 1494 1487
f 381 1493 1492
f 383 1494 1493
f 379 1492 1494
f 1493 1494 1492
f 7 1495 1497
f 385 1496 1495
f 387 1497 1496
f 1495 1496 1497
f 103 1498 1500
f 386 1499 1498
f 385 1500 1499
f 1498 1499 1500
f 105 1501 1503
f 387 1502 1501
f 386 1503 1502
f 1501 1502 1503
f 385 1499 1496
f 386 1502 1499
f 387 1496 1502
f 1499 1502 1496
f 30 1504 1506
f 388 1505 1504
f 390 1506 1505
f 1504 1505 1506
f 104 1507 1509
f 389 1508 1507
f 388 1509 1508
f 1507 1508 1509
f 103 1510 1512
f 390 1511 1510
f 389 1512 1511
f 1510 1511 1512
f 388 1508 1505
f 389 1511 1508
f 390 1505 1511
f 1508 1511 1505
f 29 1513 1515
f 391 1514 1513
f 393 1515 1514
f 1513 1514 1515
f 105 1516 1518
f 392 1517 1516
f 391 1518 1517
f 1516 1517 1518
f 104 1519 1521
f 393 1520 1519
f 392 1521 1520
f 1519 1520 1521
f 391 1517 1514
f 392 1520 1517
f 393 1514 1520
f 1517 1520 1514
f 103 1512 1498
f 389 1522 1512
f 386 1498 1522
f 1512 1522 1498
f 104 1521 1507
f 392 1523 1521
f 389 1507 1523
f 1521 1523 1507
f 105 1503 1516
f 386 1524 1503
f 392 1516 1524
f 1503 1524 1516
f 389 1523 1522
f 392 1524 1523
f 386 1522 1524
f 1523 1524 1522
f 20 1486 1450
f 384 1525 1486
f 373 1450 1525
f 1486 1525 1450
f 102 1526 1489
f 394 1527 1526
f 384 1489 1527
f 1526 1527 1489
f 99 1454 1529
f 373 1528 1454
f 394 1529 1528
f 1454 1528 1529
f 384 1527 1525
f 394 1528 1527
f 373 1525 1528
f 1527 1528 1525
f 29 1515 1476
f 393 1530 1515
f 380 1476 1530
f 1515 1530 1476
f 104 1531 1519
f 395 1532 1531
f 393 1519 1532
f 1531 1532 1519
f 102 1481 1534
f 380 1533 1481
f 395 1534 1533
f 1481 1533 1534
f 393 1532 1530
f 395 1533 1532
f 380 1530 1533
f 1532 1533 1530
f 30 1459 1504
f 377 1535 1459
f 388 1504 1535
f 1459 1535 1504
f 99 1536 1463
f 396 1537 1536
f 377 1463 1537
f 1536 1537 1463
f 104 1509 1539
f 388 1538 1509
f 396 1539 1538
f 1509 1538 1539
f 377 1537 1535
f 396 1538 1537
f 388 1535 1538
f 1537 1538 1535
f 102 1534 1526
f 395 1540 1534
f 394 1526 1540
f 1534 1540 1526
f 104 1539 1531
f 396 1541 1539
f 395 1531 1541
f 1539 1541 1531
f 99 1529 1536
f 394 1542 1529
f 396 1536 1542
f 1529 1542 1536
f 395 1541 1540
f 396 1542 1541
f 394 1540 1542
f 1541 1542 1540
f 8 905 1544
f 235 1543 905
f 398 1544 1543
f 905 1543 1544
f 65 1545 909
f 397 1546 1545
f 235 909 1546
f 1545 1546 909
f 107 1547 1549
f 398 1548 1547
f 397 1549 1548
f 1547 1548 1549
f 235 1546 1543
f 397 1548 1546
f 398 1543 1548
f 1546 1548 1543
f 18 1550 921
f 399 1551 1550
f 239 921 1551
f 1550 1551 921
f 106 1552 1554
f 400 1553 1552
f 399 1554 1553
f 1552 1553 1554
f 65 926 1556
f 239 1555 926
f 400 1556 1555
f 926 1555 1556
f 399 1553 1551
f 400 1555 1553
f 239 1551 1555
f 1553 1555 1551
f 32 1557 1559
f 401 1558 1557
f 403 1559 1558
f 1557 1558 1559
f 107 1560 1562
f 402 1561 1560
f 401 1562 1561
f 1560 1561 1562
f 106 1563 1565
f 403 1564 1563
f 402 1565 1564
f 1563 1564 1565
f 401 1561 1558
f 402 1564 1561
f 403 1558 1564
f 1561 1564 1558
f 65 1556 1545
f 400 1566 1556
f 397 1545 1566
f 1556 1566 1545
f 106 1565 1552
f 402 1567 1565
f 400 1552 1567
f 1565 1567 1552
f 107 1549 1560
f 397 1568 1549
f 402 1560 1568
f 1549 1568 1560
f 400 1567 1566
f 402 1568 1567
f 397 1566 1568
f 1567 1568 1566
f 2 1569 877
f 404 1570 1569
f 226 877 1570
f 1569 1570 877
f 108 1571 1573
f 405 1572 1571
f 404 1573 1572
f 1571 1572 1573
f 61 881 1575
f 226 1574 881
f 405 1575 1574
f 881 1574 1575
f 404 1572 1570
f 405 1574 1572
f 226 1570 1574
f 1572 1574 1570
f 31 1576 1578
f 406 1577 1576
f 408 1578 1577
f 1576 1577 1578
f 109 1579 1581
f 407 1580 1579
f 406 1581 1580
f 1579 1580 1581
f 108 1582 1584
f 408 1583 1582
f 407 1584 1583
f 1582 1583 1584
f 406 1580 1577
f 407 1583 1580
f 408 1577 1583
f 1580 1583 1577
f 18 886 1586
f 230 1585 886
f 410 1586 1585
f 886 1585 1586
f 61 1587 890
f 409 1588 1587
f 230 890 1588
f 1587 1588 890
f 109 1589 1591
f 410 1590 1589
f 409 1591 1590
f 1589 1590 1591
f 230 1588 1585
f 409 1590 1588
f 410 1585 1590
f 1588 1590 1585
f 108 1584 1571
f 407 1592 1584
f 405 1571 1592
f 1584 1592 1571
f 109 1591 1579
f 409 1593 1591
f 407 1579 1593
f 1591 1593 1579
f 61 1575 1587
f 405 1594 1575
f 409 1587 1594
f 1575 1594 1587
f 407 1593 1592
f 409 1594 1593
f 405 1592 1594
f 1593 1594 1592
f 9 1595 1597
f 411 1596 1595
f 413 1597 1596
f 1595 1596 1597
f 110 1598 1600
f 412 1599 1598
f 411 1600 1599
f 1598 1599 1600
f 112 1601 1603
f 413 1602 1601
f 412 1603 1602
f 1601 1602 1603
f 411 1599 1596
f 412 1602 1599
f 413 1596 1602
f 1599 1602 1596
f 32 1604 1606
f 414 1605 1604
f 416 1606 1605
f 1604 1605 1606
f 111 1607 1609
f 415 1608 1607
f 414 1609 1608
f 1607 1608 1609
f 110 1610 1612
f 416 1611 1610
f 415 1612 1611
f 1610 1611 1612
f 414 1608 1605
f 415 1611 1608
f 416 1605 1611
f 1608 1611 1605
f 31 1613 1615
f 417 1614 1613
f 419 1615 1614
f 1613 1614 1615
f 112 1616 1618
f 418 1617 1616
f 417 1618 1617
f 1616 1617 1618
f 111 1619 1621
f 419 1620 1619
f 418 1621 1620
f 1619 1620 1621
f 417 1617 1614
f 418 1620 1617
f 419 1614 1620
f 1617 1620 1614
f 110 1612 1598
f 415 1622 1612
f 412 1598 1622
f 1612 1622 1598
f 111 1621 1607
f 418 1623 1621
f 415 1607 1623
f 1621 1623 1607
f 112 1603 1616
f 412 1624 1603
f 418 1616 1624
f 1603 1624 1616
f 415 1623 1622
f 418 1624 1623
f 412 1622 1624
f 1623 1624 1622
f 18 1586 1550
f 410 1625 1586
f 399 1550 1625
f 1586 1625 1550
f 109 1626 1589
f 420 1627 1626
f 410 1589 1627
f 1626 1627 1589
f 106 1554 1629
f 399 1628 1554
f 420 1629 1628
f 1554 1628 1629
f 410 1627 1625
f 420 1628 1627
f 399 1625 1628
f 1627 1628 1625
f 31 1615 1576
f 419 1630 1615
f 406 1576 1630
f 1615 1630 1576
f 111 1631 1619
f 421 1632 1631
f 419 1619 1632
f 1631 1632 1619
f 109 1581 1634
f 406 1633 1581
f 421 1634 1633
f 1581 1633 1634
f 419 1632 1630
f 421 1633 1632
f 406 1630 1633
f 1632 1633 1630
f 32 1559 1604
f 403 1635 1559
f 414 1604 1635
f 1559 1635 1604
f 106 1636 1563
f 422 1637 1636
f 403 1563 1637
f 1636 1637 1563
f 111 1609 1639
f 414 1638 1609
f 422 1639 1638
f 1609 1638 1639
f 403 1637 1635
f 422 1638 1637
f 414 1635 1638
f 1637 1638 1635
f 109 1634 1626
f 421 1640 1634
f 420 1626 1640
f 1634 1640 1626
f 111 1639 1631
f 422 1641 1639
f 421 1631 1641
f 1639 1641 1631
f 106 1629 1636
f 420 1642 1629
f 422 1636 1642
f 1629 1642 1636
f 421 1641 1640
f 422 1642 1641
f 420 1640 1642
f 1641 1642 1640
f 4 1643 1645
f 423 1644 1643
f 425 1645 1644
f 1643 1644 1645
f 113 1646 1648
f 424 1647 1646
f 423 1648 1647
f 1646 1647 1648
f 115 1649 1651
f 425 1650 1649
f 424 1651 1650
f 1649 1650 1651
f 423 1647 1644
f 424 1650 1647
f 425 1644 1650
f 1647 1650 1644
f 33 1652 1654
f 426 1653 1652
f 428 1654 1653
f 1652 1653 1654
f 114 1655 1657
f 427 1656 1655
f 426 1657 1656
f 1655 1656 1657
f 113 1658 1660
f 428 1659 1658
f 427 1660 1659
f 1658 1659 1660
f 426 1656 1653
f 427 1659 1656
f 428 1653 1659
f 1656 1659 1653
f 35 1661 1663
f 429 1662 1661
f 431 1663 1662
f 1661 1662 1663
f 115 1664 1666
f 430 1665 1664
f 429 1666 1665
f 1664 1665 1666
f 114 1667 1669
f 431 1668 1667
f 430 1669 1668
f 1667 1668 1669
f 429 1665 1662
f 430 1668 1665
f 431 1662 1668
f 1665 1668 1662
f 113 1660 1646
f 427 1670 1660
f 424 1646 1670
f 1660 1670 1646
f 114 1669 1655
f 430 1671 1669
f 427 1655 1671
f 1669 1671 1655
f 115 1651 1664
f 424 1672 1651
f 430 1664 1672
f 1651 1672 1664
f 427 1671 1670
f 430 1672 1671
f 424 1670 1672
f 1671 1672 1670
f 10 1673 1675
f 432 1674 1673
f 434 1675 1674
f 1673 1674 1675
f 116 1676 1678
f 433 1677 1676
f 432 1678 1677
f 1676 1677 1678
f 118 1679 1681
f 434 1680 1679
f 433 1681 1680
f 1679 1680 1681
f 432 1677 1674
f 433 1680 1677
f 434 1674 1680
f 1677 1680 1674
f 34 1682 1684
f 435 1683 1682
f 437 1684 1683
f 1682 1683 1684
f 117 1685 1687
f 436 1686 1685
f 435 1687 1686
f 1685 1686 1687
f 116 1688 1690
f 437 1689 1688
f 436 1690 1689
f 1688 1689 1690
f 435 1686 1683
f 436 1689 1686
f 437 1683 1689
f 1686 1689 1683
f 33 1691 1693
f 438 1692 1691
f 440 1693 1692
f 1691 1692 1693
f 118 1694 1696
f 439 1695 1694
f 438 1696 1695
f 1694 1695 1696
f 117 1697 1699
f 440 1698 1697
f 439 1699 1698
f 1697 1698 1699
f 438 1695 1692
f 439 1698 1695
f 440 1692 1698
f 1695 1698 1692
f 116 1690 1676
f 436 1700 1690
f 433 1676 1700
f 1690 1700 1676
f 117 1699 1685
f 439 1701 1699
f 436 1685 1701
f 1699 1701 1685
f 118 1681 1694
f 433 1702 1681
f 439 1694 1702
f 1681 1702 1694
f 436 1701 1700
f 439 1702 1701
f 433 1700 1702
f 1701 1702 1700
f 5 1703 1705
f 441 1704 1703
f 443 1705 1704
f 1703 1704 1705
f 119 1706 1708
f 442 1707 1706
f 441 1708 1707
f 1706 1707 1708
f 121 1709 1711
f 443 1710 1709
f 442 1711 1710
f 1709 1710 1711
f 441 1707 1704
f 442 1710 1707
f 443 1704 1710
f 1707 1710 1704
f 35 1712 1714
f 444 1713 1712
f 446 1714 1713
f 1712 1713 1714
f 120 1715 1717
f 445 1716 1715
f 444 1717 1716
f 1715 1716 1717
f 119 1718 1720
f 446 1719 1718
f 445 1720 1719
f 1718 1719 1720
f 444 1716 1713
f 445 1719 1716
f 446 1713 1719
f 1716 1719 1713
f 34 1721 1723
f 447 1722 1721
f 449 1723 1722
f 1721 1722 1723
f 121 1724 1726
f 448 1725 1724
f 447 1726 1725
f 1724 1725 1726
f 120 1727 1729
f 449 1728 1727
f 448 1729 1728
f 1727 1728 1729
f 447 1725 1722
f 448 1728 1725
f 449 1722 1728
f 1725 1728 1722
f 119 1720 1706
f 445 1730 1720
f 442 1706 1730
f 1720 1730 1706
f 120 1729 1715
f 448 1731 1729
f 445 1715 1731
f 1729 1731 1715
f 121 1711 1724
f 442 1732 1711
f 448 1724 1732
f 1711 1732 1724
f 445 1731 1730
f 448 1732 1731
f 442 1730 1732
f 1731 1732 1730
f 33 1693 1652
f 440 1733 1693
f 426 1652 1733
f 1693 1733 1652
f 117 1734 1697
f 450 1735 1734
f 440 1697 1735
f 1734 1735 1697
f 114 1657 1737
f 426 1736 1657
f 450 1737 1736
f 1657 1736 1737
f 440 1735 1733
f 450 1736 1735
f 426 1733 1736
f 1735 1736 1733
f 34 1723 1682
f 449 1738 1723
f 435 1682 1738
f 1723 1738 1682
f 120 1739 1727
f 451 1740 1739
f 449 1727 1740
f 1739 1740 1727
f 117 1687 1742
f 435 1741 1687
f 451 1742 1741
f 1687 1741 1742
f 449 1740 1738
f 451 1741 1740
f 435 1738 1741
f 1740 1741 1738
f 35 1663 1712
f 431 1743 1663
f 444 1712 1743
f 1663 1743 1712
f 114 1744 1667
f 452 1745 1744
f 431 1667 1745
f 1744 1745 1667
f 120 1717 1747
f 444 1746 1717
f 452 1747 1746
f 1717 1746 1747
f 431 1745 1743
f 452 1746 1745
f 444 1743 1746
f 1745 1746 1743
f 117 1742 1734
f 451 1748 1742
f 450 1734 1748
f 1742 1748 1734
f 120 1747 1739
f 452 1749 1747
f 451 1739 1749
f 1747 1749 1739
f 114 1737 1744
f 450 1750 1737
f 452 1744 1750
f 1737 1750 1744
f 451 1749 1748
f 452 1750 1749
f 450 1748 1750
f 1749 1750 1748
f 4 1645 1752
f 425 1751 1645
f 454 1752 1751
f 1645 1751 1752
f 115 1753 1649
f 453 1754 1753
f 425 1649 1754
f 1753 1754 1649
f 123 1755 1757
f 454 1756 1755
f 453 1757 1756
f 1755 1756 1757
f 425 1754 1751
f 453 1756 1754
f 454 1751 1756
f 1754 1756 1751
f 35 1758 1661
f 455 1759 1758
f 429 1661 1759
f 1758 1759 1661
f 122 1760 1762
f 456 1761 1760
f 455 1762 1761
f 1760 1761 1762
f 115 1666 1764
f 429 1763 1666
f 456 1764 1763
f 1666 1763 1764
f 455 1761 1759
f 456 1763 1761
f 429 1759 1763
f 1761 1763 1759
f 37 1765 1767
f 457 1766 1765
f 459 1767 1766
f 1765 1766 1767
f 123 1768 1770
f 458 1769 1768
f 457 1770 1769
f 1768 1769 1770
f 122 1771 1773
f 459 1772 1771
f 458 1773 1772
f 1771 1772 1773
f 457 1769 1766
f 458 1772 1769
f 459 1766 1772
f 1769 1772 1766
f 115 1764 1753
f 456 1774 1764
f 453 1753 1774
f 1764 1774 1753
f 122 1773 1760
f 458 1775 1773
f 456 1760 1775
f 1773 1775 1760
f 123 1757 1768
f 453 1776 1757
f 458 1768 1776
f 1757 1776 1768
f 456 1775 1774
f 458 1776 1775
f 453 1774 1776
f 1775 1776 1774
f 5 1777 1703
f 460 1778 1777
f 441 1703 1778
f 1777 1778 1703
f 124 1779 1781
f 461 1780 1779
f 460 1781 1780
f 1779 1780 1781
f 119 1708 1783
f 441 1782 1708
f 461 1783 1782
f 1708 1782 1783
f 460 1780 1778
f 461 1782 1780
f 441 1778 1782
f 1780 1782 1778
f 36 1784 1786
f 462 1785 1784
f 464 1786 1785
f 1784 1785 1786
f 125 1787 1789
f 463 1788 1787
f 462 1789 1788
f 1787 1788 1789
f 124 1790 1792
f 464 1791 1790
f 463 1792 1791
f 1790 1791 1792
f 462 1788 1785
f 463 1791 1788
f 464 1785 1791
f 1788 1791 1785
f 35 1714 1794
f 446 1793 1714
f 466 1794 1793
f 1714 1793 1794
f 119 1795 1718
f 465 1796 1795
f 446 1718 1796
f 1795 1796 1718
f 125 1797 1799
f 466 1798 1797
f 465 1799 1798
f 1797 1798 1799
f 446 1796 1793
f 465 1798 1796
f 466 1793 1798
f 1796 1798 1793
f 124 1792 1779
f 463 1800 1792
f 461 1779 1800
f 1792 1800 1779
f 125 1799 1787
f 465 1801 1799
f 463 1787 1801
f 1799 1801 1787
f 119 1783 1795
f 461 1802 1783
f 465 1795 1802
f 1783 1802 1795
f 463 1801 1800
f 465 1802 1801
f 461 1800 1802
f 1801 1802 1800
f 3 1803 1805
f 467 1804 1803
f 469 1805 1804
f 1803 1804 1805
f 126 1806 1808
f 468 1807 1806
f 467 1808 1807
f 1806 1807 1808
f 128 1809 1811
f 469 1810 1809
f 468 1811 1810
f 1809 1810 1811
f 467 1807 1804
f 468 1810 1807
f 469 1804 1810
f 1807 1810 1804
f 37 1812 1814
f 470 1813 1812
f 472 1814 1813
f 1812 1813 1814
f 127 1815 1817
f 471 1816 1815
f 470 1817 1816
f 1815 1816 1817
f 126 1818 1820
f 472 1819 1818
f 471 1820 1819
f 1818 1819 1820
f 470 1816 1813
f 471 1819 1816
f 472 1813 1819
f 1816 1819 1813
f 36 1821 1823
f 473 1822 1821
f 475 1823 1822
f 1821 1822 1823
f 128 1824 1826
f 474 1825 1824
f 473 1826 1825
f 1824 1825 1826
f 127 1827 1829
f 475 1828 1827
f 474 1829 1828
f 1827 1828 1829
f 473 1825 1822
f 474 1828 1825
f 475 1822 1828
f 1825 1828 1822
f 126 1820 1806
f 471 1830 1820
f 468 1806 1830
f 1820 1830 1806
f 127 1829 1815
f 474 1831 1829
f 471 1815 1831
f 1829 1831 1815
f 128 1811 1824
f 468 1832 1811
f 474 1824 1832
f 1811 1832 1824
f 471 1831 1830
f 474 1832 1831
f 468 1830 1832
f 1831 1832 1830
f 35 1794 1758
f 466 1833 1794
f 455 1758 1833
f 1794 1833 1758
f 125 1834 1797
f 476 1835 1834
f 466 1797 1835
f 1834 1835 1797
f 122 1762 1837
f 455 1836 1762
f 476 1837 1836
f 1762 1836 1837
f 466 1835 1833
f 476 1836 1835
f 455 1833 1836
f 1835 1836 1833
f 36 1823 1784
f 475 1838 1823
f 462 1784 1838
f 1823 1838 1784
f 127 1839 1827
f 477 1840 1839
f 475 1827 1840
f 1839 1840 1827
f 125 1789 1842
f 462 1841 1789
f 477 1842 1841
f 1789 1841 1842
f 475 1840 1838
f 477 1841 1840
f 462 1838 1841
f 1840 1841 1838
f 37 1767 1812
f 459 1843 1767
f 470 1812 1843
f 1767 1843 1812
f 122 1844 1771
f 478 1845 1844
f 459 1771 1845
f 1844 1845 1771
f 127 1817 1847
f 470 1846 1817
f 478 1847 1846
f 1817 1846 1847
f 459 1845 1843
f 478 1846 1845
f 470 1843 1846
f 1845 1846 1843
f 125 1842 1834
f 477 1848 1842
f 476 1834 1848
f 1842 1848 1834
f 127 1847 1839
f 478 1849 1847
f 477 1839 1849
f 1847 1849 1839
f 122 1837 1844
f 476 1850 1837
f 478 1844 1850
f 1837 1850 1844
f 477 1849 1848
f 478 1850 1849
f 476 1848 1850
f 1849 1850 1848
f 4 1752 1852
f 454 1851 1752
f 480 1852 1851
f 1752 1851 1852
f 123 1853 1755
f 479 1854 1853
f 454 1755 1854
f 1853 1854 1755
f 130 1855 1857
f 480 1856 1855
f 479 1857 1856
f 1855 1856 1857
f 454 1854 1851
f 479 1856 1854
f 480 1851 1856
f 1854 1856 1851
f 37 1858 1765
f 481 1859 1858
f 457 1765 1859
f 1858 1859 1765
f 129 1860 1862
f 482 1861 1860
f 481 1862 1861
f 1860 1861 1862
f 123 1770 1864
f 457 1863 1770
f 482 1864 1863
f 1770 1863 1864
f 481 1861 1859
f 482 1863 1861
f 457 1859 1863
f 1861 1863 1859
f 39 1865 1867
f 483 1866 1865
f 485 1867 1866
f 1865 1866 1867
f 130 1868 1870
f 484 1869 1868
f 483 1870 1869
f 1868 1869 1870
f 129 1871 1873
f 485 1872 1871
f 484 1873 1872
f 1871 1872 1873
f 483 1869 1866
f 484 1872 1869
f 485 1866 1872
f 1869 1872 1866
f 123 1864 1853
f 482 1874 1864
f 479 1853 1874
f 1864 1874 1853
f 129 1873 1860
f 484 1875 1873
f 482 1860 1875
f 1873 1875 1860
f 130 1857 1868
f 479 1876 1857
f 484 1868 1876
f 1857 1876 1868
f 482 1875 1874
f 484 1876 1875
f 479 1874 1876
f 1875 1876 1874
f 3 1877 1803
f 486 1878 1877
f 467 1803 1878
f 1877 1878 1803
f 131 1879 1881
f 487 1880 1879
f 486 1881 1880
f 1879 1880 1881
f 126 1808 1883
f 467 1882 1808
f 487 1883 1882
f 1808 1882 1883
f 486 1880 1878
f 487 1882 1880
f 467 1878 1882
f 1880 1882 1878
f 38 1884 1886
f 488 1885 1884
f 490 1886 1885
f 1884 1885 1886
f 132 1887 1889
f 489 1888 1887
f 488 1889 1888
f 1887 1888 1889
f 131 1890 1892
f 490 1891 1890
f 489 1892 1891
f 1890 1891 1892
f 488 1888 1885
f 489 1891 1888
f 490 1885 1891
f 1888 1891 1885
f 37 1814 1894
f 472 1893 1814
f 492 1894 1893
f 1814 1893 1894
f 126 1895 1818
f 491 1896 1895
f 472 1818 1896
f 1895 1896 1818
f 132 1897 1899
f 492 1898 1897
f 491 1899 1898
f 1897 1898 1899
f 472 1896 1893
f 491 1898 1896
f 492 1893 1898
f 1896 1898 1893
f 131 1892 1879
f 489 1900 1892
f 487 1879 1900
f 1892 1900 1879
f 132 1899 1887
f 491 1901 1899
f 489 1887 1901
f 1899 1901 1887
f 126 1883 1895
f 487 1902 1883
f 491 1895 1902
f 1883 1902 1895
f 489 1901 1900
f 491 1902 1901
f 487 1900 1902
f 1901 1902 1900
f 7 1903 1905
f 493 1904 1903
f 495 1905 1904
f 1903 1904 1905
f 133 1906 1908
f 494 1907 1906
f 493 1908 1907
f 1906 1907 1908
f 135 1909 1911
f 495 1910 1909
f 494 1911 1910
f 1909 1910 1911
f 493 1907 1904
f 494 1910 1907
f 495 1904 1910
f 1907 1910 1904
f 39 1912 1914
f 496 1913 1912
f 498 1914 1913
f 1912 1913 1914
f 134 1915 1917
f 497 1916 1915
f 496 1917 1916
f 1915 1916 1917
f 133 1918 1920
f 498 1919 1918
f 497 1920 1919
f 1918 1919 1920
f 496 1916 1913
f 497 1919 1916
f 498 1913 1919
f 1916 1919 1913
f 38 1921 1923
f 499 1922 1921
f 501 1923 1922
f 1921 1922 1923
f 135 1924 1926
f 500 1925 1924
f 499 1926 1925
f 1924 1925 1926
f 134 1927 1929
f 501 1928 1927
f 500 1929 1928
f 1927 1928 1929
f 499 1925 1922
f 500 1928 1925
f 501 1922 1928
f 1925 1928 1922
f 133 1920 1906
f 497 1930 1920
f 494 1906 1930
f 1920 1930 1906
f 134 1929 1915
f 500 1931 1929
f 497 1915 1931
f 1929 1931 1915
f 135 1911 1924
f 494 1932 1911
f 500 1924 1932
f 1911 1932 1924
f 497 1931 1930
f 500 1932 1931
f 494 1930 1932
f 1931 1932 1930
f 37 1894 1858
f 492 1933 1894
f 481 1858 1933
f 1894 1933 1858
f 132 1934 1897
f 502 1935 1934
f 492 1897 1935
f 1934 1935 1897
f 129 1862 1937
f 481 1936 1862
f 502 1937 1936
f 1862 1936 1937
f 492 1935 1933
f 502 1936 1935
f 481 1933 1936
f 1935 1936 1933
f 38 1923 1884
f 501 1938 1923
f 488 1884 1938
f 1923 1938 1884
f 134 1939 1927
f 503 1940 1939
f 501 1927 1940
f 1939 1940 1927
f 132 1889 1942
f 488 1941 1889
f 503 1942 1941
f 1889 1941 1942
f 501 1940 1938
f 503 1941 1940
f 488 1938 1941
f 1940 1941 1938
f 39 1867 1912
f 485 1943 1867
f 496 1912 1943
f 1867 1943 1912
f 129 1944 1871
f 504 1945 1944
f 485 1871 1945
f 1944 1945 1871
f 134 1917 1947
f 496 1946 1917
f 504 1947 1946
f 1917 1946 1947
f 485 1945 1943
f 504 1946 1945
f 496 1943 1946
f 1945 1946 1943
f 132 1942 1934
f 503 1948 1942
f 502 1934 1948
f 1942 1948 1934
f 134 1947 1939
f 504 1949 1947
f 503 1939 1949
f 1947 1949 1939
f 129 1937 1944
f 502 1950 1937
f 504 1944 1950
f 1937 1950 1944
f 503 1949 1948
f 504 1950 1949
f 502 1948 1950
f 1949 1950 1948
f 4 1852 1952
f 480 1951 1852
f 506 1952 1951
f 1852 1951 1952
f 130 1953 1855
f 505 1954 1953
f 480 1855 1954
f 1953 1954 1855
f 137 1955 1957
f 506 1956 1955
f 505 1957 1956
f 1955 1956 1957
f 480 1954 1951
f 505 1956 1954
f 506 1951 1956
f 1954 1956 1951
f 39 1958 1865
f 507 1959 1958
f 483 1865 1959
f 1958 1959 1865
f 136 1960 1962
f 508 1961 1960
f 507 1962 1961
f 1960 1961 1962
f 130 1870 1964
f 483 1963 1870
f 508 1964 1963
f 1870 1963 1964
f 507 1961 1959
f 508 1963 1961
f 483 1959 1963
f 1961 1963 1959
f 41 1965 1967
f 509 1966 1965
f 511 1967 1966
f 1965 1966 1967
f 137 1968 1970
f 510 1969 1968
f 509 1970 1969
f 1968 1969 1970
f 136 1971 1973
f 511 1972 1971
f 510 1973 1972
f 1971 1972 1973
f 509 1969 1966
f 510 1972 1969
f 511 1966 1972
f 1969 1972 1966
f 130 1964 1953
f 508 1974 1964
f 505 1953 1974
f 1964 1974 1953
f 136 1973 1960
f 510 1975 1973
f 508 1960 1975
f 1973 1975 1960
f 137 1957 1968
f 505 1976 1957
f 510 1968 1976
f 1957 1976 1968
f 508 1975 1974
f 510 1976 1975
f 505 1974 1976
f 1975 1976 1974
f 7 1977 1903
f 512 1978 1977
f 493 1903 1978
f 1977 1978 1903
f 138 1979 1981
f 513 1980 1979
f 512 1981 1980
f 1979 1980 1981
f 133 1908 1983
f 493 1982 1908
f 513 1983 1982
f 1908 1982 1983
f 512 1980 1978
f 513 1982 1980
f 493 1978 1982
f 1980 1982 1978
f 40 1984 1986
f 514 1985 1984
f 516 1986 1985
f 1984 1985 1986
f 139 1987 1989
f 515 1988 1987
f 514 1989 1988
f 1987 1988 1989
f 138 1990 1992
f 516 1991 1990
f 515 1992 1991
f 1990 1991 1992
f 514 1988 1985
f 515 1991 1988
f 516 1985 1991
f 1988 1991 1985
f 39 1914 1994
f 498 1993 1914
f 518 1994 1993
f 1914 1993 1994
f 133 1995 1918
f 517 1996 1995
f 498 1918 1996
f 1995 1996 1918
f 139 1997 1999
f 518 1998 1997
f 517 1999 1998
f 1997 1998 1999
f 498 1996 1993
f 517 1998 1996
f 518 1993 1998
f 1996 1998 1993
f 138 1992 1979
f 515 2000 1992
f 513 1979 2000
f 1992 2000 1979
f 139 1999 1987
f 517 2001 1999
f 515 1987 2001
f 1999 2001 1987
f 133 1983 1995
f 513 2002 1983
f 517 1995 2002
f 1983 2002 1995
f 515 2001 2000
f 517 2002 2001
f 513 2000 2002
f 2001 2002 2000
f 9 2003 2005
f 519 2004 2003
f 521 2005 2004
f 2003 2004 2005
f 140 2006 2008
f 520 2007 2006
f 519 2008 2007
f 2006 2007 2008
f 142 2009 2011
f 521 2010 2009
f 520 2011 2010
f 2009 2010 2011
f 519 2007 2004
f 520 2010 2007
f 521 2004 2010
f 2007 2010 2004
f 41 2012 2014
f 522 2013 2012
f 524 2014 2013
f 2012 2013 2014
f 141 2015 2017
f 523 2016 2015
f 522 2017 2016
f 2015 2016 2017
f 140 2018 2020
f 524 2019 2018
f 523 2020 2019
f 2018 2019 2020
f 522 2016 2013
f 523 2019 2016
f 524 2013 2019
f 2016 2019 2013
f 40 2021 2023
f 525 2022 2021
f 527 2023 2022
f 2021 2022 2023
f 142 2024 2026
f 526 2025 2024
f 525 2026 2025
f 2024 2025 2026
f 141 2027 2029
f 527 2028 2027
f 526 2029 2028
f 2027 2028 2029
f 525 2025 2022
f 526 2028 2025
f 527 2022 2028
f 2025 2028 2022
f 140 2020 2006
f 523 2030 2020
f 520 2006 2030
f 2020 2030 2006
f 141 2029 2015
f 526 2031 2029
f 523 2015 2031
f 2029 2031 2015
f 142 2011 2024
f 520 2032 2011
f 526 2024 2032
f 2011 2032 2024
f 523 2031 2030
f 526 2032 2031
f 520 2030 2032
f 2031 2032 2030
f 39 1994 1958
f 518 2033 1994
f 507 1958 2033
f 1994 2033 1958
f 139 2034 1997
f 528 2035 2034
f 518 1997 2035
f 2034 2035 1997
f 136 1962 2037
f 507 2036 1962
f 528 2037 2036
f 1962 2036 2037
f 518 2035 2033
f 528 2036 2035
f 507 2033 2036
f 2035 2036 2033
f 40 2023 1984
f 527 2038 2023
f 514 1984 2038
f 2023 2038 1984
f 141 2039 2027
f 529 2040 2039
f 527 2027 2040
f 2039 2040 2027
f 139 1989 2042
f 514 2041 1989
f 529 2042 2041
f 1989 2041 2042
f 527 2040 2038
f 529 2041 2040
f 514 2038 2041
f 2040 2041 2038
f 41 1967 2012
f 511 2043 1967
f 522 2012 2043
f 1967 2043 2012
f 136 2044 1971
f 530 2045 2044
f 511 1971 2045
f 2044 2045 1971
f 141 2017 2047
f 522 2046 2017
f 530 2047 2046
f 2017 2046 2047
f 511 2045 2043
f 530 2046 2045
f 522 2043 2046
f 2045 2046 2043
f 139 2042 2034
f 529 2048 2042
f 528 2034 2048
f 2042 2048 2034
f 141 2047 2039
f 530 2049 2047
f 529 2039 2049
f 2047 2049 2039
f 136 2037 2044
f 528 2050 2037
f 530 2044 2050
f 2037 2050 2044
f 529 2049 2048
f 530 2050 2049
f 528 2048 2050
f 2049 2050 2048
f 4 1952 1643
f 506 2051 1952
f 423 1643 2051
f 1952 2051 1643
f 137 2052 1955
f 531 2053 2052
f 506 1955 2053
f 2052 2053 1955
f 113 1648 2055
f 423 2054 1648
f 531 2055 2054
f 1648 2054 2055
f 506 2053 2051
f 531 2054 2053
f 423 2051 2054
f 2053 2054 2051
f 41 2056 1965
f 532 2057 2056
f 509 1965 2057
f 2056 2057 1965
f 143 2058 2060
f 533 2059 2058
f 532 2060 2059
f 2058 2059 2060
f 137 1970 2062
f 509 2061 1970
f 533 2062 2061
f 1970 2061 2062
f 532 2059 2057
f 533 2061 2059
f 509 2057 2061
f 2059 2061 2057
f 33 1654 2064
f 428 2063 1654
f 535 2064 2063
f 1654 2063 2064
f 113 2065 1658
f 534 2066 2065
f 428 1658 2066
f 2065 2066 1658
f 143 2067 2069
f 535 2068 2067
f 534 2069 2068
f 2067 2068 2069
f 428 2066 2063
f 534 2068 2066
f 535 2063 2068
f 2066 2068 2063
f 137 2062 2052
f 533 2070 2062
f 531 2052 2070
f 2062 2070 2052
f 143 2069 2058
f 534 2071 2069
f 533 2058 2071
f 2069 2071 2058
f 113 2055 2065
f 531 2072 2055
f 534 2065 2072
f 2055 2072 2065
f 533 2071 2070
f 534 2072 2071
f 531 2070 2072
f 2071 2072 2070
f 9 2073 2003
f 536 2074 2073
f 519 2003 2074
f 2073 2074 2003
f 144 2075 2077
f 537 2076 2075
f 536 2077 2076
f 2075 2076 2077
f 140 2008 2079
f 519 2078 2008
f 537 2079 2078
f 2008 2078 2079
f 536 2076 2074
f 537 2078 2076
f 519 2074 2078
f 2076 2078 2074
f 42 2080 2082
f 538 2081 2080
f 540 2082 2081
f 2080 2081 2082
f 145 2083 2085
f 539 2084 2083
f 538 2085 2084
f 2083 2084 2085
f 144 2086 2088
f 540 2087 2086
f 539 2088 2087
f 2086 2087 2088
f 538 2084 2081
f 539 2087 2084
f 540 2081 2087
f 2084 2087 2081
f 41 2014 2090
f 524 2089 2014
f 542 2090 2089
f 2014 2089 2090
f 140 2091 2018
f 541 2092 2091
f 524 2018 2092
f 2091 2092 2018
f 145 2093 2095
f 542 2094 2093
f 541 2095 2094
f 2093 2094 2095
f 524 2092 2089
f 541 2094 2092
f 542 2089 2094
f 2092 2094 2089
f 144 2088 2075
f 539 2096 2088
f 537 2075 2096
f 2088 2096 2075
f 145 2095 2083
f 541 2097 2095
f 539 2083 2097
f 2095 2097 2083
f 140 2079 2091
f 537 2098 2079
f 541 2091 2098
f 2079 2098 2091
f 539 2097 2096
f 541 2098 2097
f 537 2096 2098
f 2097 2098 2096
f 10 1675 2100
f 434 2099 1675
f 544 2100 2099
f 1675 2099 2100
f 118 2101 1679
f 543 2102 2101
f 434 1679 2102
f 2101 2102 1679
f 147 2103 2105
f 544 2104 2103
f 543 2105 2104
f 2103 2104 2105
f 434 2102 2099
f 543 2104 2102
f 544 2099 2104
f 2102 2104 2099
f 33 2106 1691
f 545 2107 2106
f 438 1691 2107
f 2106 2107 1691
f 146 2108 2110
f 546 2109 2108
f 545 2110 2109
f 2108 2109 2110
f 118 1696 2112
f 438 2111 1696
f 546 2112 2111
f 1696 2111 2112
f 545 2109 2107
f 546 2111 2109
f 438 2107 2111
f 2109 2111 2107
f 42 2113 2115
f 547 2114 2113
f 549 2115 2114
f 2113 2114 2115
f 147 2116 2118
f 548 2117 2116
f 547 2118 2117
f 2116 2117 2118
f 146 2119 2121
f 549 2120 2119
f 548 2121 2120
f 2119 2120 2121
f 547 2117 2114
f 548 2120 2117
f 549 2114 2120
f 2117 2120 2114
f 118 2112 2101
f 546 2122 2112
f 543 2101 2122
f 2112 2122 2101
f 146 2121 2108
f 548 2123 2121
f 546 2108 2123
f 2121 2123 2108
f 147 2105 2116
f 543 2124 2105
f 548 2116 2124
f 2105 2124 2116
f 546 2123 2122
f 548 2124 2123
f 543 2122 2124
f 2123 2124 2122
f 41 2090 2056
f 542 2125 2090
f 532 2056 2125
f 2090 2125 2056
f 145 2126 2093
f 550 2127 2126
f 542 2093 2127
f 2126 2127 2093
f 143 2060 2129
f 532 2128 2060
f 550 2129 2128
f 2060 2128 2129
f 542 2127 2125
f 550 2128 2127
f 532 2125 2128
f 2127 2128 2125
f 42 2115 2080
f 549 2130 2115
f 538 2080 2130
f 2115 2130 2080
f 146 2131 2119
f 551 2132 2131
f 549 2119 2132
f 2131 2132 2119
f 145 2085 2134
f 538 2133 2085
f 551 2134 2133
f 2085 2133 2134
f 549 2132 2130
f 551 2133 2132
f 538 2130 2133
f 2132 2133 2130
f 33 2064 2106
f 535 2135 2064
f 545 2106 2135
f 2064 2135 2106
f 143 2136 2067
f 552 2137 2136
f 535 2067 2137
f 2136 2137 2067
f 146 2110 2139
f 545 2138 2110
f 552 2139 2138
f 2110 2138 2139
f 535 2137 2135
f 552 2138 2137
f 545 2135 2138
f 2137 2138 2135
f 145 2134 2126
f 551 2140 2134
f 550 2126 2140
f 2134 2140 2126
f 146 2139 2131
f 552 2141 2139
f 551 2131 2141
f 2139 2141 2131
f 143 2129 2136
f 550 2142 2129
f 552 2136 2142
f 2129 2142 2136
f 551 2141 2140
f 552 2142 2141
f 550 2140 2142
f 2141 2142 2140
f 5 1705 1295
f 443 2143 1705
f 333 1295 2143
f 1705 2143 1295
f 121 2144 1709
f 553 2145 2144
f 443 1709 2145
f 2144 2145 1709
f 89 1300 2147
f 333 2146 1300
f 553 2147 2146
f 1300 2146 2147
f 443 2145 2143
f 553 2146 2145
f 333 2143 2146
f 2145 2146 2143
f 34 2148 1721
f 554 2149 2148
f 447 1721 2149
f 2148 2149 1721
f 148 2150 2152
f 555 2151 2150
f 554 2152 2151
f 2150 2151 2152
f 121 1726 2154
f 447 2153 1726
f 555 2154 2153
f 1726 2153 2154
f 554 2151 2149
f 555 2153 2151
f 447 2149 2153
f 2151 2153 2149
f 26 1306 2156
f 338 2155 1306
f 557 2156 2155
f 1306 2155 2156
f 89 2157 1310
f 556 2158 2157
f 338 1310 2158
f 2157 2158 1310
f 148 2159 2161
f 557 2160 2159
f 556 2161 2160
f 2159 2160 2161
f 338 2158 2155
f 556 2160 2158
f 557 2155 2160
f 2158 2160 2155
f 121 2154 2144
f 555 2162 2154
f 553 2144 2162
f 2154 2162 2144
f 148 2161 2150
f 556 2163 2161
f 555 2150 2163
f 2161 2163 2150
f 89 2147 2157
f 553 2164 2147
f 556 2157 2164
f 2147 2164 2157
f 555 2163 2162
f 556 2164 2163
f 553 2162 2164
f 2163 2164 2162
f 10 1197 1673
f 309 2165 1197
f 432 1673 2165
f 1197 2165 1673
f 84 2166 1201
f 558 2167 2166
f 309 1201 2167
f 2166 2167 1201
f 116 1678 2169
f 432 2168 1678
f 558 2169 2168
f 1678 2168 2169
f 309 2167 2165
f 558 2168 2167
f 432 2165 2168
f 2167 2168 2165
f 23 2170 1213
f 559 2171 2170
f 313 1213 2171
f 2170 2171 1213
f 149 2172 2174
f 560 2173 2172
f 559 2174 2173
f 2172 2173 2174
f 84 1218 2176
f 313 2175 1218
f 560 2176 2175
f 1218 2175 2176
f 559 2173 2171
f 560 2175 2173
f 313 2171 2175
f 2173 2175 2171
f 34 1684 2178
f 437 2177 1684
f 562 2178 2177
f 1684 2177 2178
f 116 2179 1688
f 561 2180 2179
f 437 1688 2180
f 2179 2180 1688
f 149 2181 2183
f 562 2182 2181
f 561 2183 2182
f 2181 2182 2183
f 437 2180 2177
f 561 2182 2180
f 562 2177 2182
f 2180 2182 2177
f 84 2176 2166
f 560 2184 2176
f 558 2166 2184
f 2176 2184 2166
f 149 2183 2172
f 561 2185 2183
f 560 2172 2185
f 2183 2185 2172
f 116 2169 2179
f 558 2186 2169
f 561 2179 2186
f 2169 2186 2179
f 560 2185 2184
f 561 2186 2185
f 558 2184 2186
f 2185 2186 2184
f 6 1244 1169
f 320 2187 1244
f 300 1169 2187
f 1244 2187 1169
f 86 2188 1247
f 563 2189 2188
f 320 1247 2189
f 2188 2189 1247
f 80 1173 2191
f 300 2190 1173
f 563 2191 2190
f 1173 2190 2191
f 320 2189 2187
f 563 2190 2189
f 300 2187 2190
f 2189 2190 2187
f 26 2192 1257
f 564 2193 2192
f 323 1257 2193
f 2192 2193 1257
f 150 2194 2196
f 565 2195 2194
f 564 2196 2195
f 2194 2195 2196
f 86 1262 2198
f 323 2197 1262
f 565 2198 2197
f 1262 2197 2198
f 564 2195 2193
f 565 2197 2195
f 323 2193 2197
f 2195 2197 2193
f 23 1178 2200
f 304 2199 1178
f 567 2200 2199
f 1178 2199 2200
f 80 2201 1182
f 566 2202 2201
f 304 1182 2202
f 2201 2202 1182
f 150 2203 2205
f 567 2204 2203
f 566 2205 2204
f 2203 2204 2205
f 304 2202 2199
f 566 2204 2202
f 567 2199 2204
f 2202 2204 2199
f 86 2198 2188
f 565 2206 2198
f 563 2188 2206
f 2198 2206 2188
f 150 2205 2194
f 566 2207 2205
f 565 2194 2207
f 2205 2207 2194
f 80 2191 2201
f 563 2208 2191
f 566 2201 2208
f 2191 2208 2201
f 565 2207 2206
f 566 2208 2207
f 563 2206 2208
f 2207 2208 2206
f 34 2178 2148
f 562 2209 2178
f 554 2148 2209
f 2178 2209 2148
f 149 2210 2181
f 568 2211 2210
f 562 2181 2211
f 2210 2211 2181
f 148 2152 2213
f 554 2212 2152
f 568 2213 2212
f 2152 2212 2213
f 562 2211 2209
f 568 2212 2211
f 554 2209 2212
f 2211 2212 2209
f 23 2200 2170
f 567 2214 2200
f 559 2170 2214
f 2200 2214 2170
f 150 2215 2203
f 569 2216 2215
f 567 2203 2216
f 2215 2216 2203
f 149 2174 2218
f 559 2217 2174
f 569 2218 2217
f 2174 2217 2218
f 567 2216 2214
f 569 2217 2216
f 559 2214 2217
f 2216 2217 2214
f 26 2156 2192
f 557 2219 2156
f 564 2192 2219
f 2156 2219 2192
f 148 2220 2159
f 570 2221 2220
f 557 2159 2221
f 2220 2221 2159
f 150 2196 2223
f 564 2222 2196
f 570 2223 2222
f 2196 2222 2223
f 557 2221 2219
f 570 2222 2221
f 564 2219 2222
f 2221 2222 2219
f 149 2218 2210
f 569 2224 2218
f 568 2210 2224
f 2218 2224 2210
f 150 2223 2215
f 570 2225 2223
f 569 2215 2225
f 2223 2225 2215
f 148 2213 2220
f 568 2226 2213
f 570 2220 2226
f 2213 2226 2220
f 569 2225 2224
f 570 2226 2225
f 568 2224 2226
f 2225 2226 2224
f 3 1805 1395
f 469 2227 1805
f 359 1395 2227
f 1805 2227 1395
f 128 2228 1809
f 571 2229 2228
f 469 1809 2229
f 2228 2229 1809
f 96 1400 2231
f 359 2230 1400
f 571 2231 2230
f 1400 2230 2231
f 469 2229 2227
f 571 2230 2229
f 359 2227 2230
f 2229 2230 2227
f 36 2232 1821
f 572 2233 2232
f 473 1821 2233
f 2232 2233 1821
f 151 2234 2236
f 573 2235 2234
f 572 2236 2235
f 2234 2235 2236
f 128 1826 2238
f 473 2237 1826
f 573 2238 2237
f 1826 2237 2238
f 572 2235 2233
f 573 2237 2235
f 473 2233 2237
f 2235 2237 2233
f 28 1406 2240
f 364 2239 1406
f 575 2240 2239
f 1406 2239 2240
f 96 2241 1410
f 574 2242 2241
f 364 1410 2242
f 2241 2242 1410
f 151 2243 2245
f 575 2244 2243
f 574 2245 2244
f 2243 2244 2245
f 364 2242 2239
f 574 2244 2242
f 575 2239 2244
f 2242 2244 2239
f 128 2238 2228
f 573 2246 2238
f 571 2228 2246
f 2238 2246 2228
f 151 2245 2234
f 574 2247 2245
f 573 2234 2247
f 2245 2247 2234
f 96 2231 2241
f 571 2248 2231
f 574 2241 2248
f 2231 2248 2241
f 573 2247 2246
f 574 2248 2247
f 571 2246 2248
f 2247 2248 2246
f 5 1297 1777
f 335 2249 1297
f 460 1777 2249
f 1297 2249 1777
f 91 2250 1301
f 576 2251 2250
f 335 1301 2251
f 2250 2251 1301
f 124 1781 2253
f 460 2252 1781
f 576 2253 2252
f 1781 2252 2253
f 335 2251 2249
f 576 2252 2251
f 460 2249 2252
f 2251 2252 2249
f 25 2254 1313
f 577 2255 2254
f 339 1313 2255
f 2254 2255 1313
f 152 2256 2258
f 578 2257 2256
f 577 2258 2257
f 2256 2257 2258
f 91 1318 2260
f 339 2259 1318
f 578 2260 2259
f 1318 2259 2260
f 577 2257 2255
f 578 2259 2257
f 339 2255 2259
f 2257 2259 2255
f 36 1786 2262
f 464 2261 1786
f 580 2262 2261
f 1786 2261 2262
f 124 2263 1790
f 579 2264 2263
f 464 1790 2264
f 2263 2264 1790
f 152 2265 2267
f 580 2266 2265
f 579 2267 2266
f 2265 2266 2267
f 464 2264 2261
f 579 2266 2264
f 580 2261 2266
f 2264 2266 2261
f 91 2260 2250
f 578 2268 2260
f 576 2250 2268
f 2260 2268 2250
f 152 2267 2256
f 579 2269 2267
f 578 2256 2269
f 2267 2269 2256
f 124 2253 2263
f 576 2270 2253
f 579 2263 2270
f 2253 2270 2263
f 578 2269 2268
f 579 2270 2269
f 576 2268 2270
f 2269 2270 2268
f 12 1344 1269
f 346 2271 1344
f 326 1269 2271
f 1344 2271 1269
f 93 2272 1347
f 581 2273 2272
f 346 1347 2273
f 2272 2273 1347
f 87 1273 2275
f 326 2274 1273
f 581 2275 2274
f 1273 2274 2275
f 346 2273 2271
f 581 2274 2273
f 326 2271 2274
f 2273 2274 2271
f 28 2276 1357
f 582 2277 2276
f 349 1357 2277
f 2276 2277 1357
f 153 2278 2280
f 583 2279 2278
f 582 2280 2279
f 2278 2279 2280
f 93 1362 2282
f 349 2281 1362
f 583 2282 2281
f 1362 2281 2282
f 582 2279 2277
f 583 2281 2279
f 349 2277 2281
f 2279 2281 2277
f 25 1278 2284
f 330 2283 1278
f 585 2284 2283
f 1278 2283 2284
f 87 2285 1282
f 584 2286 2285
f 330 1282 2286
f 2285 2286 1282
f 153 2287 2289
f 585 2288 2287
f 584 2289 2288
f 2287 2288 2289
f 330 2286 2283
f 584 2288 2286
f 585 2283 2288
f 2286 2288 2283
f 93 2282 2272
f 583 2290 2282
f 581 2272 2290
f 2282 2290 2272
f 153 2289 2278
f 584 2291 2289
f 583 2278 2291
f 2289 2291 2278
f 87 2275 2285
f 581 2292 2275
f 584 2285 2292
f 2275 2292 2285
f 583 2291 2290
f 584 2292 2291
f 581 2290 2292
f 2291 2292 2290
f 36 2262 2232
f 580 2293 2262
f 572 2232 2293
f 2262 2293 2232
f 152 2294 2265
f 586 2295 2294
f 580 2265 2295
f 2294 2295 2265
f 151 2236 2297
f 572 2296 2236
f 586 2297 2296
f 2236 2296 2297
f 580 2295 2293
f 586 2296 2295
f 572 2293 2296
f 2295 2296 2293
f 25 2284 2254
f 585 2298 2284
f 577 2254 2298
f 2284 2298 2254
f 153 2299 2287
f 587 2300 2299
f 585 2287 2300
f 2299 2300 2287
f 152 2258 2302
f 577 2301 2258
f 587 2302 2301
f 2258 2301 2302
f 585 2300 2298
f 587 2301 2300
f 577 2298 2301
f 2300 2301 2298
f 28 2240 2276
f 575 2303 2240
f 582 2276 2303
f 2240 2303 2276
f 151 2304 2243
f 588 2305 2304
f 575 2243 2305
f 2304 2305 2243
f 153 2280 2307
f 582 2306 2280
f 588 2307 2306
f 2280 2306 2307
f 575 2305 2303
f 588 2306 2305
f 582 2303 2306
f 2305 2306 2303
f 152 2302 2294
f 587 2308 2302
f 586 2294 2308
f 2302 2308 2294
f 153 2307 2299
f 588 2309 2307
f 587 2299 2309
f 2307 2309 2299
f 151 2297 2304
f 586 2310 2297
f 588 2304 2310
f 2297 2310 2304
f 587 2309 2308
f 588 2310 2309
f 586 2308 2310
f 2309 2310 2308
f 7 1905 1495
f 495 2311 1905
f 385 1495 2311
f 1905 2311 1495
f 135 2312 1909
f 589 2313 2312
f 495 1909 2313
f 2312 2313 1909
f 103 1500 2315
f 385 2314 1500
f 589 2315 2314
f 1500 2314 2315
f 495 2313 2311
f 589 2314 2313
f 385 2311 2314
f 2313 2314 2311
f 38 2316 1921
f 590 2317 2316
f 499 1921 2317
f 2316 2317 1921
f 154 2318 2320
f 591 2319 2318
f 590 2320 2319
f 2318 2319 2320
f 135 1926 2322
f 499 2321 1926
f 591 2322 2321
f 1926 2321 2322
f 590 2319 2317
f 591 2321 2319
f 499 2317 2321
f 2319 2321 2317
f 30 1506 2324
f 390 2323 1506
f 593 2324 2323
f 1506 2323 2324
f 103 2325 1510
f 592 2326 2325
f 390 1510 2326
f 2325 2326 1510
f 154 2327 2329
f 593 2328 2327
f 592 2329 2328
f 2327 2328 2329
f 390 2326 2323
f 592 2328 2326
f 593 2323 2328
f 2326 2328 2323
f 135 2322 2312
f 591 2330 2322
f 589 2312 2330
f 2322 2330 2312
f 154 2329 2318
f 592 2331 2329
f 591 2318 2331
f 2329 2331 2318
f 103 2315 2325
f 589 2332 2315
f 592 2325 2332
f 2315 2332 2325
f 591 2331 2330
f 592 2332 2331
f 589 2330 2332
f 2331 2332 2330
f 3 1397 1877
f 361 2333 1397
f 486 1877 2333
f 1397 2333 1877
f 98 2334 1401
f 594 2335 2334
f 361 1401 2335
f 2334 2335 1401
f 131 1881 2337
f 486 2336 1881
f 594 2337 2336
f 1881 2336 2337
f 361 2335 2333
f 594 2336 2335
f 486 2333 2336
f 2335 2336 2333
f 27 2338 1413
f 595 2339 2338
f 365 1413 2339
f 2338 2339 1413
f 155 2340 2342
f 596 2341 2340
f 595 2342 2341
f 2340 2341 2342
f 98 1418 2344
f 365 2343 1418
f 596 2344 2343
f 1418 2343 2344
f 595 2341 2339
f 596 2343 2341
f 365 2339 2343
f 2341 2343 2339
f 38 1886 2346
f 490 2345 1886
f 598 2346 2345
f 1886 2345 2346
f 131 2347 1890
f 597 2348 2347
f 490 1890 2348
f 2347 2348 1890
f 155 2349 2351
f 598 2350 2349
f 597 2351 2350
f 2349 2350 2351
f 490 2348 2345
f 597 2350 2348
f 598 2345 2350
f 2348 2350 2345
f 98 2344 2334
f 596 2352 2344
f 594 2334 2352
f 2344 2352 2334
f 155 2351 2340
f 597 2353 2351
f 596 2340 2353
f 2351 2353 2340
f 131 2337 2347
f 594 2354 2337
f 597 2347 2354
f 2337 2354 2347
f 596 2353 2352
f 597 2354 2353
f 594 2352 2354
f 2353 2354 2352
f 11 1444 1369
f 372 2355 1444
f 352 1369 2355
f 1444 2355 1369
f 100 2356 1447
f 599 2357 2356
f 372 1447 2357
f 2356 2357 1447
f 94 1373 2359
f 352 2358 1373
f 599 2359 2358
f 1373 2358 2359
f 372 2357 2355
f 599 2358 2357
f 352 2355 2358
f 2357 2358 2355
f 30 2360 1457
f 600 2361 2360
f 375 1457 2361
f 2360 2361 1457
f 156 2362 2364
f 601 2363 2362
f 600 2364 2363
f 2362 2363 2364
f 100 1462 2366
f 375 2365 1462
f 601 2366 2365
f 1462 2365 2366
f 600 2363 2361
f 601 2365 2363
f 375 2361 2365
f 2363 2365 2361
f 27 1378 2368
f 356 2367 1378
f 603 2368 2367
f 1378 2367 2368
f 94 2369 1382
f 602 2370 2369
f 356 1382 2370
f 2369 2370 1382
f 156 2371 2373
f 603 2372 2371
f 602 2373 2372
f 2371 2372 2373
f 356 2370 2367
f 602 2372 2370
f 603 2367 2372
f 2370 2372 2367
f 100 2366 2356
f 601 2374 2366
f 599 2356 2374
f 2366 2374 2356
f 156 2373 2362
f 602 2375 2373
f 601 2362 2375
f 2373 2375 2362
f 94 2359 2369
f 599 2376 2359
f 602 2369 2376
f 2359 2376 2369
f 601 2375 2374
f 602 2376 2375
f 599 2374 2376
f 2375 2376 2374
f 38 2346 2316
f 598 2377 2346
f 590 2316 2377
f 2346 2377 2316
f 155 2378 2349
f 604 2379 2378
f 598 2349 2379
f 2378 2379 2349
f 154 2320 2381
f 590 2380 2320
f 604 2381 2380
f 2320 2380 2381
f 598 2379 2377
f 604 2380 2379
f 590 2377 2380
f 2379 2380 2377
f 27 2368 2338
f 603 2382 2368
f 595 2338 2382
f 2368 2382 2338
f 156 2383 2371
f 605 2384 2383
f 603 2371 2384
f 2383 2384 2371
f 155 2342 2386
f 595 2385 2342
f 605 2386 2385
f 2342 2385 2386
f 603 2384 2382
f 605 2385 2384
f 595 2382 2385
f 2384 2385 2382
f 30 2324 2360
f 593 2387 2324
f 600 2360 2387
f 2324 2387 2360
f 154 2388 2327
f 606 2389 2388
f 593 2327 2389
f 2388 2389 2327
f 156 2364 2391
f 600 2390 2364
f 606 2391 2390
f 2364 2390 2391
f 593 2389 2387
f 606 2390 2389
f 600 2387 2390
f 2389 2390 2387
f 155 2386 2378
f 605 2392 2386
f 604 2378 2392
f 2386 2392 2378
f 156 2391 2383
f 606 2393 2391
f 605 2383 2393
f 2391 2393 2383
f 154 2381 2388
f 604 2394 2381
f 606 2388 2394
f 2381 2394 2388
f 605 2393 2392
f 606 2394 2393
f 604 2392 2394
f 2393 2394 2392
f 9 2005 1595
f 521 2395 2005
f 411 1595 2395
f 2005 2395 1595
f 142 2396 2009
f 607 2397 2396
f 521 2009 2397
f 2396 2397 2009
f 110 1600 2399
f 411 2398 1600
f 607 2399 2398
f 1600 2398 2399
f 521 2397 2395
f 607 2398 2397
f 411 2395 2398
f 2397 2398 2395
f 40 2400 2021
f 608 2401 2400
f 525 2021 2401
f 2400 2401 2021
f 157 2402 2404
f 609 2403 2402
f 608 2404 2403
f 2402 2403 2404
f 142 2026 2406
f 525 2405 2026
f 609 2406 2405
f 2026 2405 2406
f 608 2403 2401
f 609 2405 2403
f 525 2401 2405
f 2403 2405 2401
f 32 1606 2408
f 416 2407 1606
f 611 2408 2407
f 1606 2407 2408
f 110 2409 1610
f 610 2410 2409
f 416 1610 2410
f 2409 2410 1610
f 157 2411 2413
f 611 2412 2411
f 610 2413 2412
f 2411 2412 2413
f 416 2410 2407
f 610 2412 2410
f 611 2407 2412
f 2410 2412 2407
f 142 2406 2396
f 609 2414 2406
f 607 2396 2414
f 2406 2414 2396
f 157 2413 2402
f 610 2415 2413
f 609 2402 2415
f 2413 2415 2402
f 110 2399 2409
f 607 2416 2399
f 610 2409 2416
f 2399 2416 2409
f 609 2415 2414
f 610 2416 2415
f 607 2414 2416
f 2415 2416 2414
f 7 1497 1977
f 387 2417 1497
f 512 1977 2417
f 1497 2417 1977
f 105 2418 1501
f 612 2419 2418
f 387 1501 2419
f 2418 2419 1501
f 138 1981 2421
f 512 2420 1981
f 612 2421 2420
f 1981 2420 2421
f 387 2419 2417
f 612 2420 2419
f 512 2417 2420
f 2419 2420 2417
f 29 2422 1513
f 613 2423 2422
f 391 1513 2423
f 2422 2423 1513
f 158 2424 2426
f 614 2425 2424
f 613 2426 2425
f 2424 2425 2426
f 105 1518 2428
f 391 2427 1518
f 614 2428 2427
f 1518 2427 2428
f 613 2425 2423
f 614 2427 2425
f 391 2423 2427
f 2425 2427 2423
f 40 1986 2430
f 516 2429 1986
f 616 2430 2429
f 1986 2429 2430
f 138 2431 1990
f 615 2432 2431
f 516 1990 2432
f 2431 2432 1990
f 158 2433 2435
f 616 2434 2433
f 615 2435 2434
f 2433 2434 2435
f 516 2432 2429
f 615 2434 2432
f 616 2429 2434
f 2432 2434 2429
f 105 2428 2418
f 614 2436 2428
f 612 2418 2436
f 2428 2436 2418
f 158 2435 2424
f 615 2437 2435
f 614 2424 2437
f 2435 2437 2424
f 138 2421 2431
f 612 2438 2421
f 615 2431 2438
f 2421 2438 2431
f 614 2437 2436
f 615 2438 2437
f 612 2436 2438
f 2437 2438 2436
f 8 1544 1469
f 398 2439 1544
f 378 1469 2439
f 1544 2439 1469
f 107 2440 1547
f 617 2441 2440
f 398 1547 2441
f 2440 2441 1547
f 101 1473 2443
f 378 2442 1473
f 617 2443 2442
f 1473 2442 2443
f 398 2441 2439
f 617 2442 2441
f 378 2439 2442
f 2441 2442 2439
f 32 2444 1557
f 618 2445 2444
f 401 1557 2445
f 2444 2445 1557
f 159 2446 2448
f 619 2447 2446
f 618 2448 2447
f 2446 2447 2448
f 107 1562 2450
f 401 2449 1562
f 619 2450 2449
f 1562 2449 2450
f 618 2447 2445
f 619 2449 2447
f 401 2445 2449
f 2447 2449 2445
f 29 1478 2452
f 382 2451 1478
f 621 2452 2451
f 1478 2451 2452
f 101 2453 1482
f 620 2454 2453
f 382 1482 2454
f 2453 2454 1482
f 159 2455 2457
f 621 2456 2455
f 620 2457 2456
f 2455 2456 2457
f 382 2454 2451
f 620 2456 2454
f 621 2451 2456
f 2454 2456 2451
f 107 2450 2440
f 619 2458 2450
f 617 2440 2458
f 2450 2458 2440
f 159 2457 2446
f 620 2459 2457
f 619 2446 2459
f 2457 2459 2446
f 101 2443 2453
f 617 2460 2443
f 620 2453 2460
f 2443 2460 2453
f 619 2459 2458
f 620 2460 2459
f 617 2458 2460
f 2459 2460 2458
f 40 2430 2400
f 616 2461 2430
f 608 2400 2461
f 2430 2461 2400
f 158 2462 2433
f 622 2463 2462
f 616 2433 2463
f 2462 2463 2433
f 157 2404 2465
f 608 2464 2404
f 622 2465 2464
f 2404 2464 2465
f 616 2463 2461
f 622 2464 2463
f 608 2461 2464
f 2463 2464 2461
f 29 2452 2422
f 621 2466 2452
f 613 2422 2466
f 2452 2466 2422
f 159 2467 2455
f 623 2468 2467
f 621 2455 2468
f 2467 2468 2455
f 158 2426 2470
f 613 2469 2426
f 623 2470 2469
f 2426 2469 2470
f 621 2468 2466
f 623 2469 2468
f 613 2466 2469
f 2468 2469 2466
f 32 2408 2444
f 611 2471 2408
f 618 2444 2471
f 2408 2471 2444
f 157 2472 2411
f 624 2473 2472
f 611 2411 2473
f 2472 2473 2411
f 159 2448 2475
f 618 2474 2448
f 624 2475 2474
f 2448 2474 2475
f 611 2473 2471
f 624 2474 2473
f 618 2471 2474
f 2473 2474 2471
f 158 2470 2462
f 623 2476 2470
f 622 2462 2476
f 2470 2476 2462
f 159 2475 2467
f 624 2477 2475
f 623 2467 2477
f 2475 2477 2467
f 157 2465 2472
f 622 2478 2465
f 624 2472 2478
f 2465 2478 2472
f 623 2477 2476
f 624 2478 2477
f 622 2476 2478
f 2477 2478 2476
f 10 2100 1195
f 544 2479 2100
f 307 1195 2479
f 2100 2479 1195
f 147 2480 2103
f 625 2481 2480
f 544 2103 2481
f 2480 2481 2103
f 82 1200 2483
f 307 2482 1200
f 625 2483 2482
f 1200 2482 2483
f 544 2481 2479
f 625 2482 2481
f 307 2479 2482
f 2481 2482 2479
f 42 2484 2113
f 626 2485 2484
f 547 2113 2485
f 2484 2485 2113
f 160 2486 2488
f 627 2487 2486
f 626 2488 2487
f 2486 2487 2488
f 147 2118 2490
f 547 2489 2118
f 627 2490 2489
f 2118 2489 2490
f 626 2487 2485
f 627 2489 2487
f 547 2485 2489
f 2487 2489 2485
f 24 1206 2492
f 312 2491 1206
f 629 2492 2491
f 1206 2491 2492
f 82 2493 1210
f 628 2494 2493
f 312 1210 2494
f 2493 2494 1210
f 160 2495 2497
f 629 2496 2495
f 628 2497 2496
f 2495 2496 2497
f 312 2494 2491
f 628 2496 2494
f 629 2491 2496
f 2494 2496 2491
f 147 2490 2480
f 627 2498 2490
f 625 2480 2498
f 2490 2498 2480
f 160 2497 2486
f 628 2499 2497
f 627 2486 2499
f 2497 2499 2486
f 82 2483 2493
f 625 2500 2483
f 628 2493 2500
f 2483 2500 2493
f 627 2499 2498
f 628 2500 2499
f 625 2498 2500
f 2499 2500 2498
f 9 1597 2073
f 413 2501 1597
f 536 2073 2501
f 1597 2501 2073
f 112 2502 1601
f 630 2503 2502
f 413 1601 2503
f 2502 2503 1601
f 144 2077 2505
f 536 2504 2077
f 630 2505 2504
f 2077 2504 2505
f 413 2503 2501
f 630 2504 2503
f 536 2501 2504
f 2503 2504 2501
f 31 2506 1613
f 631 2507 2506
f 417 1613 2507
f 2506 2507 1613
f 161 2508 2510
f 632 2509 2508
f 631 2510 2509
f 2508 2509 2510
f 112 1618 2512
f 417 2511 1618
f 632 2512 2511
f 1618 2511 2512
f 631 2509 2507
f 632 2511 2509
f 417 2507 2511
f 2509 2511 2507
f 42 2082 2514
f 540 2513 2082
f 634 2514 2513
f 2082 2513 2514
f 144 2515 2086
f 633 2516 2515
f 540 2086 2516
f 2515 2516 2086
f 161 2517 2519
f 634 2518 2517
f 633 2519 2518
f 2517 2518 2519
f 540 2516 2513
f 633 2518 2516
f 634 2513 2518
f 2516 2518 2513
f 112 2512 2502
f 632 2520 2512
f 630 2502 2520
f 2512 2520 2502
f 161 2519 2508
f 633 2521 2519
f 632 2508 2521
f 2519 2521 2508
f 144 2505 2515
f 630 2522 2505
f 633 2515 2522
f 2505 2522 2515
f 632 2521 2520
f 633 2522 2521
f 630 2520 2522
f 2521 2522 2520
f 2 1144 1569
f 294 2523 1144
f 404 1569 2523
f 1144 2523 1569
f 79 2524 1147
f 635 2525 2524
f 294 1147 2525
f 2524 2525 1147
f 108 1573 2527
f 404 2526 1573
f 635 2527 2526
f 1573 2526 2527
f 294 2525 2523
f 635 2526 2525
f 404 2523 2526
f 2525 2526 2523
f 24 2528 1157
f 636 2529 2528
f 297 1157 2529
f 2528 2529 1157
f 162 2530 2532
f 637 2531 2530
f 636 2532 2531
f 2530 2531 2532
f 79 1162 2534
f 297 2533 1162
f 637 2534 2533
f 1162 2533 2534
f 636 2531 2529
f 637 2533 2531
f 297 2529 2533
f 2531 2533 2529
f 31 1578 2536
f 408 2535 1578
f 639 2536 2535
f 1578 2535 2536
f 108 2537 1582
f 638 2538 2537
f 408 1582 2538
f 2537 2538 1582
f 162 2539 2541
f 639 2540 2539
f 638 2541 2540
f 2539 2540 2541
f 408 2538 2535
f 638 2540 2538
f 639 2535 2540
f 2538 2540 2535
f 79 2534 2524
f 637 2542 2534
f 635 2524 2542
f 2534 2542 2524
f 162 2541 2530
f 638 2543 2541
f 637 2530 2543
f 2541 2543 2530
f 108 2527 2537
f 635 2544 2527
f 638 2537 2544
f 2527 2544 2537
f 637 2543 2542
f 638 2544 2543
f 635 2542 2544
f 2543 2544 2542
f 42 2514 2484
f 634 2545 2514
f 626 2484 2545
f 2514 2545 2484
f 161 2546 2517
f 640 2547 2546
f 634 2517 2547
f 2546 2547 2517
f 160 2488 2549
f 626 2548 2488
f 640 2549 2548
f 2488 2548 2549
f 634 2547 2545
f 640 2548 2547
f 626 2545 2548
f 2547 2548 2545
f 31 2536 2506
f 639 2550 2536
f 631 2506 2550
f 2536 2550 2506
f 162 2551 2539
f 641 2552 2551
f 639 2539 2552
f 2551 2552 2539
f 161 2510 2554
f 631 2553 2510
f 641 2554 2553
f 2510 2553 2554
f 639 2552 2550
f 641 2553 2552
f 631 2550 2553
f 2552 2553 2550
f 24 2492 2528
f 629 2555 2492
f 636 2528 2555
f 2492 2555 2528
f 160 2556 2495
f 642 2557 2556
f 629 2495 2557
f 2556 2557 2495
f 162 2532 2559
f 636 2558 2532
f 642 2559 2558
f 2532 2558 2559
f 629 2557 2555
f 642 2558 2557
f 636 2555 2558
f 2557 2558 2555
f 161 2554 2546
f 641 2560 2554
f 640 2546 2560
f 2554 2560 2546
f 162 2559 2551
f 642 2561 2559
f 641 2551 2561
f 2559 2561 2551
f 160 2549 2556
f 640 2562 2549
f 642 2556 2562
f 2549 2562 2556
f 641 2561 2560
f 642 2562 2561
f 640 2560 2562
f 2561 2562 2560
